timestamp,cycle,tile_idx,col,row,x_fs,y_fs,z_fs,error_fs_x,error_fs_y,error_mag,dz_per_col,dz_per_row,dz_per_tile,af_z,af_score,event
06:57:05.421072,1,1,0,0,4121.375,704.625,177.9375,0.676,-0.171,0.697,0.170346,0.117215,-0.006064,,,landing
06:57:05.448910,1,1,0,0,4121.375,704.625,177.9375,,,,0.170346,0.117215,-0.006064,,,capture
06:57:06.529518,1,2,0,1,4131.844,703.750,178.0312,0.688,-0.059,0.690,0.170346,0.117215,-0.006064,,,landing
06:57:06.555811,1,2,0,1,4131.844,703.750,178.0312,,,,0.170346,0.117215,-0.006064,,,capture
06:57:14.635186,1,3,0,2,4142.938,703.000,178.1875,,,,0.170346,0.117215,-0.006064,178.1875,64.7,periodic_af
06:57:15.280119,1,3,0,2,4142.938,703.000,178.2188,0.377,0.326,0.498,0.170346,0.117215,-0.006064,,,landing
06:57:15.300354,1,3,0,2,4142.938,703.000,178.2188,,,,0.170346,0.117215,-0.006064,,,capture
06:57:16.319103,1,4,0,3,4153.406,702.625,178.3438,0.462,0.468,0.658,0.170346,0.117215,-0.006064,,,landing
06:57:16.340168,1,4,0,3,4153.406,702.625,178.3438,,,,0.170346,0.117215,-0.006064,,,capture
06:57:17.331348,1,5,0,4,4164.188,702.375,178.4688,-0.209,-0.112,0.237,0.170346,0.117215,-0.006064,,,landing
06:57:17.350345,1,5,0,4,4164.188,702.375,178.4688,,,,0.170346,0.117215,-0.006064,,,capture
06:57:25.001734,1,6,0,5,4174.531,701.750,178.2500,,,,0.170346,0.117215,-0.006064,178.2500,75.3,periodic_af
06:57:25.654397,1,6,0,5,4174.531,701.750,178.2500,-0.132,0.214,0.252,0.170346,0.117215,-0.006064,,,landing
06:57:25.679233,1,6,0,5,4174.531,701.750,178.2500,,,,0.170346,0.117215,-0.006064,,,capture
06:57:26.711878,1,7,0,6,4185.188,701.438,178.3750,0.000,0.430,0.430,0.170346,0.117215,-0.006064,,,landing
06:57:26.738483,1,7,0,6,4185.188,701.438,178.3750,,,,0.170346,0.117215,-0.006064,,,capture
06:57:27.731700,1,8,0,7,4195.812,701.344,178.5000,-0.125,0.709,0.720,0.170346,0.117215,-0.006064,,,landing
06:57:27.757736,1,8,0,7,4195.812,701.344,178.5000,,,,0.170346,0.117215,-0.006064,,,capture
06:57:35.690327,1,9,0,8,4206.281,702.062,178.5938,,,,0.170346,0.117215,-0.006064,178.5938,57.7,periodic_af
06:57:36.293155,1,9,0,8,4206.281,702.062,178.5625,-0.167,0.141,0.219,0.170346,0.117215,-0.006064,,,landing
06:57:36.320691,1,9,0,8,4206.281,702.062,178.5625,,,,0.170346,0.117215,-0.006064,,,capture
06:57:37.527727,1,10,0,9,4216.312,701.688,178.6562,0.681,0.171,0.702,0.170346,0.117215,-0.006064,,,landing
06:57:37.552187,1,10,0,9,4216.312,701.688,178.6562,,,,0.170346,0.117215,-0.006064,,,capture
06:57:38.635196,1,11,0,10,4227.312,701.312,178.6875,0.195,0.675,0.703,0.170346,0.117215,-0.006064,,,landing
06:57:38.661742,1,11,0,10,4227.312,701.312,178.6875,,,,0.170346,0.117215,-0.006064,,,capture
06:57:46.361985,1,12,0,11,4238.312,702.031,179.0000,,,,0.170346,0.117215,-0.006064,179.0000,62.6,periodic_af
06:57:46.977043,1,12,0,11,4238.312,702.031,179.0312,-0.103,0.329,0.344,0.170346,0.117215,-0.006064,,,landing
06:57:47.006855,1,12,0,11,4238.312,702.031,179.0312,,,,0.170346,0.117215,-0.006064,,,capture
06:57:48.049556,1,13,0,12,4249.094,702.375,179.1562,0.012,0.429,0.429,0.170346,0.117215,-0.006064,,,landing
06:57:48.086656,1,13,0,12,4249.094,702.375,179.1562,,,,0.170346,0.117215,-0.006064,,,capture
06:57:49.132017,1,14,0,13,4259.469,702.812,179.2812,0.173,-0.025,0.174,0.170346,0.117215,-0.006064,,,landing
06:57:49.154184,1,14,0,13,4259.469,702.812,179.2812,,,,0.170346,0.117215,-0.006064,,,capture
06:57:57.121593,1,15,0,14,4270.000,702.812,179.5312,,,,0.170346,0.117215,-0.006064,179.5312,82.4,periodic_af
06:57:57.731161,1,15,0,14,4270.000,702.812,179.5625,-0.073,-0.253,0.264,0.170346,0.117215,-0.006064,,,landing
06:57:57.777582,1,15,0,14,4270.000,702.812,179.5625,,,,0.170346,0.117215,-0.006064,,,capture
06:57:59.374512,1,16,0,15,4281.031,702.219,179.5000,-0.468,0.082,0.475,0.170346,0.117215,-0.006064,,,landing
06:57:59.393339,1,16,0,15,4281.031,702.219,179.5000,,,,0.170346,0.117215,-0.006064,,,capture
06:58:00.428930,1,17,0,16,4290.469,701.750,179.6250,1.039,0.296,1.081,0.170346,0.117215,-0.006064,,,landing
06:58:00.450771,1,17,0,16,4290.469,701.750,179.6250,,,,0.170346,0.117215,-0.006064,,,capture
06:58:08.527464,1,18,0,17,4301.438,701.312,179.7500,,,,0.170346,0.117215,-0.006064,179.7500,53.9,periodic_af
06:58:09.158239,1,18,0,17,4301.438,701.312,179.6562,0.100,-0.032,0.105,0.170346,0.117215,-0.006064,,,landing
06:58:09.184498,1,18,0,17,4301.438,701.312,179.6562,,,,0.170346,0.117215,-0.006064,,,capture
06:58:10.226992,1,19,0,18,4312.375,700.781,179.7500,-0.212,0.520,0.562,0.170346,0.117215,-0.006064,,,landing
06:58:10.252514,1,19,0,18,4312.375,700.781,179.7500,,,,0.170346,0.117215,-0.006064,,,capture
06:58:11.229776,1,20,0,19,4322.625,701.312,179.8750,0.310,0.228,0.385,0.170346,0.117215,-0.006064,,,landing
06:58:11.253762,1,20,0,19,4322.625,701.312,179.8750,,,,0.170346,0.117215,-0.006064,,,capture
06:58:19.220782,1,21,0,20,4333.781,701.562,179.9375,,,,0.170346,0.117215,-0.006064,179.9375,65.3,periodic_af
06:58:19.843891,1,21,0,20,4333.781,701.562,180.0625,0.331,0.398,0.518,0.170346,0.117215,-0.006064,,,landing
06:58:19.863599,1,21,0,20,4333.781,701.562,180.0625,,,,0.170346,0.117215,-0.006064,,,capture
06:58:20.962740,1,22,0,21,4344.031,701.250,180.1875,0.332,0.338,0.474,0.170346,0.117215,-0.006064,,,landing
06:58:20.973684,1,22,0,21,4344.031,701.250,180.1875,,,,0.170346,0.117215,-0.006064,,,capture
06:58:21.934294,1,23,0,22,4355.281,701.625,180.3125,-0.061,0.070,0.093,0.170346,0.117215,-0.006064,,,landing
06:58:21.968363,1,23,0,22,4355.281,701.625,180.3125,,,,0.170346,0.117215,-0.006064,,,capture
06:58:29.917619,1,24,0,23,4365.531,701.719,180.1875,,,,0.170346,0.117215,-0.006064,180.1875,75.4,periodic_af
06:58:30.443542,1,24,0,23,4365.531,701.719,180.1562,0.519,-0.012,0.519,0.170346,0.117215,-0.006064,,,landing
06:58:30.475066,1,24,0,23,4365.531,701.719,180.1562,,,,0.170346,0.117215,-0.006064,,,capture
06:58:31.545789,1,25,0,24,4375.781,700.969,180.2812,0.788,0.241,0.824,0.170346,0.117215,-0.006064,,,landing
06:58:31.562957,1,25,0,24,4375.781,700.969,180.2812,,,,0.170346,0.117215,-0.006064,,,capture
06:58:32.679164,1,26,0,25,4387.406,700.500,180.3750,-0.056,0.771,0.773,0.170346,0.117215,-0.006064,,,landing
06:58:32.690276,1,26,0,25,4387.406,700.500,180.3750,,,,0.170346,0.117215,-0.006064,,,capture
06:58:40.427165,1,27,0,26,4398.344,701.406,180.4688,,,,0.170346,0.117215,-0.006064,180.4688,65.8,periodic_af
06:58:41.044370,1,27,0,26,4398.344,701.406,180.4688,-0.178,0.249,0.306,0.170346,0.117215,-0.006064,,,landing
06:58:41.066884,1,27,0,26,4398.344,701.406,180.4688,,,,0.170346,0.117215,-0.006064,,,capture
06:58:42.022130,1,28,0,27,4408.844,701.688,180.5625,-0.038,-0.048,0.061,0.170346,0.117215,-0.006064,,,landing
06:58:42.046303,1,28,0,27,4408.844,701.688,180.5625,,,,0.170346,0.117215,-0.006064,,,capture
06:58:43.035682,1,29,0,28,4419.812,701.656,180.6875,-0.399,-0.150,0.426,0.170346,0.117215,-0.006064,,,landing
06:58:43.062219,1,29,0,28,4419.812,701.656,180.6875,,,,0.170346,0.117215,-0.006064,,,capture
06:58:51.093786,1,30,0,29,4429.938,701.531,180.8125,,,,0.170346,0.117215,-0.006064,180.8125,70.3,periodic_af
06:58:51.729232,1,30,0,29,4429.938,701.531,180.8438,0.240,-0.022,0.241,0.170346,0.117215,-0.006064,,,landing
06:58:51.759931,1,30,0,29,4429.938,701.531,180.8438,,,,0.170346,0.117215,-0.006064,,,capture
06:58:52.998951,1,31,0,30,4441.156,701.000,180.8750,-0.702,-0.056,0.704,0.170346,0.117215,-0.006064,,,landing
06:58:53.025989,1,31,0,30,4441.156,701.000,180.8750,,,,0.170346,0.117215,-0.006064,,,capture
06:58:54.230111,1,32,1,30,4439.906,685.688,181.0312,-0.192,-5.967,5.970,0.170346,0.117215,-0.006064,,,landing
06:58:55.079522,1,32,1,30,4439.719,680.000,181.0312,,,,0.170346,0.117215,-0.006064,,,capture
06:59:03.278386,1,33,2,30,4439.094,664.812,180.9688,,,,0.170346,0.117215,-0.006064,180.9688,86.9,periodic_af
06:59:03.830373,1,33,2,30,4439.094,664.812,181.1562,0.320,-0.017,0.321,0.170346,0.117215,-0.006064,,,landing
06:59:03.860557,1,33,2,30,4439.094,664.812,181.1562,,,,0.170346,0.117215,-0.006064,,,capture
06:59:04.953480,1,34,3,30,4438.875,650.094,181.3125,0.298,0.271,0.403,0.170346,0.117215,-0.006064,,,landing
06:59:04.980285,1,34,3,30,4438.875,650.094,181.3125,,,,0.170346,0.117215,-0.006064,,,capture
06:59:06.256781,1,35,4,30,4438.625,635.188,181.4688,0.204,0.929,0.951,0.170346,0.117215,-0.006064,,,landing
06:59:06.269795,1,35,4,30,4438.625,635.188,181.4688,,,,0.170346,0.117215,-0.006064,,,capture
06:59:14.057442,1,36,5,30,4438.281,620.531,181.4688,,,,0.170346,0.117215,-0.006064,181.4688,87.0,periodic_af
06:59:14.688181,1,36,5,30,4438.281,620.531,181.3438,0.244,1.245,1.268,0.170346,0.117215,-0.006064,,,landing
06:59:14.719715,1,36,5,30,4438.281,620.531,181.3438,,,,0.170346,0.117215,-0.006064,,,capture
06:59:15.862666,1,37,6,30,4437.938,606.344,181.5000,0.366,1.254,1.306,0.170346,0.117215,-0.006064,,,landing
06:59:15.875446,1,37,6,30,4437.938,606.344,181.5000,,,,0.170346,0.117215,-0.006064,,,capture
06:59:16.929408,1,38,7,30,4437.781,592.125,181.6562,0.362,1.582,1.623,0.170346,0.117215,-0.006064,,,landing
06:59:16.955412,1,38,7,30,4437.781,592.125,181.6562,,,,0.170346,0.117215,-0.006064,,,capture
06:59:24.928352,1,39,8,30,4437.625,578.312,182.1562,,,,0.170346,0.117215,-0.006064,182.1562,69.9,periodic_af
06:59:25.561874,1,39,8,30,4437.625,578.312,182.1562,0.764,3.052,3.146,0.170346,0.117215,-0.006064,,,landing
06:59:26.582292,1,39,8,30,4438.375,581.375,182.1562,,,,0.170346,0.117215,-0.006064,,,capture
06:59:27.744287,1,40,9,30,4437.625,566.344,182.3125,0.668,0.283,0.725,0.170346,0.117215,-0.006064,,,landing
06:59:27.759566,1,40,9,30,4437.625,566.344,182.3125,,,,0.170346,0.117215,-0.006064,,,capture
06:59:28.831967,1,41,10,30,4437.344,551.250,182.4688,0.129,0.879,0.889,0.170346,0.117215,-0.006064,,,landing
06:59:28.857855,1,41,10,30,4437.344,551.250,182.4688,,,,0.170346,0.117215,-0.006064,,,capture
06:59:36.860638,1,42,11,30,4436.969,537.500,182.2188,,,,0.170346,0.117215,-0.006064,182.2188,73.5,periodic_af
06:59:37.450584,1,42,11,30,4436.969,537.500,182.1562,0.235,1.396,1.415,0.170346,0.117215,-0.006064,,,landing
06:59:37.486281,1,42,11,30,4436.969,537.500,182.1562,,,,0.170346,0.117215,-0.006064,,,capture
06:59:38.746915,1,43,12,30,4436.719,524.094,182.3125,0.334,-0.056,0.339,0.170346,0.117215,-0.006064,,,landing
06:59:38.759557,1,43,12,30,4436.719,524.094,182.3125,,,,0.170346,0.117215,-0.006064,,,capture
06:59:39.859941,1,44,13,30,4436.562,509.188,182.4688,0.934,-0.766,1.208,0.170346,0.117215,-0.006064,,,landing
06:59:39.884387,1,44,13,30,4436.562,509.188,182.4688,,,,0.170346,0.117215,-0.006064,,,capture
06:59:47.945104,1,45,14,30,4437.000,493.906,182.7500,,,,0.170346,0.117215,-0.006064,182.7500,85.9,periodic_af
06:59:48.567095,1,45,14,30,4437.000,493.906,182.7188,-0.381,-0.027,0.382,0.170346,0.117215,-0.006064,,,landing
06:59:48.585510,1,45,14,30,4437.000,493.906,182.7188,,,,0.170346,0.117215,-0.006064,,,capture
06:59:49.680726,1,46,15,30,4436.156,478.281,182.8750,0.314,-0.798,0.857,0.170346,0.117215,-0.006064,,,landing
06:59:49.710418,1,46,15,30,4436.156,478.281,182.8750,,,,0.170346,0.117215,-0.006064,,,capture
06:59:50.863227,1,47,16,30,4436.000,463.031,183.0312,0.055,0.648,0.651,0.170346,0.117215,-0.006064,,,landing
06:59:50.889244,1,47,16,30,4436.000,463.031,183.0312,,,,0.170346,0.117215,-0.006064,,,capture
06:59:58.944212,1,48,17,30,4435.594,448.438,183.2500,,,,0.170346,0.117215,-0.006064,183.2500,82.1,periodic_af
06:59:59.530607,1,48,17,30,4435.594,448.438,183.1875,0.732,0.244,0.772,0.170346,0.117215,-0.006064,,,landing
06:59:59.566944,1,48,17,30,4435.594,448.438,183.1875,,,,0.170346,0.117215,-0.006064,,,capture
07:00:00.924070,1,49,18,30,4435.438,433.688,183.3438,0.129,0.254,0.285,0.170346,0.117215,-0.006064,,,landing
07:00:00.944978,1,49,18,30,4435.438,433.688,183.3438,,,,0.170346,0.117215,-0.006064,,,capture
07:00:02.085378,1,50,19,30,4435.062,418.312,183.5000,0.297,1.624,1.651,0.170346,0.117215,-0.006064,,,landing
07:00:02.096740,1,50,19,30,4435.062,418.312,183.5000,,,,0.170346,0.117215,-0.006064,,,capture
07:00:09.979244,1,51,20,30,4434.875,404.969,183.5312,,,,0.170346,0.117215,-0.006064,183.5312,87.6,periodic_af
07:00:10.571355,1,51,20,30,4434.875,404.969,183.5000,0.090,1.128,1.131,0.170346,0.117215,-0.006064,,,landing
07:00:10.599662,1,51,20,30,4434.875,404.969,183.5000,,,,0.170346,0.117215,-0.006064,,,capture
07:00:11.685046,1,52,21,30,4434.500,390.781,183.6562,0.242,1.552,1.571,0.170346,0.117215,-0.006064,,,landing
07:00:11.718697,1,52,21,30,4434.500,390.781,183.6562,,,,0.170346,0.117215,-0.006064,,,capture
07:00:12.702135,1,53,22,30,4434.312,377.250,183.8125,0.175,1.408,1.418,0.170346,0.117215,-0.006064,,,landing
07:00:12.722697,1,53,22,30,4434.312,377.250,183.8125,,,,0.170346,0.117215,-0.006064,,,capture
07:00:20.589113,1,54,23,30,4434.062,363.469,183.9375,,,,0.170346,0.117215,-0.006064,183.9375,92.2,periodic_af
07:00:21.143778,1,54,23,30,4434.062,363.469,183.9375,0.607,2.550,2.621,0.170346,0.117215,-0.006064,,,landing
07:00:22.070188,1,54,23,30,4435.094,366.094,183.9375,,,,0.170346,0.117215,-0.006064,,,capture
07:00:23.164333,1,55,24,30,4433.906,351.281,184.0938,0.053,-0.251,0.257,0.170346,0.117215,-0.006064,,,landing
07:00:23.192505,1,55,24,30,4433.906,351.281,184.0938,,,,0.170346,0.117215,-0.006064,,,capture
07:00:24.326413,1,56,25,30,4433.531,335.938,184.2500,0.124,1.130,1.137,0.170346,0.117215,-0.006064,,,landing
07:00:24.346706,1,56,25,30,4433.531,335.938,184.2500,,,,0.170346,0.117215,-0.006064,,,capture
07:00:32.488000,1,57,26,30,4433.219,322.375,184.3438,,,,0.170346,0.117215,-0.006064,184.3438,110.6,periodic_af
07:00:33.057317,1,57,26,30,4433.219,322.375,184.3438,0.185,0.539,0.570,0.170346,0.117215,-0.006064,,,landing
07:00:33.099084,1,57,26,30,4433.219,322.375,184.3438,,,,0.170346,0.117215,-0.006064,,,capture
07:00:34.281465,1,58,27,30,4432.969,307.938,184.4688,0.267,0.636,0.690,0.170346,0.117215,-0.006064,,,landing
07:00:34.309295,1,58,27,30,4432.969,307.938,184.4688,,,,0.170346,0.117215,-0.006064,,,capture
07:00:35.588341,1,59,28,30,4432.812,293.906,184.6250,0.651,0.088,0.657,0.170346,0.117215,-0.006064,,,landing
07:00:35.621226,1,59,28,30,4432.812,293.906,184.6250,,,,0.170346,0.117215,-0.006064,,,capture
07:00:43.308338,1,60,29,30,4432.688,278.781,185.1875,,,,0.170346,0.117215,-0.006064,185.1875,89.8,periodic_af
07:00:43.965516,1,60,29,30,4432.688,278.781,185.1875,-0.095,-0.068,0.117,0.170346,0.117215,-0.006064,,,landing
07:00:43.995341,1,60,29,30,4432.688,278.781,185.1875,,,,0.170346,0.117215,-0.006064,,,capture
07:00:45.187195,1,61,30,30,4432.188,264.406,185.3438,0.222,-0.130,0.258,0.170346,0.117215,-0.006064,,,landing
07:00:45.216447,1,61,30,30,4432.188,264.406,185.3438,,,,0.170346,0.117215,-0.006064,,,capture
07:00:46.229053,1,62,30,29,4422.094,264.812,185.2188,0.268,0.216,0.344,0.170346,0.117215,-0.006064,,,landing
07:00:46.254328,1,62,30,29,4422.094,264.812,185.2188,,,,0.170346,0.117215,-0.006064,,,capture
07:00:54.294308,1,63,30,28,4411.156,265.594,184.7500,,,,0.170346,0.117215,-0.006064,184.7500,105.4,periodic_af
07:00:54.802228,1,63,30,28,4411.156,265.594,184.7500,0.284,-0.368,0.465,0.170346,0.117215,-0.006064,,,landing
07:00:54.826326,1,63,30,28,4411.156,265.594,184.7500,,,,0.170346,0.117215,-0.006064,,,capture
07:00:55.995988,1,64,30,27,4400.875,265.750,184.6250,0.255,-0.003,0.255,0.170346,0.117215,-0.006064,,,landing
07:00:56.021654,1,64,30,27,4400.875,265.750,184.6250,,,,0.170346,0.117215,-0.006064,,,capture
07:00:57.040166,1,65,30,26,4390.750,266.250,184.5000,-0.209,-0.734,0.763,0.170346,0.117215,-0.006064,,,landing
07:00:57.077414,1,65,30,26,4390.750,266.250,184.5000,,,,0.170346,0.117215,-0.006064,,,capture
07:01:05.092620,1,66,30,25,4379.781,265.500,184.0312,,,,0.170346,0.117215,-0.006064,184.0312,86.0,periodic_af
07:01:05.689498,1,66,30,25,4379.781,265.500,184.0312,-0.088,0.001,0.088,0.170346,0.117215,-0.006064,,,landing
07:01:05.721268,1,66,30,25,4379.781,265.500,184.0312,,,,0.170346,0.117215,-0.006064,,,capture
07:01:06.670513,1,67,30,24,4368.906,265.469,183.9062,-0.133,-0.107,0.171,0.170346,0.117215,-0.006064,,,landing
07:01:06.695561,1,67,30,24,4368.906,265.469,183.9062,,,,0.170346,0.117215,-0.006064,,,capture
07:01:07.762276,1,68,30,23,4357.906,265.344,183.7812,0.317,0.130,0.343,0.170346,0.117215,-0.006064,,,landing
07:01:07.782164,1,68,30,23,4357.906,265.344,183.7812,,,,0.170346,0.117215,-0.006064,,,capture
07:01:15.779308,1,69,30,22,4347.312,265.438,183.8438,,,,0.170346,0.117215,-0.006064,183.8438,77.8,periodic_af
07:01:16.369255,1,69,30,22,4347.312,265.438,183.8438,0.189,0.148,0.241,0.170346,0.117215,-0.006064,,,landing
07:01:16.400051,1,69,30,22,4347.312,265.438,183.8438,,,,0.170346,0.117215,-0.006064,,,capture
07:01:17.471145,1,70,30,21,4336.469,265.594,183.7188,0.239,0.197,0.310,0.170346,0.117215,-0.006064,,,landing
07:01:17.499078,1,70,30,21,4336.469,265.594,183.7188,,,,0.170346,0.117215,-0.006064,,,capture
07:01:18.553109,1,71,30,20,4326.188,265.781,183.5938,-0.136,0.124,0.184,0.170346,0.117215,-0.006064,,,landing
07:01:18.564416,1,71,30,20,4326.188,265.781,183.5938,,,,0.170346,0.117215,-0.006064,,,capture
07:01:26.543230,1,72,30,19,4315.219,265.875,183.5938,,,,0.170346,0.117215,-0.006064,183.5938,83.0,periodic_af
07:01:27.148972,1,72,30,19,4315.219,265.875,183.5938,0.426,0.140,0.448,0.170346,0.117215,-0.006064,,,landing
07:01:27.173740,1,72,30,19,4315.219,265.875,183.5938,,,,0.170346,0.117215,-0.006064,,,capture
07:01:28.367615,1,73,30,18,4304.875,266.000,183.4688,0.108,0.164,0.196,0.170346,0.117215,-0.006064,,,landing
07:01:28.400664,1,73,30,18,4304.875,266.000,183.4688,,,,0.170346,0.117215,-0.006064,,,capture
07:01:29.427506,1,74,30,17,4294.062,266.125,183.3438,0.292,0.128,0.319,0.170346,0.117215,-0.006064,,,landing
07:01:29.449598,1,74,30,17,4294.062,266.125,183.3438,,,,0.170346,0.117215,-0.006064,,,capture
07:01:37.035581,1,75,30,16,4283.594,266.219,183.3438,,,,0.170346,0.117215,-0.006064,183.3438,82.2,periodic_af
07:01:37.616413,1,75,30,16,4283.594,266.219,183.3438,0.041,0.076,0.086,0.170346,0.117215,-0.006064,,,landing
07:01:37.643403,1,75,30,16,4283.594,266.219,183.3438,,,,0.170346,0.117215,-0.006064,,,capture
07:01:38.634590,1,76,30,15,4272.906,266.250,183.2188,0.132,0.111,0.173,0.170346,0.117215,-0.006064,,,landing
07:01:38.659935,1,76,30,15,4272.906,266.250,183.2188,,,,0.170346,0.117215,-0.006064,,,capture
07:01:39.729206,1,77,30,14,4262.219,266.344,183.0938,0.177,0.177,0.250,0.170346,0.117215,-0.006064,,,landing
07:01:39.759068,1,77,30,14,4262.219,266.344,183.0938,,,,0.170346,0.117215,-0.006064,,,capture
07:01:47.568162,1,78,30,13,4251.500,266.500,182.7188,,,,0.170346,0.117215,-0.006064,182.7188,97.2,periodic_af
07:01:48.130670,1,78,30,13,4251.500,266.500,182.7188,0.229,0.174,0.288,0.170346,0.117215,-0.006064,,,landing
07:01:48.161436,1,78,30,13,4251.500,266.500,182.7188,,,,0.170346,0.117215,-0.006064,,,capture
07:01:49.517384,1,79,30,12,4241.531,266.656,182.5938,-0.254,0.071,0.264,0.170346,0.117215,-0.006064,,,landing
07:01:49.529772,1,79,30,12,4241.531,266.656,182.5938,,,,0.170346,0.117215,-0.006064,,,capture
07:01:50.518145,1,80,30,11,4230.344,266.688,182.4688,0.484,0.029,0.485,0.170346,0.117215,-0.006064,,,landing
07:01:50.538226,1,80,30,11,4230.344,266.688,182.4688,,,,0.170346,0.117215,-0.006064,,,capture
07:01:58.315291,1,81,30,10,4219.875,266.688,182.7812,,,,0.170346,0.117215,-0.006064,182.7812,69.8,periodic_af
07:01:58.949017,1,81,30,10,4219.875,266.688,182.7812,0.443,0.106,0.456,0.170346,0.117215,-0.006064,,,landing
07:01:58.972157,1,81,30,10,4219.875,266.688,182.7812,,,,0.170346,0.117215,-0.006064,,,capture
07:01:59.931307,1,82,30,9,4209.344,266.781,182.6250,0.189,0.066,0.200,0.170346,0.117215,-0.006064,,,landing
07:01:59.958401,1,82,30,9,4209.344,266.781,182.6250,,,,0.170346,0.117215,-0.006064,,,capture
07:02:01.041362,1,83,30,8,4198.594,266.812,182.5000,0.398,0.205,0.447,0.170346,0.117215,-0.006064,,,landing
07:02:01.062472,1,83,30,8,4198.594,266.812,182.5000,,,,0.170346,0.117215,-0.006064,,,capture
07:02:09.168301,1,84,30,7,4188.500,266.969,181.9688,,,,0.170346,0.117215,-0.006064,181.9688,98.0,periodic_af
07:02:09.721270,1,84,30,7,4188.500,266.969,181.9375,-0.112,0.112,0.159,0.170346,0.117215,-0.006064,,,landing
07:02:09.748207,1,84,30,7,4188.500,266.969,181.9375,,,,0.170346,0.117215,-0.006064,,,capture
07:02:10.859419,1,85,30,6,4177.719,267.031,181.8125,0.071,0.116,0.136,0.170346,0.117215,-0.006064,,,landing
07:02:10.872516,1,85,30,6,4177.719,267.031,181.8125,,,,0.170346,0.117215,-0.006064,,,capture
07:02:11.937869,1,86,30,5,4167.531,267.125,181.6875,-0.241,0.121,0.269,0.170346,0.117215,-0.006064,,,landing
07:02:11.967456,1,86,30,5,4167.531,267.125,181.6875,,,,0.170346,0.117215,-0.006064,,,capture
07:02:19.827217,1,87,30,4,4156.562,267.219,181.3125,,,,0.170346,0.117215,-0.006064,181.3125,71.6,periodic_af
07:02:20.442498,1,87,30,4,4156.562,267.219,181.3125,-0.076,0.056,0.095,0.170346,0.117215,-0.006064,,,landing
07:02:20.465222,1,87,30,4,4156.562,267.219,181.3125,,,,0.170346,0.117215,-0.006064,,,capture
07:02:21.466141,1,88,30,3,4145.625,267.250,181.1562,0.193,0.114,0.224,0.170346,0.117215,-0.006064,,,landing
07:02:21.480673,1,88,30,3,4145.625,267.250,181.1562,,,,0.170346,0.117215,-0.006064,,,capture
07:02:22.434954,1,89,30,2,4135.000,267.344,181.0312,0.176,0.158,0.236,0.170346,0.117215,-0.006064,,,landing
07:02:22.465094,1,89,30,2,4135.000,267.344,181.0312,,,,0.170346,0.117215,-0.006064,,,capture
07:02:30.520407,1,90,30,1,4124.250,267.500,181.3438,,,,0.170346,0.117215,-0.006064,181.3438,75.5,periodic_af
07:02:31.084433,1,90,30,1,4124.250,267.500,181.3438,0.334,0.184,0.381,0.170346,0.117215,-0.006064,,,landing
07:02:31.117784,1,90,30,1,4124.250,267.500,181.3438,,,,0.170346,0.117215,-0.006064,,,capture
07:02:32.289478,1,91,30,0,4113.688,267.656,181.2188,0.298,0.126,0.324,0.170346,0.117215,-0.006064,,,landing
07:02:32.315556,1,91,30,0,4113.688,267.656,181.2188,,,,0.170346,0.117215,-0.006064,,,capture
07:02:33.421410,1,92,29,0,4113.906,282.500,181.0312,0.079,0.061,0.100,0.170346,0.117215,-0.006064,,,landing
07:02:33.440983,1,92,29,0,4113.906,282.500,181.0312,,,,0.170346,0.117215,-0.006064,,,capture
07:02:41.292138,1,93,28,0,4114.406,297.531,181.0938,,,,0.170346,0.117215,-0.006064,181.0938,75.4,periodic_af
07:02:41.867668,1,93,28,0,4114.406,297.531,181.1562,-0.111,1.623,1.627,0.170346,0.117215,-0.006064,,,landing
07:02:41.887524,1,93,28,0,4114.406,297.531,181.1562,,,,0.170346,0.117215,-0.006064,,,capture
07:02:43.090776,1,94,27,0,4114.719,314.656,181.0000,-0.232,0.796,0.829,0.170346,0.117215,-0.006064,,,landing
07:02:43.124905,1,94,27,0,4114.719,314.656,181.0000,,,,0.170346,0.117215,-0.006064,,,capture
07:02:44.140011,1,95,26,0,4114.906,330.469,180.8125,0.195,3.860,3.864,0.170346,0.117215,-0.006064,,,landing
07:02:44.966816,1,95,26,0,4114.938,334.625,180.8125,,,,0.170346,0.117215,-0.006064,,,capture
07:02:53.132714,1,96,25,0,4115.500,348.844,180.2188,,,,0.170346,0.117215,-0.006064,180.2188,91.2,periodic_af
07:02:53.745651,1,96,25,0,4115.500,348.844,180.1562,-0.239,0.179,0.298,0.170346,0.117215,-0.006064,,,landing
07:02:53.767511,1,96,25,0,4115.500,348.844,180.1562,,,,0.170346,0.117215,-0.006064,,,capture
07:02:54.753977,1,97,24,0,4115.188,363.688,179.9688,0.526,-0.269,0.591,0.170346,0.117215,-0.006064,,,landing
07:02:54.780186,1,97,24,0,4115.188,363.688,179.9688,,,,0.170346,0.117215,-0.006064,,,capture
07:02:55.844435,1,98,23,0,4116.125,378.375,179.7812,-0.101,-1.523,1.527,0.170346,0.117215,-0.006064,,,landing
07:02:55.869088,1,98,23,0,4116.125,378.375,179.7812,,,,0.170346,0.117215,-0.006064,,,capture
07:03:03.588373,1,99,22,0,4116.438,391.875,179.2188,,,,0.170346,0.117215,-0.006064,179.2188,60.8,periodic_af
07:03:04.155939,1,99,22,0,4116.438,391.875,179.2188,-0.024,-0.991,0.991,0.170346,0.117215,-0.006064,,,landing
07:03:04.190854,1,99,22,0,4116.438,391.875,179.2188,,,,0.170346,0.117215,-0.006064,,,capture
07:03:05.369606,1,100,21,0,4116.812,406.094,179.0312,-0.217,-1.521,1.537,0.170346,0.117215,-0.006064,,,landing
07:03:05.397791,1,100,21,0,4116.812,406.094,179.0312,,,,0.170346,0.117215,-0.006064,,,capture
07:03:06.445308,1,101,20,0,4117.000,419.344,178.8438,-0.135,-0.957,0.966,0.170346,0.117215,-0.006064,,,landing
07:03:06.472179,1,101,20,0,4117.000,419.344,178.8438,,,,0.170346,0.117215,-0.006064,,,capture
07:03:14.246004,1,102,19,0,4117.250,433.406,179.0000,,,,0.170346,0.117215,-0.006064,179.0000,80.7,periodic_af
07:03:14.889444,1,102,19,0,4117.250,433.406,178.9688,-0.096,-1.490,1.493,0.170346,0.117215,-0.006064,,,landing
07:03:14.909924,1,102,19,0,4117.250,433.406,178.9688,,,,0.170346,0.117215,-0.006064,,,capture
07:03:15.872744,1,103,18,0,4117.719,447.062,178.7812,-0.309,-0.509,0.595,0.170346,0.117215,-0.006064,,,landing
07:03:15.893876,1,103,18,0,4117.719,447.062,178.7812,,,,0.170346,0.117215,-0.006064,,,capture
07:03:16.932940,1,104,17,0,4117.781,460.906,178.5938,-0.600,0.115,0.611,0.170346,0.117215,-0.006064,,,landing
07:03:16.965264,1,104,17,0,4117.781,460.906,178.5938,,,,0.170346,0.117215,-0.006064,,,capture
07:03:24.500123,1,105,16,0,4117.562,476.188,178.5312,,,,0.170346,0.117215,-0.006064,178.5312,64.5,periodic_af
07:03:25.152376,1,105,16,0,4117.562,476.188,178.5000,0.198,-0.822,0.846,0.170346,0.117215,-0.006064,,,landing
07:03:25.176251,1,105,16,0,4117.562,476.188,178.5000,,,,0.170346,0.117215,-0.006064,,,capture
07:03:26.320643,1,106,15,0,4118.125,490.125,178.3125,-0.296,0.207,0.361,0.170346,0.117215,-0.006064,,,landing
07:03:26.344264,1,106,15,0,4118.125,490.125,178.3125,,,,0.170346,0.117215,-0.006064,,,capture
07:03:27.454586,1,107,14,0,4117.750,504.188,178.1250,0.459,-0.731,0.863,0.170346,0.117215,-0.006064,,,landing
07:03:27.467644,1,107,14,0,4117.750,504.188,178.1250,,,,0.170346,0.117215,-0.006064,,,capture
07:03:35.331106,1,108,13,0,4118.594,517.875,178.4062,,,,0.170346,0.117215,-0.006064,178.4062,66.6,periodic_af
07:03:35.908310,1,108,13,0,4118.594,517.875,178.4062,-0.487,1.517,1.594,0.170346,0.117215,-0.006064,,,landing
07:03:35.939017,1,108,13,0,4118.594,517.875,178.4062,,,,0.170346,0.117215,-0.006064,,,capture
07:03:37.019395,1,109,12,0,4118.438,533.812,178.2188,0.027,-0.292,0.294,0.170346,0.117215,-0.006064,,,landing
07:03:37.039497,1,109,12,0,4118.438,533.812,178.2188,,,,0.170346,0.117215,-0.006064,,,capture
07:03:38.131985,1,110,11,0,4118.375,548.156,178.0312,0.521,-0.718,0.887,0.170346,0.117215,-0.006064,,,landing
07:03:38.158341,1,110,11,0,4118.375,548.156,178.0312,,,,0.170346,0.117215,-0.006064,,,capture
07:03:46.140841,1,111,10,0,4119.281,562.219,177.9062,,,,0.170346,0.117215,-0.006064,177.9062,68.0,periodic_af
07:03:46.737160,1,111,10,0,4119.281,562.219,177.9062,-0.217,0.454,0.503,0.170346,0.117215,-0.006064,,,landing
07:03:46.770933,1,111,10,0,4119.281,562.219,177.9062,,,,0.170346,0.117215,-0.006064,,,capture
07:03:47.961312,1,112,9,0,4119.000,576.688,177.7188,0.377,-0.937,1.010,0.170346,0.117215,-0.006064,,,landing
07:03:47.973797,1,112,9,0,4119.000,576.688,177.7188,,,,0.170346,0.117215,-0.006064,,,capture
07:03:49.031471,1,113,8,0,4119.750,590.094,177.5625,-0.275,0.138,0.308,0.170346,0.117215,-0.006064,,,landing
07:03:49.051759,1,113,8,0,4119.750,590.094,177.5625,,,,0.170346,0.117215,-0.006064,,,capture
07:03:57.217743,1,114,7,0,4119.406,604.469,177.1562,,,,0.170346,0.117215,-0.006064,177.1562,69.7,periodic_af
07:03:57.755204,1,114,7,0,4119.406,604.469,177.1875,0.507,-1.072,1.186,0.170346,0.117215,-0.006064,,,landing
07:03:57.776977,1,114,7,0,4119.406,604.469,177.1875,,,,0.170346,0.117215,-0.006064,,,capture
07:03:58.853388,1,115,6,0,4120.281,618.062,177.0000,-0.317,-0.604,0.682,0.170346,0.117215,-0.006064,,,landing
07:03:58.879888,1,115,6,0,4120.281,618.062,177.0000,,,,0.170346,0.117215,-0.006064,,,capture
07:03:59.927215,1,116,5,0,4119.906,631.969,176.8125,0.224,-0.717,0.751,0.170346,0.117215,-0.006064,,,landing
07:03:59.959442,1,116,5,0,4119.906,631.969,176.8125,,,,0.170346,0.117215,-0.006064,,,capture
07:04:07.610719,1,117,4,0,4120.094,645.781,177.0000,,,,0.170346,0.117215,-0.006064,177.0000,74.6,periodic_af
07:04:08.318437,1,117,4,0,4120.094,645.781,177.0000,0.435,-0.631,0.766,0.170346,0.117215,-0.006064,,,landing
07:04:08.355740,1,117,4,0,4120.094,645.781,177.0000,,,,0.170346,0.117215,-0.006064,,,capture
07:04:09.523293,1,118,3,0,4120.469,659.656,176.8125,0.234,-1.151,1.175,0.170346,0.117215,-0.006064,,,landing
07:04:09.551322,1,118,3,0,4120.469,659.656,176.8125,,,,0.170346,0.117215,-0.006064,,,capture
07:04:10.545074,1,119,2,0,4120.625,673.281,176.6250,0.279,0.820,0.866,0.170346,0.117215,-0.006064,,,landing
07:04:10.574955,1,119,2,0,4120.625,673.281,176.6250,,,,0.170346,0.117215,-0.006064,,,capture
07:04:18.421914,1,120,1,0,4120.812,688.250,176.2500,,,,0.170346,0.117215,-0.006064,176.2500,67.3,periodic_af
07:04:19.037210,1,120,1,0,4120.812,688.250,176.2188,0.345,0.543,0.643,0.170346,0.117215,-0.006064,,,landing
07:04:19.074347,1,120,1,0,4120.812,688.250,176.2188,,,,0.170346,0.117215,-0.006064,,,capture
07:04:20.093890,1,121,1,1,4132.062,688.812,176.3125,-0.190,-0.125,0.227,0.170346,0.117215,-0.006064,,,landing
07:04:20.118666,1,121,1,1,4132.062,688.812,176.3125,,,,0.170346,0.117215,-0.006064,,,capture
07:04:21.132930,1,122,1,2,4142.812,688.594,176.4375,-0.443,-0.194,0.484,0.170346,0.117215,-0.006064,,,landing
07:04:21.158115,1,122,1,2,4142.812,688.594,176.4375,,,,0.170346,0.117215,-0.006064,,,capture
07:04:28.838260,1,123,1,3,4152.969,688.312,176.6250,,,,0.170346,0.117215,-0.006064,176.6250,80.6,periodic_af
07:04:29.454580,1,123,1,3,4152.969,688.312,176.5938,0.002,-0.278,0.278,0.170346,0.117215,-0.006064,,,landing
07:04:29.477887,1,123,1,3,4152.969,688.312,176.5938,,,,0.170346,0.117215,-0.006064,,,capture
07:04:30.626423,1,124,1,4,4163.406,687.906,176.6875,0.247,-0.142,0.285,0.170346,0.117215,-0.006064,,,landing
07:04:30.661421,1,124,1,4,4163.406,687.906,176.6875,,,,0.170346,0.117215,-0.006064,,,capture
07:04:31.778409,1,125,1,5,4174.344,687.781,176.7812,-0.123,-0.175,0.214,0.170346,0.117215,-0.006064,,,landing
07:04:31.789323,1,125,1,5,4174.344,687.781,176.7812,,,,0.170346,0.117215,-0.006064,,,capture
07:04:39.756247,1,126,1,6,4184.875,687.625,177.1250,,,,0.170346,0.117215,-0.006064,177.1250,85.7,periodic_af
07:04:40.356095,1,126,1,6,4184.875,687.625,177.0312,0.064,-0.157,0.170,0.170346,0.117215,-0.006064,,,landing
07:04:40.391676,1,126,1,6,4184.875,687.625,177.0312,,,,0.170346,0.117215,-0.006064,,,capture
07:04:41.384288,1,127,1,7,4195.500,687.469,177.1562,0.130,-0.046,0.138,0.170346,0.117215,-0.006064,,,landing
07:04:41.412908,1,127,1,7,4195.500,687.469,177.1562,,,,0.170346,0.117215,-0.006064,,,capture
07:04:42.457240,1,128,1,8,4206.438,687.469,177.2500,-0.166,-0.160,0.231,0.170346,0.117215,-0.006064,,,landing
07:04:42.470961,1,128,1,8,4206.438,687.469,177.2500,,,,0.170346,0.117215,-0.006064,,,capture
07:04:50.372918,1,129,1,9,4217.000,687.344,177.4375,,,,0.170346,0.117215,-0.006064,177.4375,66.7,periodic_af
07:04:50.930497,1,129,1,9,4217.000,687.344,177.3438,-0.194,-0.142,0.240,0.170346,0.117215,-0.006064,,,landing
07:04:51.053912,1,129,1,9,4217.000,687.344,177.3438,,,,0.170346,0.117215,-0.006064,,,capture
07:04:52.136989,1,130,1,10,4227.688,687.219,177.4688,-0.416,-0.141,0.439,0.170346,0.117215,-0.006064,,,landing
07:04:52.148915,1,130,1,10,4227.688,687.219,177.4688,,,,0.170346,0.117215,-0.006064,,,capture
07:04:53.095258,1,131,1,11,4238.125,687.094,177.5938,-0.336,-0.042,0.339,0.170346,0.117215,-0.006064,,,landing
07:04:53.115033,1,131,1,11,4238.125,687.094,177.5938,,,,0.170346,0.117215,-0.006064,,,capture
07:05:01.080558,1,132,1,12,4248.531,687.094,177.7500,,,,0.170346,0.117215,-0.006064,177.7500,63.4,periodic_af
07:05:01.675912,1,132,1,12,4248.531,687.094,177.8438,-0.094,-0.058,0.110,0.170346,0.117215,-0.006064,,,landing
07:05:01.701975,1,132,1,12,4248.531,687.094,177.8438,,,,0.170346,0.117215,-0.006064,,,capture
07:05:02.668790,1,133,1,13,4259.219,687.062,177.9375,-0.075,-0.104,0.128,0.170346,0.117215,-0.006064,,,landing
07:05:02.693623,1,133,1,13,4259.219,687.062,177.9375,,,,0.170346,0.117215,-0.006064,,,capture
07:05:03.729693,1,134,1,14,4270.000,686.969,178.0625,-0.160,0.156,0.223,0.170346,0.117215,-0.006064,,,landing
07:05:03.757791,1,134,1,14,4270.000,686.969,178.0625,,,,0.170346,0.117215,-0.006064,,,capture
07:05:11.708396,1,135,1,15,4279.656,686.562,178.2188,,,,0.170346,0.117215,-0.006064,178.2188,67.8,periodic_af
07:05:12.383829,1,135,1,15,4279.656,686.562,178.2188,0.512,-0.037,0.513,0.170346,0.117215,-0.006064,,,landing
07:05:12.402822,1,135,1,15,4279.656,686.562,178.2188,,,,0.170346,0.117215,-0.006064,,,capture
07:05:13.429463,1,136,1,16,4291.312,686.562,178.3125,-0.322,-0.067,0.328,0.170346,0.117215,-0.006064,,,landing
07:05:13.446468,1,136,1,16,4291.312,686.562,178.3125,,,,0.170346,0.117215,-0.006064,,,capture
07:05:14.606724,1,137,1,17,4301.719,686.531,178.4375,-0.174,0.196,0.262,0.170346,0.117215,-0.006064,,,landing
07:05:14.632339,1,137,1,17,4301.719,686.531,178.4375,,,,0.170346,0.117215,-0.006064,,,capture
07:05:22.573614,1,138,1,18,4312.094,686.125,178.2812,,,,0.170346,0.117215,-0.006064,178.2812,86.6,periodic_af
07:05:23.171466,1,138,1,18,4312.094,686.125,178.2812,-0.238,0.157,0.285,0.170346,0.117215,-0.006064,,,landing
07:05:23.194288,1,138,1,18,4312.094,686.125,178.2812,,,,0.170346,0.117215,-0.006064,,,capture
07:05:24.475711,1,139,1,19,4323.156,686.312,178.4062,-0.428,-0.026,0.429,0.170346,0.117215,-0.006064,,,landing
07:05:24.487107,1,139,1,19,4323.156,686.312,178.4062,,,,0.170346,0.117215,-0.006064,,,capture
07:05:25.545547,1,140,1,20,4333.656,686.312,178.5000,-0.391,0.181,0.431,0.170346,0.117215,-0.006064,,,landing
07:05:25.559782,1,140,1,20,4333.656,686.312,178.5000,,,,0.170346,0.117215,-0.006064,,,capture
07:05:33.203714,1,141,1,21,4343.906,685.906,178.4688,,,,0.170346,0.117215,-0.006064,178.4688,74.9,periodic_af
07:05:33.936330,1,141,1,21,4343.906,685.906,178.3438,-0.011,0.011,0.016,0.170346,0.117215,-0.006064,,,landing
07:05:33.960962,1,141,1,21,4343.906,685.906,178.3438,,,,0.170346,0.117215,-0.006064,,,capture
07:05:35.040925,1,142,1,22,4354.625,685.938,178.4688,-0.009,-0.098,0.098,0.170346,0.117215,-0.006064,,,landing
07:05:35.053340,1,142,1,22,4354.625,685.938,178.4688,,,,0.170346,0.117215,-0.006064,,,capture
07:05:36.036447,1,143,1,23,4365.312,685.875,178.5938,-0.021,-0.167,0.168,0.170346,0.117215,-0.006064,,,landing
07:05:36.068793,1,143,1,23,4365.312,685.875,178.5938,,,,0.170346,0.117215,-0.006064,,,capture
07:05:43.654722,1,144,1,24,4375.969,685.719,178.3750,,,,0.170346,0.117215,-0.006064,178.3750,66.7,periodic_af
07:05:44.244113,1,144,1,24,4375.969,685.719,178.3750,-0.047,0.092,0.103,0.170346,0.117215,-0.006064,,,landing
07:05:44.266694,1,144,1,24,4375.969,685.719,178.3750,,,,0.170346,0.117215,-0.006064,,,capture
07:05:45.264807,1,145,1,25,4386.812,685.188,178.4688,-0.185,0.153,0.240,0.170346,0.117215,-0.006064,,,landing
07:05:45.276015,1,145,1,25,4386.812,685.188,178.4688,,,,0.170346,0.117215,-0.006064,,,capture
07:05:46.174061,1,146,1,26,4397.094,685.344,178.5625,0.243,-0.023,0.245,0.170346,0.117215,-0.006064,,,landing
07:05:46.202402,1,146,1,26,4397.094,685.344,178.5625,,,,0.170346,0.117215,-0.006064,,,capture
07:05:54.364575,1,147,1,27,4408.094,685.344,178.6250,,,,0.170346,0.117215,-0.006064,178.6250,71.5,periodic_af
07:05:54.977852,1,147,1,27,4408.094,685.344,178.5312,-0.267,0.255,0.369,0.170346,0.117215,-0.006064,,,landing
07:05:55.013083,1,147,1,27,4408.094,685.344,178.5312,,,,0.170346,0.117215,-0.006064,,,capture
07:05:56.023960,1,148,1,28,4418.719,684.969,178.6250,-0.234,0.151,0.279,0.170346,0.117215,-0.006064,,,landing
07:05:56.045581,1,148,1,28,4418.719,684.969,178.6250,,,,0.170346,0.117215,-0.006064,,,capture
07:05:57.211752,1,149,1,29,4428.562,685.156,178.7500,0.475,-0.115,0.489,0.170346,0.117215,-0.006064,,,landing
07:05:57.238984,1,149,1,29,4428.562,685.156,178.7500,,,,0.170346,0.117215,-0.006064,,,capture
07:06:05.136707,1,150,2,29,4429.125,670.531,179.2500,,,,0.170346,0.117215,-0.006064,179.2500,42.4,periodic_af
07:06:05.727063,1,150,2,29,4429.125,670.531,179.3125,-0.447,-5.860,5.877,0.170346,0.117215,-0.006064,,,landing
07:06:06.651387,1,150,2,29,4428.438,665.219,179.3125,,,,0.170346,0.117215,-0.006064,,,capture
07:06:07.836191,1,151,3,29,4428.281,650.562,179.4688,0.182,-0.365,0.408,0.170346,0.117215,-0.006064,,,landing
07:06:07.846906,1,151,3,29,4428.281,650.562,179.4688,,,,0.170346,0.117215,-0.006064,,,capture
07:06:08.960330,1,152,4,29,4428.094,635.438,179.6250,0.336,0.030,0.338,0.170346,0.117215,-0.006064,,,landing
07:06:08.973635,1,152,4,29,4428.094,635.438,179.6250,,,,0.170346,0.117215,-0.006064,,,capture
07:06:17.222862,1,153,5,29,4427.906,620.438,179.9062,,,,0.170346,0.117215,-0.006064,179.9062,74.7,periodic_af
07:06:17.844088,1,153,5,29,4427.906,620.438,179.9688,-0.206,0.381,0.433,0.170346,0.117215,-0.006064,,,landing
07:06:17.865585,1,153,5,29,4427.906,620.438,179.9688,,,,0.170346,0.117215,-0.006064,,,capture
07:06:19.056777,1,154,6,29,4427.344,606.219,180.1250,0.045,1.391,1.392,0.170346,0.117215,-0.006064,,,landing
07:06:19.069071,1,154,6,29,4427.344,606.219,180.1250,,,,0.170346,0.117215,-0.006064,,,capture
07:06:20.134544,1,155,7,29,4427.031,593.031,180.2812,0.428,0.737,0.852,0.170346,0.117215,-0.006064,,,landing
07:06:20.157407,1,155,7,29,4427.031,593.031,180.2812,,,,0.170346,0.117215,-0.006064,,,capture
07:06:28.117150,1,156,8,29,4427.531,579.406,180.4062,,,,0.170346,0.117215,-0.006064,180.4062,65.6,periodic_af
07:06:28.725701,1,156,8,29,4427.531,579.406,180.3125,-0.553,0.418,0.693,0.170346,0.117215,-0.006064,,,landing
07:06:28.757148,1,156,8,29,4427.531,579.406,180.3125,,,,0.170346,0.117215,-0.006064,,,capture
07:06:29.969644,1,157,9,29,4426.594,565.500,180.4688,0.344,0.798,0.869,0.170346,0.117215,-0.006064,,,landing
07:06:29.994314,1,157,9,29,4426.594,565.500,180.4688,,,,0.170346,0.117215,-0.006064,,,capture
07:06:31.183273,1,158,10,29,4427.031,551.781,180.6250,0.024,0.187,0.189,0.170346,0.117215,-0.006064,,,landing
07:06:31.197550,1,158,10,29,4427.031,551.781,180.6250,,,,0.170346,0.117215,-0.006064,,,capture
07:06:39.249177,1,159,11,29,4427.156,537.188,180.9688,,,,0.170346,0.117215,-0.006064,180.9688,84.7,periodic_af
07:06:39.871256,1,159,11,29,4427.156,537.188,180.8438,-0.419,1.281,1.347,0.170346,0.117215,-0.006064,,,landing
07:06:39.890702,1,159,11,29,4427.156,537.188,180.8438,,,,0.170346,0.117215,-0.006064,,,capture
07:06:41.123055,1,160,12,29,4426.812,524.312,181.0000,-0.360,0.103,0.374,0.170346,0.117215,-0.006064,,,landing
07:06:41.145804,1,160,12,29,4426.812,524.312,181.0000,,,,0.170346,0.117215,-0.006064,,,capture
07:06:42.267305,1,161,13,29,4426.531,509.938,181.1562,0.065,-1.712,1.713,0.170346,0.117215,-0.006064,,,landing
07:06:42.279816,1,161,13,29,4426.531,509.938,181.1562,,,,0.170346,0.117215,-0.006064,,,capture
07:06:50.410307,1,162,14,29,4426.188,493.531,181.4375,,,,0.170346,0.117215,-0.006064,181.4375,88.0,periodic_af
07:06:51.063629,1,162,14,29,4426.188,493.531,181.3438,0.016,0.255,0.256,0.170346,0.117215,-0.006064,,,landing
07:06:51.085092,1,162,14,29,4426.188,493.531,181.3438,,,,0.170346,0.117215,-0.006064,,,capture
07:06:52.274579,1,163,15,29,4425.781,479.438,181.5000,0.260,-0.228,0.346,0.170346,0.117215,-0.006064,,,landing
07:06:52.308261,1,163,15,29,4425.781,479.438,181.5000,,,,0.170346,0.117215,-0.006064,,,capture
07:06:53.308431,1,164,16,29,4425.625,464.156,181.6562,0.178,-0.580,0.607,0.170346,0.117215,-0.006064,,,landing
07:06:53.325932,1,164,16,29,4425.625,464.156,181.6562,,,,0.170346,0.117215,-0.006064,,,capture
07:07:01.382800,1,165,17,29,4425.406,448.875,181.8750,,,,0.170346,0.117215,-0.006064,181.8750,97.3,periodic_af
07:07:01.997953,1,165,17,29,4425.406,448.875,181.8438,-0.199,0.678,0.707,0.170346,0.117215,-0.006064,,,landing
07:07:02.028100,1,165,17,29,4425.406,448.875,181.8438,,,,0.170346,0.117215,-0.006064,,,capture
07:07:03.142299,1,166,18,29,4424.688,434.969,182.0000,0.248,-0.179,0.306,0.170346,0.117215,-0.006064,,,landing
07:07:03.170358,1,166,18,29,4424.688,434.969,182.0000,,,,0.170346,0.117215,-0.006064,,,capture
07:07:04.238403,1,167,19,29,4424.531,419.750,182.1562,-0.291,0.946,0.990,0.170346,0.117215,-0.006064,,,landing
07:07:04.253713,1,167,19,29,4424.531,419.750,182.1562,,,,0.170346,0.117215,-0.006064,,,capture
07:07:11.952589,1,168,20,29,4423.812,406.062,182.1562,,,,0.170346,0.117215,-0.006064,182.1562,80.8,periodic_af
07:07:12.667231,1,168,20,29,4423.812,406.062,182.1250,0.067,1.204,1.205,0.170346,0.117215,-0.006064,,,landing
07:07:12.689251,1,168,20,29,4423.812,406.062,182.1250,,,,0.170346,0.117215,-0.006064,,,capture
07:07:13.925326,1,169,21,29,4423.469,392.500,182.2812,0.241,0.988,1.017,0.170346,0.117215,-0.006064,,,landing
07:07:13.937365,1,169,21,29,4423.469,392.500,182.2812,,,,0.170346,0.117215,-0.006064,,,capture
07:07:15.066379,1,170,22,29,4423.312,378.562,182.4375,0.170,1.137,1.149,0.170346,0.117215,-0.006064,,,landing
07:07:15.196629,1,170,22,29,4423.312,378.562,182.4375,,,,0.170346,0.117215,-0.006064,,,capture
07:07:22.987112,1,171,23,29,4423.062,365.438,182.4062,,,,0.170346,0.117215,-0.006064,182.4062,82.2,periodic_af
07:07:23.637356,1,171,23,29,4423.062,365.438,182.3125,0.316,1.111,1.155,0.170346,0.117215,-0.006064,,,landing
07:07:23.666147,1,171,23,29,4423.062,365.438,182.3125,,,,0.170346,0.117215,-0.006064,,,capture
07:07:24.826415,1,172,24,29,4423.469,352.406,182.4688,-0.143,0.855,0.867,0.170346,0.117215,-0.006064,,,landing
07:07:24.849123,1,172,24,29,4423.469,352.406,182.4688,,,,0.170346,0.117215,-0.006064,,,capture
07:07:25.975192,1,173,25,29,4423.438,338.906,182.6250,-0.317,0.355,0.476,0.170346,0.117215,-0.006064,,,landing
07:07:26.000612,1,173,25,29,4423.438,338.906,182.6250,,,,0.170346,0.117215,-0.006064,,,capture
07:07:33.910000,1,174,26,29,4422.719,324.625,183.1250,,,,0.170346,0.117215,-0.006064,183.1250,101.1,periodic_af
07:07:34.519030,1,174,26,29,4422.719,324.625,183.1562,0.092,-0.334,0.346,0.170346,0.117215,-0.006064,,,landing
07:07:34.554063,1,174,26,29,4422.719,324.625,183.1562,,,,0.170346,0.117215,-0.006064,,,capture
07:07:35.739349,1,175,27,29,4422.875,309.969,183.3125,-0.052,0.120,0.131,0.170346,0.117215,-0.006064,,,landing
07:07:35.751848,1,175,27,29,4422.875,309.969,183.3125,,,,0.170346,0.117215,-0.006064,,,capture
07:07:36.825313,1,176,28,29,4422.875,295.875,183.4688,-0.294,-0.656,0.719,0.170346,0.117215,-0.006064,,,landing
07:07:36.846393,1,176,28,29,4422.875,295.875,183.4688,,,,0.170346,0.117215,-0.006064,,,capture
07:07:44.804497,1,177,29,29,4422.656,281.031,183.5938,,,,0.170346,0.117215,-0.006064,183.5938,111.1,periodic_af
07:07:45.613348,1,177,29,29,4422.656,281.031,181.7812,,,,0.170346,0.117215,-0.006064,,,capture
07:07:56.080840,1,178,29,28,4411.656,280.469,182.0000,,,,0.170346,0.117215,-0.006064,,,capture
07:08:21.657196,1,179,29,27,4401.000,280.938,183.2500,0.241,-0.220,0.327,0.170346,0.117215,-0.006064,,,landing
07:08:21.690104,1,179,29,27,4401.000,280.938,183.2500,,,,0.170346,0.117215,-0.006064,,,capture
07:08:29.724640,1,180,29,26,4390.781,281.344,183.1875,,,,0.169399,0.117275,-0.006398,183.1875,101.0,periodic_af
07:08:30.361371,1,180,29,26,4390.781,281.344,183.1875,0.015,-0.359,0.359,0.169399,0.117275,-0.006398,,,landing
07:08:30.381989,1,180,29,26,4390.781,281.344,183.1875,,,,0.169399,0.117275,-0.006398,,,capture
07:08:31.297156,1,181,29,25,4380.281,281.625,183.0625,-0.363,-0.505,0.622,0.169399,0.117275,-0.006398,,,landing
07:08:31.313822,1,181,29,25,4380.281,281.625,183.0625,,,,0.169399,0.117275,-0.006398,,,capture
07:08:32.354530,1,182,29,24,4369.312,281.750,182.9375,-0.351,-0.621,0.713,0.169399,0.117275,-0.006398,,,landing
07:08:32.366717,1,182,29,24,4369.312,281.750,182.9375,,,,0.169399,0.117275,-0.006398,,,capture
07:08:40.041542,1,183,29,23,4358.250,281.719,183.1562,,,,0.168544,0.117344,-0.006701,183.1562,95.0,periodic_af
07:08:40.662341,1,183,29,23,4358.250,281.719,183.1875,0.472,-0.404,0.621,0.168544,0.117344,-0.006701,,,landing
07:08:40.682972,1,183,29,23,4358.250,281.719,183.1875,,,,0.168544,0.117344,-0.006701,,,capture
07:08:41.646479,1,184,29,22,4348.094,281.906,183.0625,-0.261,-0.446,0.517,0.168544,0.117344,-0.006701,,,landing
07:08:41.673797,1,184,29,22,4348.094,281.906,183.0625,,,,0.168544,0.117344,-0.006701,,,capture
07:08:42.680885,1,185,29,21,4337.031,282.031,182.9375,0.115,-0.456,0.470,0.168544,0.117344,-0.006701,,,landing
07:08:42.711974,1,185,29,21,4337.031,282.031,182.9375,,,,0.168544,0.117344,-0.006701,,,capture
07:08:50.608118,1,186,29,20,4326.875,282.156,182.4688,,,,0.167751,0.117411,-0.006982,182.4688,94.7,periodic_af
07:08:51.161728,1,186,29,20,4326.875,282.156,182.4688,-0.209,-0.469,0.514,0.167751,0.117411,-0.006982,,,landing
07:08:51.195887,1,186,29,20,4326.875,282.156,182.4688,,,,0.167751,0.117411,-0.006982,,,capture
07:08:52.139702,1,187,29,19,4315.969,282.250,182.3125,-0.100,-0.502,0.512,0.167751,0.117411,-0.006982,,,landing
07:08:52.166792,1,187,29,19,4315.969,282.250,182.3125,,,,0.167751,0.117411,-0.006982,,,capture
07:08:53.265296,1,188,29,18,4305.438,282.312,182.1875,-0.075,-0.392,0.399,0.167751,0.117411,-0.006982,,,landing
07:08:53.295956,1,188,29,18,4305.438,282.312,182.1875,,,,0.167751,0.117411,-0.006982,,,capture
07:09:01.129998,1,189,29,17,4294.719,282.500,182.0938,,,,0.167015,0.117470,-0.007243,182.0938,75.4,periodic_af
07:09:01.752853,1,189,29,17,4294.719,282.500,182.0938,-0.101,-0.503,0.513,0.167015,0.117470,-0.007243,,,landing
07:09:01.780381,1,189,29,17,4294.719,282.500,182.0938,,,,0.167015,0.117470,-0.007243,,,capture
07:09:02.840355,1,190,29,16,4283.938,282.562,181.9688,0.245,-0.502,0.558,0.167015,0.117470,-0.007243,,,landing
07:09:02.854941,1,190,29,16,4283.938,282.562,181.9688,,,,0.167015,0.117470,-0.007243,,,capture
07:09:03.826474,1,191,29,15,4273.281,282.594,181.8125,0.145,-0.475,0.497,0.167015,0.117470,-0.007243,,,landing
07:09:03.847120,1,191,29,15,4273.281,282.594,181.8125,,,,0.167015,0.117470,-0.007243,,,capture
07:09:11.426085,1,192,29,14,4263.031,282.656,182.0625,,,,0.166350,0.117505,-0.007476,182.0625,91.2,periodic_af
07:09:12.028549,1,192,29,14,4263.031,282.656,182.0625,-0.463,-0.548,0.717,0.166350,0.117505,-0.007476,,,landing
07:09:12.046703,1,192,29,14,4263.031,282.656,182.0625,,,,0.166350,0.117505,-0.007476,,,capture
07:09:13.006316,1,193,29,13,4252.562,282.625,181.9375,-0.715,-0.438,0.838,0.166350,0.117505,-0.007476,,,landing
07:09:13.029077,1,193,29,13,4252.562,282.625,181.9375,,,,0.166350,0.117505,-0.007476,,,capture
07:09:14.460990,1,194,29,12,4241.094,282.719,181.7812,0.136,-0.456,0.476,0.166350,0.117505,-0.007476,,,landing
07:09:14.483573,1,194,29,12,4241.094,282.719,181.7812,,,,0.166350,0.117505,-0.007476,,,capture
07:09:22.407932,1,195,29,11,4230.469,282.812,181.3750,,,,0.165734,0.117525,-0.007693,181.3750,95.5,periodic_af
07:09:23.068309,1,195,29,11,4230.469,282.812,181.3125,0.289,-0.764,0.817,0.165734,0.117525,-0.007693,,,landing
07:09:23.089780,1,195,29,11,4230.469,282.812,181.3125,,,,0.165734,0.117525,-0.007693,,,capture
07:09:24.183142,1,196,29,10,4219.969,282.219,181.1875,0.188,-0.220,0.290,0.165734,0.117525,-0.007693,,,landing
07:09:24.213806,1,196,29,10,4219.969,282.219,181.1875,,,,0.165734,0.117525,-0.007693,,,capture
07:09:25.285190,1,197,29,9,4210.750,281.938,181.0938,-1.131,0.006,1.131,0.165734,0.117525,-0.007693,,,landing
07:09:25.317360,1,197,29,9,4210.750,281.938,181.0938,,,,0.165734,0.117525,-0.007693,,,capture
07:09:33.373901,1,198,29,8,4198.656,281.906,180.9688,,,,0.165160,0.117529,-0.007893,180.9688,85.1,periodic_af
07:09:33.922577,1,198,29,8,4198.656,281.906,180.9688,0.164,0.106,0.195,0.165160,0.117529,-0.007893,,,landing
07:09:33.950831,1,198,29,8,4198.656,281.906,180.9688,,,,0.165160,0.117529,-0.007893,,,capture
07:09:35.169165,1,199,29,7,4187.562,282.000,180.8438,0.391,0.054,0.394,0.165160,0.117529,-0.007893,,,landing
07:09:35.301902,1,199,29,7,4187.562,282.000,180.8438,,,,0.165160,0.117529,-0.007893,,,capture
07:09:36.332328,1,200,29,6,4176.812,282.031,180.6875,0.750,0.227,0.783,0.165160,0.117529,-0.007893,,,landing
07:09:36.365864,1,200,29,6,4176.812,282.031,180.6875,,,,0.165160,0.117529,-0.007893,,,capture
07:09:44.490255,1,201,29,5,4166.625,282.219,180.3438,,,,0.164614,0.117534,-0.008083,180.3438,89.2,periodic_af
07:09:45.093437,1,201,29,5,4166.625,282.219,180.3438,0.260,0.047,0.264,0.164614,0.117534,-0.008083,,,landing
07:09:45.109194,1,201,29,5,4166.625,282.219,180.3438,,,,0.164614,0.117534,-0.008083,,,capture
07:09:46.085535,1,202,29,4,4156.000,282.250,180.2188,0.337,0.214,0.400,0.164614,0.117534,-0.008083,,,landing
07:09:46.107331,1,202,29,4,4156.000,282.250,180.2188,,,,0.164614,0.117534,-0.008083,,,capture
07:09:47.069401,1,203,29,3,4145.625,282.438,180.0938,-0.151,0.141,0.207,0.164614,0.117534,-0.008083,,,landing
07:09:47.098430,1,203,29,3,4145.625,282.438,180.0938,,,,0.164614,0.117534,-0.008083,,,capture
07:09:55.104344,1,204,29,2,4134.844,282.594,180.0938,,,,0.164101,0.117527,-0.008262,180.0938,61.6,periodic_af
07:09:55.748809,1,204,29,2,4134.844,282.594,180.1250,-0.026,0.087,0.091,0.164101,0.117527,-0.008262,,,landing
07:09:55.771705,1,204,29,2,4134.844,282.594,180.1250,,,,0.164101,0.117527,-0.008262,,,capture
07:09:56.740240,1,205,29,1,4123.781,282.656,180.0000,0.529,0.255,0.587,0.164101,0.117527,-0.008262,,,landing
07:09:56.773933,1,205,29,1,4123.781,282.656,180.0000,,,,0.164101,0.117527,-0.008262,,,capture
07:09:57.798491,1,206,28,1,4124.219,296.969,179.8438,0.681,3.117,3.191,0.164101,0.117527,-0.008262,,,landing
07:09:58.504962,1,206,28,1,4125.188,300.125,179.8438,,,,0.164101,0.117527,-0.008262,,,capture
07:10:06.623868,1,207,27,1,4124.719,313.875,179.9375,,,,0.163623,0.117487,-0.008424,179.9375,59.3,periodic_af
07:10:07.209699,1,207,27,1,4124.719,313.875,180.0000,-0.099,1.107,1.111,0.163623,0.117487,-0.008424,,,landing
07:10:07.243615,1,207,27,1,4124.719,313.875,180.0000,,,,0.163623,0.117487,-0.008424,,,capture
07:10:08.335226,1,208,26,1,4125.031,330.281,179.8438,0.361,4.776,4.790,0.163623,0.117487,-0.008424,,,landing
07:10:09.060993,1,208,26,1,4125.656,335.281,179.8438,,,,0.163623,0.117487,-0.008424,,,capture
07:10:10.167035,1,209,25,1,4125.938,350.281,179.6875,-0.208,-0.939,0.962,0.163623,0.117487,-0.008424,,,landing
07:10:10.198204,1,209,25,1,4125.938,350.281,179.6875,,,,0.163623,0.117487,-0.008424,,,capture
07:10:18.594906,1,210,24,1,4126.156,364.031,179.0625,,,,0.163169,0.117448,-0.008578,179.0625,67.9,periodic_af
07:10:19.175439,1,210,24,1,4126.156,364.031,179.0625,-0.016,-1.403,1.403,0.163169,0.117448,-0.008578,,,landing
07:10:19.205629,1,210,24,1,4126.156,364.031,179.0625,,,,0.163169,0.117448,-0.008578,,,capture
07:10:20.246604,1,211,23,1,4126.562,377.500,178.9062,-0.548,0.046,0.550,0.163169,0.117448,-0.008578,,,landing
07:10:20.269511,1,211,23,1,4126.562,377.500,178.9062,,,,0.163169,0.117448,-0.008578,,,capture
07:10:21.657250,1,212,22,1,4125.938,392.000,178.7500,0.019,-2.945,2.945,0.163169,0.117448,-0.008578,,,landing
07:10:23.376215,1,212,22,1,4126.000,385.719,178.7500,,,,0.163169,0.117448,-0.008578,,,capture
07:10:31.573643,1,213,21,1,4126.875,399.000,178.7812,,,,0.162735,0.117395,-0.008719,178.7812,84.3,periodic_af
07:10:32.141281,1,213,21,1,4126.875,399.000,178.7812,-0.294,-0.759,0.814,0.162735,0.117395,-0.008719,,,landing
07:10:32.163043,1,213,21,1,4126.875,399.000,178.7812,,,,0.162735,0.117395,-0.008719,,,capture
07:10:33.340787,1,214,20,1,4126.500,412.000,178.6250,0.202,-0.776,0.802,0.162735,0.117395,-0.008719,,,landing
07:10:33.372225,1,214,20,1,4126.500,412.000,178.6250,,,,0.162735,0.117395,-0.008719,,,capture
07:10:34.475627,1,215,19,1,4126.625,425.125,178.4688,0.533,5.359,5.385,0.162735,0.117395,-0.008719,,,landing
07:10:35.878402,1,215,19,1,4126.844,432.688,178.4688,,,,0.162735,0.117395,-0.008719,,,capture
07:10:43.890905,1,216,18,1,4127.688,446.688,178.2500,,,,0.162318,0.117333,-0.008850,178.2500,79.3,periodic_af
07:10:44.386206,1,216,18,1,4127.688,446.688,178.2812,-0.259,0.194,0.324,0.162318,0.117333,-0.008850,,,landing
07:10:44.404352,1,216,18,1,4127.688,446.688,178.2812,,,,0.162318,0.117333,-0.008850,,,capture
07:10:45.527158,1,217,17,1,4127.344,461.438,178.0938,0.144,-0.168,0.221,0.162318,0.117333,-0.008850,,,landing
07:10:45.544170,1,217,17,1,4127.344,461.438,178.0938,,,,0.162318,0.117333,-0.008850,,,capture
07:10:46.628252,1,218,16,1,4127.438,475.812,177.9062,0.329,-0.130,0.354,0.162318,0.117333,-0.008850,,,landing
07:10:46.652172,1,218,16,1,4127.438,475.812,177.9062,,,,0.162318,0.117333,-0.008850,,,capture
07:10:54.523510,1,219,15,1,4127.688,490.531,177.7812,,,,0.161914,0.117264,-0.008971,177.7812,77.1,periodic_af
07:10:55.139432,1,219,15,1,4127.688,490.531,177.7812,0.138,0.258,0.293,0.161914,0.117264,-0.008971,,,landing
07:10:55.163080,1,219,15,1,4127.688,490.531,177.7812,,,,0.161914,0.117264,-0.008971,,,capture
07:10:56.240610,1,220,14,1,4128.219,505.094,177.6250,0.066,0.631,0.634,0.161914,0.117264,-0.008971,,,landing
07:10:56.270552,1,220,14,1,4128.219,505.094,177.6250,,,,0.161914,0.117264,-0.008971,,,capture
07:10:57.296854,1,221,13,1,4128.188,520.469,177.4375,0.301,-0.085,0.312,0.161914,0.117264,-0.008971,,,landing
07:10:57.324879,1,221,13,1,4128.188,520.469,177.4375,,,,0.161914,0.117264,-0.008971,,,capture
07:11:05.293657,1,222,12,1,4128.438,534.656,177.1250,,,,0.161529,0.117196,-0.009086,177.1250,69.6,periodic_af
07:11:05.845229,1,222,12,1,4128.438,534.656,177.1250,-0.010,0.170,0.170,0.161529,0.117196,-0.009086,,,landing
07:11:05.876576,1,222,12,1,4128.438,534.656,177.1250,,,,0.161529,0.117196,-0.009086,,,capture
07:11:06.943527,1,223,11,1,4128.812,550.094,176.9688,0.141,-0.827,0.839,0.161529,0.117196,-0.009086,,,landing
07:11:06.968651,1,223,11,1,4128.812,550.094,176.9688,,,,0.161529,0.117196,-0.009086,,,capture
07:11:08.147532,1,224,10,1,4128.875,564.344,176.8125,0.325,-1.071,1.119,0.161529,0.117196,-0.009086,,,landing
07:11:08.177534,1,224,10,1,4128.875,564.344,176.8125,,,,0.161529,0.117196,-0.009086,,,capture
07:11:16.197303,1,225,9,1,4129.125,577.406,176.5938,,,,0.161164,0.117133,-0.009194,176.5938,85.7,periodic_af
07:11:16.747156,1,225,9,1,4129.125,577.406,176.6250,0.358,-0.251,0.437,0.161164,0.117133,-0.009194,,,landing
07:11:16.782326,1,225,9,1,4129.125,577.406,176.6250,,,,0.161164,0.117133,-0.009194,,,capture
07:11:17.814404,1,226,8,1,4129.438,591.219,176.4375,0.165,-0.202,0.261,0.161164,0.117133,-0.009194,,,landing
07:11:17.837812,1,226,8,1,4129.438,591.219,176.4375,,,,0.161164,0.117133,-0.009194,,,capture
07:11:18.844610,1,227,7,1,4129.469,605.219,176.2812,0.391,-0.367,0.536,0.161164,0.117133,-0.009194,,,landing
07:11:18.870233,1,227,7,1,4129.469,605.219,176.2812,,,,0.161164,0.117133,-0.009194,,,capture
07:11:26.941848,1,228,6,1,4129.781,619.625,175.9062,,,,0.160833,0.117082,-0.009302,175.9062,76.3,periodic_af
07:11:27.569089,1,228,6,1,4129.781,619.625,175.9375,0.406,-1.211,1.278,0.160833,0.117082,-0.009302,,,landing
07:11:27.592798,1,228,6,1,4129.781,619.625,175.9375,,,,0.160833,0.117082,-0.009302,,,capture
07:11:28.661801,1,229,5,1,4130.094,633.062,175.7812,0.334,-0.822,0.887,0.160833,0.117082,-0.009302,,,landing
07:11:28.675624,1,229,5,1,4130.094,633.062,175.7812,,,,0.160833,0.117082,-0.009302,,,capture
07:11:29.782099,1,230,4,1,4130.344,646.281,175.6250,0.324,-0.158,0.360,0.160833,0.117082,-0.009302,,,landing
07:11:29.793820,1,230,4,1,4130.344,646.281,175.6250,,,,0.160833,0.117082,-0.009302,,,capture
07:11:37.842157,1,231,3,1,4130.594,660.375,175.5938,,,,0.160518,0.117033,-0.009404,175.5938,79.7,periodic_af
07:11:38.427537,1,231,3,1,4130.594,660.375,175.9688,0.313,-0.944,0.995,0.160518,0.117033,-0.009404,,,landing
07:11:38.464095,1,231,3,1,4130.594,660.375,175.9688,,,,0.160518,0.117033,-0.009404,,,capture
07:11:39.595007,1,232,2,1,4130.812,673.438,175.8125,0.276,1.357,1.385,0.160518,0.117033,-0.009404,,,landing
07:11:39.610055,1,232,2,1,4130.812,673.438,175.8125,,,,0.160518,0.117033,-0.009404,,,capture
07:11:40.548907,1,233,2,2,4141.312,674.875,175.9062,0.488,-0.244,0.546,0.160518,0.117033,-0.009404,,,landing
07:11:40.562576,1,233,2,2,4141.312,674.875,175.9062,,,,0.160518,0.117033,-0.009404,,,capture
07:11:48.433957,1,234,2,3,4152.406,674.656,175.7500,,,,0.160211,0.116984,-0.009499,175.7500,92.4,periodic_af
07:11:49.066778,1,234,2,3,4152.406,674.656,174.0625,,,,0.160211,0.116984,-0.009499,,,capture
07:11:59.549583,1,235,2,4,4163.281,674.344,174.6250,-83.550,56.897,101.083,0.160211,0.116984,-0.009499,,,landing
07:12:08.232110,1,235,2,4,4163.281,674.344,175.0312,,,,0.160211,0.116984,-0.009499,,,capture
07:12:09.334202,1,236,2,5,4174.281,674.031,175.1562,-0.355,-0.214,0.414,0.160211,0.116984,-0.009499,,,landing
07:12:09.364513,1,236,2,5,4174.281,674.031,175.1562,,,,0.160211,0.116984,-0.009499,,,capture
07:12:17.417316,1,237,2,6,4184.406,673.625,175.6562,,,,0.159942,0.116940,-0.009595,175.6562,61.9,periodic_af
07:12:18.065296,1,237,2,6,4184.406,673.625,175.6562,-0.015,-0.049,0.051,0.159942,0.116940,-0.009595,,,landing
07:12:18.093895,1,237,2,6,4184.406,673.625,175.6562,,,,0.159942,0.116940,-0.009595,,,capture
07:12:19.180343,1,238,2,7,4194.375,673.625,175.7500,0.128,-0.202,0.239,0.159942,0.116940,-0.009595,,,landing
07:12:19.207801,1,238,2,7,4194.375,673.625,175.7500,,,,0.159942,0.116940,-0.009595,,,capture
07:12:20.286769,1,239,2,8,4204.656,673.219,175.8750,0.426,0.015,0.426,0.159942,0.116940,-0.009595,,,landing
07:12:20.313351,1,239,2,8,4204.656,673.219,175.8750,,,,0.159942,0.116940,-0.009595,,,capture
07:12:27.861518,1,240,2,9,4215.312,673.031,176.1562,,,,0.159695,0.116897,-0.009688,176.1562,72.6,periodic_af
07:12:28.470895,1,240,2,9,4215.312,673.031,176.1250,0.348,0.115,0.367,0.159695,0.116897,-0.009688,,,landing
07:12:28.499464,1,240,2,9,4215.312,673.031,176.1250,,,,0.159695,0.116897,-0.009688,,,capture
07:12:29.443883,1,241,2,10,4225.875,672.969,176.2500,0.554,0.112,0.565,0.159695,0.116897,-0.009688,,,landing
07:12:29.459070,1,241,2,10,4225.875,672.969,176.2500,,,,0.159695,0.116897,-0.009688,,,capture
07:12:30.434325,1,242,2,11,4236.719,672.875,176.3438,0.208,0.196,0.285,0.159695,0.116897,-0.009688,,,landing
07:12:30.458833,1,242,2,11,4236.719,672.875,176.3438,,,,0.159695,0.116897,-0.009688,,,capture
07:12:37.999614,1,243,2,12,4246.500,672.875,176.5938,,,,0.159457,0.116857,-0.009775,176.5938,61.0,periodic_af
07:12:38.549013,1,243,2,12,4246.500,672.875,176.5938,0.959,0.164,0.973,0.159457,0.116857,-0.009775,,,landing
07:12:38.685924,1,243,2,12,4246.500,672.875,176.5938,,,,0.159457,0.116857,-0.009775,,,capture
07:12:39.834687,1,244,2,13,4256.969,672.844,176.6875,1.069,0.115,1.075,0.159457,0.116857,-0.009775,,,landing
07:12:39.868655,1,244,2,13,4256.969,672.844,176.6875,,,,0.159457,0.116857,-0.009775,,,capture
07:12:40.973090,1,245,2,14,4267.906,672.781,176.8125,0.667,0.017,0.667,0.159457,0.116857,-0.009775,,,landing
07:12:41.007032,1,245,2,14,4267.906,672.781,176.8125,,,,0.159457,0.116857,-0.009775,,,capture
07:12:48.802495,1,246,2,15,4278.906,672.594,176.8125,,,,0.159236,0.116817,-0.009859,176.8125,70.5,periodic_af
07:12:49.448641,1,246,2,15,4278.906,672.594,175.4062,,,,0.159236,0.116817,-0.009859,,,capture
07:12:59.467661,1,247,2,16,4290.062,672.781,175.9688,1.163,57.668,57.680,0.159236,0.116817,-0.009859,,,landing
07:13:07.145138,1,247,2,16,4290.062,672.781,176.3125,,,,0.159236,0.116817,-0.009859,,,capture
07:13:08.128093,1,248,2,17,4300.656,672.875,176.4062,0.152,-0.071,0.167,0.159236,0.116817,-0.009859,,,landing
07:13:08.150772,1,248,2,17,4300.656,672.875,176.4062,,,,0.159236,0.116817,-0.009859,,,capture
07:13:15.998036,1,249,2,18,4311.625,672.844,176.9375,,,,0.159042,0.116767,-0.009944,176.9375,83.8,periodic_af
07:13:16.634727,1,249,2,18,4311.625,672.844,176.9375,-0.128,-0.318,0.343,0.159042,0.116767,-0.009944,,,landing
07:13:16.666906,1,249,2,18,4311.625,672.844,176.9375,,,,0.159042,0.116767,-0.009944,,,capture
07:13:17.717503,1,250,2,19,4321.875,672.844,177.0312,0.088,-0.239,0.255,0.159042,0.116767,-0.009944,,,landing
07:13:17.739688,1,250,2,19,4321.875,672.844,177.0312,,,,0.159042,0.116767,-0.009944,,,capture
07:13:18.822152,1,251,2,20,4332.906,672.625,177.1250,-0.192,-0.399,0.442,0.159042,0.116767,-0.009944,,,landing
07:13:18.851377,1,251,2,20,4332.906,672.625,177.1250,,,,0.159042,0.116767,-0.009944,,,capture
07:13:26.981885,1,252,2,21,4343.281,672.531,177.4688,,,,0.158858,0.116719,-0.010024,177.4688,83.3,periodic_af
07:13:27.594297,1,252,2,21,4343.281,672.531,177.3125,-0.176,-0.249,0.305,0.158858,0.116719,-0.010024,,,landing
07:13:27.625922,1,252,2,21,4343.281,672.531,177.3125,,,,0.158858,0.116719,-0.010024,,,capture
07:13:28.678830,1,253,2,22,4353.875,672.312,177.4062,-0.040,-0.183,0.187,0.158858,0.116719,-0.010024,,,landing
07:13:28.713669,1,253,2,22,4353.875,672.312,177.4062,,,,0.158858,0.116719,-0.010024,,,capture
07:13:29.730586,1,254,2,23,4364.656,672.156,177.5312,-0.220,-0.252,0.334,0.158858,0.116719,-0.010024,,,landing
07:13:29.760334,1,254,2,23,4364.656,672.156,177.5312,,,,0.158858,0.116719,-0.010024,,,capture
07:13:37.464561,1,255,2,24,4375.594,671.938,177.2812,,,,0.158711,0.116639,-0.010109,177.2812,76.7,periodic_af
07:13:38.030292,1,255,2,24,4375.594,671.938,177.2812,-0.051,-0.285,0.290,0.158711,0.116639,-0.010109,,,landing
07:13:38.058462,1,255,2,24,4375.594,671.938,177.2812,,,,0.158711,0.116639,-0.010109,,,capture
07:13:39.086487,1,256,2,25,4386.281,671.938,177.3750,-0.024,-0.413,0.413,0.158711,0.116639,-0.010109,,,landing
07:13:39.115388,1,256,2,25,4386.281,671.938,177.3750,,,,0.158711,0.116639,-0.010109,,,capture
07:13:40.166513,1,257,2,26,4396.062,671.812,177.4688,0.184,-0.109,0.213,0.158711,0.116639,-0.010109,,,landing
07:13:40.177535,1,257,2,26,4396.062,671.812,177.4688,,,,0.158711,0.116639,-0.010109,,,capture
07:13:48.100334,1,258,2,27,4406.188,672.000,177.5312,,,,0.158600,0.116524,-0.010199,177.5312,64.2,periodic_af
07:13:48.753584,1,258,2,27,4406.188,672.000,175.6875,,,,0.158600,0.116524,-0.010199,,,capture
07:14:14.309665,1,259,2,28,4417.781,671.625,176.9062,0.188,-0.383,0.427,0.158600,0.116524,-0.010199,,,landing
07:14:14.336266,1,259,2,28,4417.781,671.625,176.9062,,,,0.158600,0.116524,-0.010199,,,capture
07:14:15.532153,1,260,3,28,4417.594,656.969,177.0625,1.084,52.318,52.329,0.158600,0.116524,-0.010199,,,landing
07:14:24.367669,1,260,3,28,4417.094,651.719,177.5312,,,,0.158600,0.116524,-0.010199,,,capture
07:14:32.172877,1,261,4,28,4416.625,638.188,178.0938,,,,0.158506,0.116390,-0.010288,178.0938,63.5,periodic_af
07:14:32.858736,1,261,4,28,4416.625,638.188,178.0938,0.082,-1.235,1.237,0.158506,0.116390,-0.010288,,,landing
07:14:32.882608,1,261,4,28,4416.625,638.188,178.0938,,,,0.158506,0.116390,-0.010288,,,capture
07:14:34.027686,1,262,5,28,4416.344,623.031,178.2500,0.023,0.361,0.362,0.158506,0.116390,-0.010288,,,landing
07:14:34.049444,1,262,5,28,4416.344,623.031,178.2500,,,,0.158506,0.116390,-0.010288,,,capture
07:14:35.258495,1,263,6,28,4416.000,609.562,178.4062,0.159,-0.408,0.438,0.158506,0.116390,-0.010288,,,landing
07:14:35.280224,1,263,6,28,4416.000,609.562,178.4062,,,,0.158506,0.116390,-0.010288,,,capture
07:14:43.470250,1,264,7,28,4415.781,595.688,178.7188,,,,0.158420,0.116257,-0.010375,178.7188,90.8,periodic_af
07:14:43.994161,1,264,7,28,4415.781,595.688,178.7188,0.117,-0.339,0.359,0.158420,0.116257,-0.010375,,,landing
07:14:44.025972,1,264,7,28,4415.781,595.688,178.7188,,,,0.158420,0.116257,-0.010375,,,capture
07:14:45.078449,1,265,8,28,4415.531,581.375,178.8438,0.188,-0.828,0.849,0.158420,0.116257,-0.010375,,,landing
07:14:45.108096,1,265,8,28,4415.531,581.375,178.8438,,,,0.158420,0.116257,-0.010375,,,capture
07:14:46.237486,1,266,9,28,4415.344,566.375,179.0000,0.591,0.438,0.736,0.158420,0.116257,-0.010375,,,landing
07:14:46.248736,1,266,9,28,4415.344,566.375,179.0000,,,,0.158420,0.116257,-0.010375,,,capture
07:14:54.370674,1,267,10,28,4415.781,553.281,179.1875,,,,0.158338,0.116126,-0.010458,179.1875,92.9,periodic_af
07:14:54.950883,1,267,10,28,4415.781,553.281,178.8750,0.192,-0.394,0.439,0.158338,0.116126,-0.010458,,,landing
07:14:54.987302,1,267,10,28,4415.781,553.281,178.8750,,,,0.158338,0.116126,-0.010458,,,capture
07:14:56.108024,1,268,11,28,4415.625,538.688,179.0000,0.124,-0.449,0.466,0.158338,0.116126,-0.010458,,,landing
07:14:56.134517,1,268,11,28,4415.625,538.688,179.0000,,,,0.158338,0.116126,-0.010458,,,capture
07:14:57.197301,1,269,12,28,4415.406,523.938,179.1562,0.076,-0.396,0.403,0.158338,0.116126,-0.010458,,,landing
07:14:57.222868,1,269,12,28,4415.406,523.938,179.1562,,,,0.158338,0.116126,-0.010458,,,capture
07:15:05.452288,1,270,13,28,4415.125,510.094,179.6875,,,,0.158261,0.116003,-0.010537,179.6875,96.5,periodic_af
07:15:06.168834,1,270,13,28,4415.125,510.094,179.6875,-0.200,0.165,0.259,0.158261,0.116003,-0.010537,,,landing
07:15:06.189225,1,270,13,28,4415.125,510.094,179.6875,,,,0.158261,0.116003,-0.010537,,,capture
07:15:07.341603,1,271,14,28,4414.812,496.875,179.8438,-0.440,-1.581,1.641,0.158261,0.116003,-0.010537,,,landing
07:15:07.367534,1,271,14,28,4414.812,496.875,179.8438,,,,0.158261,0.116003,-0.010537,,,capture
07:15:08.445304,1,272,15,28,4414.000,481.406,180.0000,0.068,-2.363,2.364,0.158261,0.116003,-0.010537,,,landing
07:15:09.272972,1,272,15,28,4414.062,479.125,180.0000,,,,0.158261,0.116003,-0.010537,,,capture
07:15:17.215469,1,273,16,28,4414.312,465.844,180.2188,,,,0.158189,0.115892,-0.010610,180.2188,73.2,periodic_af
07:15:17.878324,1,273,16,28,4414.312,465.844,180.1875,-0.465,-1.541,1.609,0.158189,0.115892,-0.010610,,,landing
07:15:17.911649,1,273,16,28,4414.312,465.844,180.1875,,,,0.158189,0.115892,-0.010610,,,capture
07:15:19.062321,1,274,17,28,4413.500,450.375,180.3125,0.034,-0.695,0.696,0.158189,0.115892,-0.010610,,,landing
07:15:19.081854,1,274,17,28,4413.500,450.375,180.3125,,,,0.158189,0.115892,-0.010610,,,capture
07:15:20.271304,1,275,18,28,4413.156,436.219,180.4688,0.119,0.229,0.258,0.158189,0.115892,-0.010610,,,landing
07:15:20.303326,1,275,18,28,4413.156,436.219,180.4688,,,,0.158189,0.115892,-0.010610,,,capture
07:15:28.667420,1,276,19,28,4412.938,422.562,180.3125,,,,0.158115,0.115773,-0.010683,180.3125,96.1,periodic_af
07:15:29.270127,1,276,19,28,4412.938,422.562,180.3125,0.514,0.165,0.540,0.158115,0.115773,-0.010683,,,landing
07:15:29.291442,1,276,19,28,4412.938,422.562,180.3125,,,,0.158115,0.115773,-0.010683,,,capture
07:15:30.318711,1,277,20,28,4413.312,409.219,180.4688,-0.421,-0.682,0.802,0.158115,0.115773,-0.010683,,,landing
07:15:30.340606,1,277,20,28,4413.312,409.219,180.4688,,,,0.158115,0.115773,-0.010683,,,capture
07:15:31.427092,1,278,21,28,4412.531,394.344,180.6250,-0.002,-0.065,0.065,0.158115,0.115773,-0.010683,,,landing
07:15:31.455730,1,278,21,28,4412.531,394.344,180.6250,,,,0.158115,0.115773,-0.010683,,,capture
07:15:39.618524,1,279,22,28,4412.156,380.062,180.9062,,,,0.158043,0.115656,-0.010753,180.9062,85.1,periodic_af
07:15:40.210564,1,279,22,28,4412.156,380.062,180.5312,0.412,0.798,0.898,0.158043,0.115656,-0.010753,,,landing
07:15:40.240459,1,279,22,28,4412.156,380.062,180.5312,,,,0.158043,0.115656,-0.010753,,,capture
07:15:41.396989,1,280,23,28,4412.406,366.812,180.6875,-0.326,0.058,0.332,0.158043,0.115656,-0.010753,,,landing
07:15:41.408216,1,280,23,28,4412.406,366.812,180.6875,,,,0.158043,0.115656,-0.010753,,,capture
07:15:42.511582,1,281,24,28,4411.719,352.906,180.8438,0.483,0.283,0.560,0.158043,0.115656,-0.010753,,,landing
07:15:42.538582,1,281,24,28,4411.719,352.906,180.8438,,,,0.158043,0.115656,-0.010753,,,capture
07:15:50.251264,1,282,25,28,4412.031,339.188,181.4062,,,,0.157975,0.115546,-0.010820,181.4062,87.8,periodic_af
07:15:50.898262,1,282,25,28,4412.031,339.188,181.4062,-0.431,-0.527,0.680,0.157975,0.115546,-0.010820,,,landing
07:15:50.932800,1,282,25,28,4412.031,339.188,181.4062,,,,0.157975,0.115546,-0.010820,,,capture
07:15:52.127747,1,283,26,28,4411.250,324.625,181.5625,0.019,0.352,0.353,0.157975,0.115546,-0.010820,,,landing
07:15:52.149366,1,283,26,28,4411.250,324.625,181.5625,,,,0.157975,0.115546,-0.010820,,,capture
07:15:53.294841,1,284,27,28,4410.906,310.906,181.7188,0.121,-0.870,0.878,0.157975,0.115546,-0.010820,,,landing
07:15:53.329984,1,284,27,28,4410.906,310.906,181.7188,,,,0.157975,0.115546,-0.010820,,,capture
07:16:01.288169,1,285,28,28,4410.656,295.844,181.9375,,,,0.157915,0.115446,-0.010882,181.9375,101.7,periodic_af
07:16:01.856960,1,285,28,28,4410.656,295.844,181.9375,0.027,-0.544,0.545,0.157915,0.115446,-0.010882,,,landing
07:16:01.886421,1,285,28,28,4410.656,295.844,181.9375,,,,0.157915,0.115446,-0.010882,,,capture
07:16:02.920510,1,286,28,27,4400.719,295.000,181.8125,-0.038,-0.095,0.102,0.157915,0.115446,-0.010882,,,landing
07:16:02.943623,1,286,28,27,4400.719,295.000,181.8125,,,,0.157915,0.115446,-0.010882,,,capture
07:16:04.131829,1,287,28,26,4390.594,294.656,181.6875,0.123,0.012,0.124,0.157915,0.115446,-0.010882,,,landing
07:16:04.159493,1,287,28,26,4390.594,294.656,181.6875,,,,0.157915,0.115446,-0.010882,,,capture
07:16:12.241280,1,288,28,25,4380.719,294.406,181.6250,,,,0.157865,0.115356,-0.010939,181.6250,99.7,periodic_af
07:16:12.808521,1,288,28,25,4380.719,294.406,181.5938,-0.683,0.240,0.723,0.157865,0.115356,-0.010939,,,landing
07:16:12.838276,1,288,28,25,4380.719,294.406,181.5938,,,,0.157865,0.115356,-0.010939,,,capture
07:16:13.968715,1,289,28,24,4370.719,294.406,181.4688,-1.327,0.383,1.382,0.157865,0.115356,-0.010939,,,landing
07:16:13.996067,1,289,28,24,4370.719,294.406,181.4688,,,,0.157865,0.115356,-0.010939,,,capture
07:16:15.023040,1,290,28,23,4358.844,294.562,181.3125,-0.310,0.429,0.529,0.157865,0.115356,-0.010939,,,landing
07:16:15.051968,1,290,28,23,4358.844,294.562,181.3125,,,,0.157865,0.115356,-0.010939,,,capture
07:16:22.649926,1,291,28,22,4348.812,294.750,181.0312,,,,0.157815,0.115269,-0.010994,181.0312,96.9,periodic_af
07:16:23.269018,1,291,28,22,4348.812,294.750,181.0000,-0.862,0.469,0.981,0.157815,0.115269,-0.010994,,,landing
07:16:23.298723,1,291,28,22,4348.812,294.750,181.0000,,,,0.157815,0.115269,-0.010994,,,capture
07:16:24.355680,1,292,28,21,4338.000,294.969,180.8750,-0.725,0.399,0.827,0.157815,0.115269,-0.010994,,,landing
07:16:24.368218,1,292,28,21,4338.000,294.969,180.8750,,,,0.157815,0.115269,-0.010994,,,capture
07:16:25.535027,1,293,28,20,4327.156,295.125,180.7500,-0.672,0.325,0.747,0.157815,0.115269,-0.010994,,,landing
07:16:25.560935,1,293,28,20,4327.156,295.125,180.7500,,,,0.157815,0.115269,-0.010994,,,capture
07:16:33.260594,1,294,28,19,4316.094,295.219,181.0000,,,,0.157779,0.115188,-0.011044,181.0000,90.7,periodic_af
07:16:33.881156,1,294,28,19,4316.094,295.219,181.0000,-0.658,0.577,0.875,0.157779,0.115188,-0.011044,,,landing
07:16:33.910083,1,294,28,19,4316.094,295.219,181.0000,,,,0.157779,0.115188,-0.011044,,,capture
07:16:35.036562,1,295,28,18,4304.812,295.812,180.8750,-0.213,0.130,0.249,0.157779,0.115188,-0.011044,,,landing
07:16:35.049219,1,295,28,18,4304.812,295.812,180.8750,,,,0.157779,0.115188,-0.011044,,,capture
07:16:36.118355,1,296,28,17,4294.844,295.938,180.7500,-0.148,-0.079,0.167,0.157779,0.115188,-0.011044,,,landing
07:16:36.142585,1,296,28,17,4294.844,295.938,180.7500,,,,0.157779,0.115188,-0.011044,,,capture
07:16:43.966047,1,297,28,16,4284.250,295.688,180.8750,,,,0.157766,0.115110,-0.011086,180.8750,88.6,periodic_af
07:16:44.553461,1,297,28,16,4284.250,295.688,180.8438,-0.348,0.059,0.353,0.157766,0.115110,-0.011086,,,landing
07:16:44.576925,1,297,28,16,4284.250,295.688,180.8438,,,,0.157766,0.115110,-0.011086,,,capture
07:16:45.644587,1,298,28,15,4274.469,295.562,180.7500,-0.953,0.285,0.995,0.157766,0.115110,-0.011086,,,landing
07:16:45.669288,1,298,28,15,4274.469,295.562,180.7500,,,,0.157766,0.115110,-0.011086,,,capture
07:16:46.848794,1,299,28,14,4263.219,295.625,180.6250,-0.354,0.401,0.535,0.157766,0.115110,-0.011086,,,landing
07:16:46.862264,1,299,28,14,4263.219,295.625,180.6250,,,,0.157766,0.115110,-0.011086,,,capture
07:16:55.104922,1,300,28,13,4252.656,295.812,180.3125,,,,0.157766,0.115030,-0.011123,180.3125,96.5,periodic_af
07:16:55.686594,1,300,28,13,4252.656,295.812,180.3125,-0.858,0.475,0.981,0.157766,0.115030,-0.011123,,,landing
07:16:55.717035,1,300,28,13,4252.656,295.812,180.3125,,,,0.157766,0.115030,-0.011123,,,capture
07:16:56.745036,1,301,28,12,4240.844,296.250,180.1875,0.123,0.342,0.364,0.157766,0.115030,-0.011123,,,landing
07:16:56.772117,1,301,28,12,4240.844,296.250,180.1875,,,,0.157766,0.115030,-0.011123,,,capture
07:16:57.824972,1,302,28,11,4230.062,296.562,180.0625,0.441,0.245,0.505,0.157766,0.115030,-0.011123,,,landing
07:16:57.840621,1,302,28,11,4230.062,296.562,180.0625,,,,0.157766,0.115030,-0.011123,,,capture
07:17:05.741502,1,303,28,10,4220.531,296.781,179.6875,,,,0.157768,0.114954,-0.011158,179.6875,86.4,periodic_af
07:17:06.337126,1,303,28,10,4220.531,296.781,179.6250,-0.210,-0.247,0.324,0.157768,0.114954,-0.011158,,,landing
07:17:06.359400,1,303,28,10,4220.531,296.781,179.6250,,,,0.157768,0.114954,-0.011158,,,capture
07:17:07.557466,1,304,28,9,4210.031,296.469,179.5000,-0.201,-0.044,0.206,0.157768,0.114954,-0.011158,,,landing
07:17:07.568924,1,304,28,9,4210.031,296.469,179.5000,,,,0.157768,0.114954,-0.011158,,,capture
07:17:08.672199,1,305,28,8,4199.219,296.406,179.3750,-0.010,0.088,0.089,0.157768,0.114954,-0.011158,,,landing
07:17:08.685189,1,305,28,8,4199.219,296.406,179.3750,,,,0.157768,0.114954,-0.011158,,,capture
07:17:16.665325,1,306,28,7,4188.406,296.469,179.0312,,,,0.157761,0.114889,-0.011194,179.0312,87.7,periodic_af
07:17:17.296221,1,306,28,7,4188.406,296.469,179.0312,-0.154,-10.217,10.218,0.157761,0.114889,-0.011194,,,landing
07:17:19.395866,1,306,28,7,4188.000,282.656,179.0312,,,,0.157761,0.114889,-0.011194,,,capture
07:17:20.394133,1,307,28,6,4176.969,282.094,178.8750,0.651,13.835,13.850,0.157761,0.114889,-0.011194,,,landing
07:17:22.089960,1,307,28,6,4177.594,298.062,178.8750,,,,0.157761,0.114889,-0.011194,,,capture
07:17:23.484315,1,308,28,5,4166.969,297.875,178.7500,0.150,0.155,0.216,0.157761,0.114889,-0.011194,,,landing
07:17:23.516542,1,308,28,5,4166.969,297.875,178.7500,,,,0.157761,0.114889,-0.011194,,,capture
07:17:31.411835,1,309,28,4,4156.469,298.000,178.9688,,,,0.157757,0.114824,-0.011227,178.9688,78.1,periodic_af
07:17:32.042954,1,309,28,4,4156.469,298.000,178.9688,-0.028,0.215,0.217,0.157757,0.114824,-0.011227,,,landing
07:17:32.081145,1,309,28,4,4156.469,298.000,178.9688,,,,0.157757,0.114824,-0.011227,,,capture
07:17:33.120488,1,310,28,3,4145.531,298.188,178.8438,0.155,0.178,0.236,0.157757,0.114824,-0.011227,,,landing
07:17:33.141103,1,310,28,3,4145.531,298.188,178.8438,,,,0.157757,0.114824,-0.011227,,,capture
07:17:34.447733,1,311,28,2,4135.188,298.344,178.7188,-0.058,0.093,0.110,0.157757,0.114824,-0.011227,,,landing
07:17:34.460998,1,311,28,2,4135.188,298.344,178.7188,,,,0.157757,0.114824,-0.011227,,,capture
07:17:42.535055,1,312,27,2,4135.062,312.812,178.4062,,,,0.157752,0.114765,-0.011258,178.4062,55.1,periodic_af
07:17:43.118444,1,312,27,2,4135.062,312.812,178.4062,0.268,1.676,1.697,0.157752,0.114765,-0.011258,,,landing
07:17:43.148573,1,312,27,2,4135.062,312.812,178.4062,,,,0.157752,0.114765,-0.011258,,,capture
07:17:44.280533,1,313,26,2,4135.250,329.000,178.2500,0.543,5.407,5.435,0.157752,0.114765,-0.011258,,,landing
07:17:45.412794,1,313,26,2,4136.000,334.156,178.2500,,,,0.157752,0.114765,-0.011258,,,capture
07:17:46.532553,1,314,25,2,4135.656,347.281,178.0938,0.087,1.535,1.537,0.157752,0.114765,-0.011258,,,landing
07:17:46.562230,1,314,25,2,4135.656,347.281,178.0938,,,,0.157752,0.114765,-0.011258,,,capture
07:17:54.168467,1,315,24,2,4135.688,363.062,177.9062,,,,0.157747,0.114711,-0.011289,177.9062,77.1,periodic_af
07:17:54.774990,1,315,24,2,4135.688,363.062,177.8750,0.207,0.012,0.207,0.157747,0.114711,-0.011289,,,landing
07:17:54.797446,1,315,24,2,4135.688,363.062,177.8750,,,,0.157747,0.114711,-0.011289,,,capture
07:17:55.829778,1,316,23,2,4135.781,377.156,177.6875,0.623,-0.266,0.677,0.157747,0.114711,-0.011289,,,landing
07:17:55.850559,1,316,23,2,4135.781,377.156,177.6875,,,,0.157747,0.114711,-0.011289,,,capture
07:17:56.981656,1,317,22,2,4136.312,390.969,177.5000,0.396,-1.482,1.534,0.157747,0.114711,-0.011289,,,landing
07:17:57.003198,1,317,22,2,4136.312,390.969,177.5000,,,,0.157747,0.114711,-0.011289,,,capture
07:18:04.657924,1,318,21,2,4136.625,403.531,177.0625,,,,0.157740,0.114677,-0.011321,177.0625,77.3,periodic_af
07:18:05.332463,1,318,21,2,4136.625,403.531,177.1250,0.389,0.934,1.011,0.157740,0.114677,-0.011321,,,landing
07:18:05.358314,1,318,21,2,4136.625,403.531,177.1250,,,,0.157740,0.114677,-0.011321,,,capture
07:18:06.446941,1,319,20,2,4136.938,418.969,176.9375,0.407,-0.628,0.748,0.157740,0.114677,-0.011321,,,landing
07:18:06.459992,1,319,20,2,4136.938,418.969,176.9375,,,,0.157740,0.114677,-0.011321,,,capture
07:18:07.532532,1,320,19,2,4137.250,433.031,176.7812,0.354,-0.461,0.581,0.157740,0.114677,-0.011321,,,landing
07:18:07.561665,1,320,19,2,4137.250,433.031,176.7812,,,,0.157740,0.114677,-0.011321,,,capture
07:18:15.407255,1,321,18,2,4137.500,447.531,176.6562,,,,0.157735,0.114655,-0.011353,176.6562,63.1,periodic_af
07:18:16.028667,1,321,18,2,4137.500,447.531,176.5625,0.342,-0.769,0.841,0.157735,0.114655,-0.011353,,,landing
07:18:16.047521,1,321,18,2,4137.500,447.531,176.5625,,,,0.157735,0.114655,-0.011353,,,capture
07:18:17.324117,1,322,17,2,4137.812,461.000,176.4062,0.300,-0.760,0.817,0.157735,0.114655,-0.011353,,,landing
07:18:17.343577,1,322,17,2,4137.812,461.000,176.4062,,,,0.157735,0.114655,-0.011353,,,capture
07:18:18.334526,1,323,16,2,4138.000,474.969,176.2500,0.354,1.116,1.171,0.157735,0.114655,-0.011353,,,landing
07:18:18.359989,1,323,16,2,4138.000,474.969,176.2500,,,,0.157735,0.114655,-0.011353,,,capture
07:18:25.978610,1,324,15,2,4138.281,491.156,176.5312,,,,0.157729,0.114629,-0.011383,176.5312,71.1,periodic_af
07:18:26.511711,1,324,15,2,4138.281,491.156,176.4688,0.342,-0.304,0.458,0.157729,0.114629,-0.011383,,,landing
07:18:26.544559,1,324,15,2,4138.281,491.156,176.4688,,,,0.157729,0.114629,-0.011383,,,capture
07:18:27.700154,1,325,14,2,4138.500,504.875,176.3125,0.134,-2.810,2.813,0.157729,0.114629,-0.011383,,,landing
07:18:29.813552,1,325,14,2,4138.844,496.000,176.3125,,,,0.157729,0.114629,-0.011383,,,capture
07:18:30.916988,1,326,13,2,4138.719,510.812,176.1562,0.316,7.260,7.267,0.157729,0.114629,-0.011383,,,landing
07:18:31.802522,1,326,13,2,4139.156,519.062,176.1562,,,,0.157729,0.114629,-0.011383,,,capture
07:18:39.721823,1,327,12,2,4139.000,534.125,176.2500,,,,0.157713,0.114591,-0.011409,176.2500,84.8,periodic_af
07:18:40.374360,1,327,12,2,4139.000,534.125,176.2500,0.245,-0.768,0.806,0.157713,0.114591,-0.011409,,,landing
07:18:40.395723,1,327,12,2,4139.000,534.125,176.2500,,,,0.157713,0.114591,-0.011409,,,capture
07:18:41.424147,1,328,11,2,4139.188,547.625,176.0625,0.281,1.389,1.417,0.157713,0.114591,-0.011409,,,landing
07:18:41.445432,1,328,11,2,4139.188,547.625,176.0625,,,,0.157713,0.114591,-0.011409,,,capture
07:18:42.567279,1,329,10,2,4139.406,563.438,175.8750,0.352,-1.195,1.246,0.157713,0.114591,-0.011409,,,landing
07:18:42.608902,1,329,10,2,4139.406,563.438,175.8750,,,,0.157713,0.114591,-0.011409,,,capture
07:18:50.928847,1,330,9,2,4139.656,575.688,175.3438,,,,0.157699,0.114556,-0.011433,175.3438,77.5,periodic_af
07:18:51.558697,1,330,9,2,4139.656,575.688,175.3125,0.291,-1.131,1.168,0.157699,0.114556,-0.011433,,,landing
07:18:51.584918,1,330,9,2,4139.656,575.688,175.3125,,,,0.157699,0.114556,-0.011433,,,capture
07:18:52.631164,1,331,8,2,4139.875,588.812,175.1562,0.251,1.713,1.731,0.157699,0.114556,-0.011433,,,landing
07:18:52.663498,1,331,8,2,4139.875,588.812,175.1562,,,,0.157699,0.114556,-0.011433,,,capture
07:18:53.841555,1,332,7,2,4140.031,605.438,175.0000,0.374,-1.146,1.206,0.157699,0.114556,-0.011433,,,landing
07:18:53.868757,1,332,7,2,4140.031,605.438,175.0000,,,,0.157699,0.114556,-0.011433,,,capture
07:19:01.911895,1,333,6,2,4140.375,617.750,174.7812,,,,0.157692,0.114527,-0.011457,174.7812,88.9,periodic_af
07:19:02.559085,1,333,6,2,4140.375,617.750,174.8438,0.346,-1.124,1.177,0.157692,0.114527,-0.011457,,,landing
07:19:02.588129,1,333,6,2,4140.375,617.750,174.8438,,,,0.157692,0.114527,-0.011457,,,capture
07:19:03.668840,1,334,5,2,4140.625,631.375,174.6562,0.290,0.289,0.410,0.157692,0.114527,-0.011457,,,landing
07:19:03.695693,1,334,5,2,4140.625,631.375,174.6562,,,,0.157692,0.114527,-0.011457,,,capture
07:19:04.800500,1,335,4,2,4140.844,646.625,174.5000,0.390,-1.586,1.633,0.157692,0.114527,-0.011457,,,landing
07:19:04.820097,1,335,4,2,4140.844,646.625,174.5000,,,,0.157692,0.114527,-0.011457,,,capture
07:19:12.804165,1,336,3,2,4141.219,659.375,174.5312,,,,0.157676,0.114494,-0.011479,174.5312,92.7,periodic_af
07:19:13.428550,1,336,3,2,4141.219,659.375,174.5938,0.258,0.563,0.620,0.157676,0.114494,-0.011479,,,landing
07:19:13.462985,1,336,3,2,4141.219,659.375,174.5938,,,,0.157676,0.114494,-0.011479,,,capture
07:19:14.492235,1,337,3,3,4152.031,660.062,174.5625,-0.077,-0.250,0.261,0.157676,0.114494,-0.011479,,,landing
07:19:14.520974,1,337,3,3,4152.031,660.062,174.5625,,,,0.157676,0.114494,-0.011479,,,capture
07:19:15.581382,1,338,3,4,4162.969,659.844,174.6562,-0.203,-0.276,0.342,0.157676,0.114494,-0.011479,,,landing
07:19:15.595069,1,338,3,4,4162.969,659.844,174.6562,,,,0.157676,0.114494,-0.011479,,,capture
07:19:23.679031,1,339,3,5,4173.219,659.594,174.7188,,,,0.157660,0.114463,-0.011500,174.7188,71.7,periodic_af
07:19:24.390885,1,339,3,5,4173.219,659.594,173.7188,0.209,-0.281,0.351,0.157660,0.114463,-0.011500,,,landing
07:19:24.415857,1,339,3,5,4173.219,659.594,173.7188,,,,0.157660,0.114463,-0.011500,,,capture
07:19:25.478848,1,340,3,6,4184.438,659.344,173.8125,-254.874,-0.689,254.875,0.157660,0.114463,-0.011500,,,landing
07:19:33.515515,1,340,3,6,4184.438,659.344,174.2500,,,,0.157660,0.114463,-0.011500,,,capture
07:19:34.529599,1,341,3,7,4194.312,659.188,174.3125,-0.242,-0.175,0.299,0.157660,0.114463,-0.011500,,,landing
07:19:34.554552,1,341,3,7,4194.312,659.188,174.3125,,,,0.157660,0.114463,-0.011500,,,capture
07:19:42.803328,1,342,3,8,4203.594,659.188,174.8750,,,,0.157651,0.114434,-0.011520,174.8750,72.4,periodic_af
07:19:43.305077,1,342,3,8,4203.594,659.188,174.8750,0.952,-0.265,0.988,0.157651,0.114434,-0.011520,,,landing
07:19:43.322339,1,342,3,8,4203.594,659.188,174.8750,,,,0.157651,0.114434,-0.011520,,,capture
07:19:44.419011,1,343,3,9,4214.281,659.062,174.9688,0.874,-0.216,0.900,0.157651,0.114434,-0.011520,,,landing
07:19:44.451487,1,343,3,9,4214.281,659.062,174.9688,,,,0.157651,0.114434,-0.011520,,,capture
07:19:45.396524,1,344,3,10,4225.375,658.938,175.0625,0.579,-0.214,0.617,0.157651,0.114434,-0.011520,,,landing
07:19:45.422124,1,344,3,10,4225.375,658.938,175.0625,,,,0.157651,0.114434,-0.011520,,,capture
07:19:52.838262,1,345,3,11,4235.469,658.875,175.3125,,,,0.157641,0.114407,-0.011539,175.3125,74.3,periodic_af
07:19:53.414092,1,345,3,11,4235.469,658.875,175.2500,0.722,-0.188,0.746,0.157641,0.114407,-0.011539,,,landing
07:19:53.440509,1,345,3,11,4235.469,658.875,175.2500,,,,0.157641,0.114407,-0.011539,,,capture
07:19:54.533229,1,346,3,12,4245.500,658.812,175.3438,1.423,-0.124,1.429,0.157641,0.114407,-0.011539,,,landing
07:19:54.562044,1,346,3,12,4245.500,658.812,175.3438,,,,0.157641,0.114407,-0.011539,,,capture
07:19:55.578997,1,347,3,13,4256.375,658.812,175.4375,1.317,-0.279,1.347,0.157641,0.114407,-0.011539,,,landing
07:19:55.604800,1,347,3,13,4256.375,658.812,175.4375,,,,0.157641,0.114407,-0.011539,,,capture
07:20:03.621975,1,348,3,14,4267.250,658.656,175.5000,,,,0.157637,0.114379,-0.011558,175.5000,83.2,periodic_af
07:20:04.268140,1,348,3,14,4267.250,658.656,175.5312,0.852,-0.291,0.900,0.157637,0.114379,-0.011558,,,landing
07:20:04.287092,1,348,3,14,4267.250,658.656,175.5312,,,,0.157637,0.114379,-0.011558,,,capture
07:20:05.240403,1,349,3,15,4277.781,658.500,175.6250,1.129,-0.197,1.146,0.157637,0.114379,-0.011558,,,landing
07:20:05.253100,1,349,3,15,4277.781,658.500,175.6250,,,,0.157637,0.114379,-0.011558,,,capture
07:20:06.331037,1,350,3,16,4288.938,658.438,175.7188,0.407,-0.303,0.507,0.157637,0.114379,-0.011558,,,landing
07:20:06.356615,1,350,3,16,4288.938,658.438,175.7188,,,,0.157637,0.114379,-0.011558,,,capture
07:20:14.567543,1,351,3,17,4299.312,658.250,175.8438,,,,0.157636,0.114352,-0.011577,175.8438,79.6,periodic_af
07:20:15.187791,1,351,3,17,4299.312,658.250,175.8438,0.690,-0.160,0.708,0.157636,0.114352,-0.011577,,,landing
07:20:15.221461,1,351,3,17,4299.312,658.250,175.8438,,,,0.157636,0.114352,-0.011577,,,capture
07:20:16.228767,1,352,3,18,4309.906,658.188,175.9688,0.735,-0.197,0.761,0.157636,0.114352,-0.011577,,,landing
07:20:16.250319,1,352,3,18,4309.906,658.188,175.9688,,,,0.157636,0.114352,-0.011577,,,capture
07:20:17.395979,1,353,3,19,4320.875,658.094,176.0625,0.414,-0.237,0.477,0.157636,0.114352,-0.011577,,,landing
07:20:17.406823,1,353,3,19,4320.875,658.094,176.0625,,,,0.157636,0.114352,-0.011577,,,capture
07:20:25.183088,1,354,3,20,4331.562,657.969,176.0938,,,,0.157639,0.114323,-0.011596,176.0938,68.7,periodic_af
07:20:25.724860,1,354,3,20,4331.562,657.969,176.0938,0.368,-0.307,0.479,0.157639,0.114323,-0.011596,,,landing
07:20:25.753929,1,354,3,20,4331.562,657.969,176.0938,,,,0.157639,0.114323,-0.011596,,,capture
07:20:26.905748,1,355,3,21,4341.906,657.781,176.1875,0.560,-0.205,0.596,0.157639,0.114323,-0.011596,,,landing
07:20:26.928388,1,355,3,21,4341.906,657.781,176.1875,,,,0.157639,0.114323,-0.011596,,,capture
07:20:28.213561,1,356,3,22,4351.844,657.688,176.2812,1.254,-0.242,1.277,0.157639,0.114323,-0.011596,,,landing
07:20:28.236236,1,356,3,22,4351.844,657.688,176.2812,,,,0.157639,0.114323,-0.011596,,,capture
07:20:36.348517,1,357,3,23,4362.938,657.562,176.5938,,,,0.157639,0.114298,-0.011613,176.5938,73.1,periodic_af
07:20:36.952068,1,357,3,23,4362.938,657.562,176.5938,1.011,-0.188,1.028,0.157639,0.114298,-0.011613,,,landing
07:20:36.975128,1,357,3,23,4362.938,657.562,176.5938,,,,0.157639,0.114298,-0.011613,,,capture
07:20:38.129062,1,358,3,24,4372.875,657.500,176.6875,1.603,-0.269,1.625,0.157639,0.114298,-0.011613,,,landing
07:20:38.155563,1,358,3,24,4372.875,657.500,176.6875,,,,0.157639,0.114298,-0.011613,,,capture
07:20:39.139698,1,359,3,25,4384.469,657.344,176.7812,0.643,-0.249,0.690,0.157639,0.114298,-0.011613,,,landing
07:20:39.162007,1,359,3,25,4384.469,657.344,176.7812,,,,0.157639,0.114298,-0.011613,,,capture
07:20:47.398580,1,360,3,26,4395.344,657.219,176.5312,,,,0.157650,0.114261,-0.011631,176.5312,87.9,periodic_af
07:20:47.924699,1,360,3,26,4395.344,657.219,176.5312,0.584,-0.240,0.631,0.157650,0.114261,-0.011631,,,landing
07:20:47.959819,1,360,3,26,4395.344,657.219,176.5312,,,,0.157650,0.114261,-0.011631,,,capture
07:20:49.144067,1,361,3,27,4405.125,657.188,176.6250,1.326,-0.325,1.365,0.157650,0.114261,-0.011631,,,landing
07:20:49.157875,1,361,3,27,4405.125,657.188,176.6250,,,,0.157650,0.114261,-0.011631,,,capture
07:20:50.285708,1,362,4,27,4406.562,642.844,176.7500,-0.199,-5.819,5.822,0.157650,0.114261,-0.011631,,,landing
07:20:51.126688,1,362,4,27,4405.969,636.812,176.7500,,,,0.157650,0.114261,-0.011631,,,capture
07:20:59.243181,1,363,5,27,4406.469,622.125,177.3438,,,,0.157655,0.114233,-0.011648,177.3438,71.4,periodic_af
07:20:59.847660,1,363,5,27,4406.469,622.125,177.3438,0.002,0.580,0.580,0.157655,0.114233,-0.011648,,,landing
07:20:59.876237,1,363,5,27,4406.469,622.125,177.3438,,,,0.157655,0.114233,-0.011648,,,capture
07:21:01.145197,1,364,6,27,4406.562,608.594,177.5000,-0.255,0.005,0.255,0.157655,0.114233,-0.011648,,,landing
07:21:01.167416,1,364,6,27,4406.562,608.594,177.5000,,,,0.157655,0.114233,-0.011648,,,capture
07:21:02.478431,1,365,7,27,4406.375,594.094,177.6562,0.000,0.847,0.847,0.157655,0.114233,-0.011648,,,landing
07:21:02.491254,1,365,7,27,4406.375,594.094,177.6562,,,,0.157655,0.114233,-0.011648,,,capture
07:21:10.259947,1,366,8,27,4406.438,580.312,177.9375,,,,0.157655,0.114220,-0.011661,177.9375,92.8,periodic_af
07:21:10.847224,1,366,8,27,4406.438,580.312,177.9688,-0.238,-0.280,0.368,0.157655,0.114220,-0.011661,,,landing
07:21:10.870687,1,366,8,27,4406.438,580.312,177.9688,,,,0.157655,0.114220,-0.011661,,,capture
07:21:11.927399,1,367,9,27,4406.281,565.656,178.1250,-0.348,0.506,0.614,0.157655,0.114220,-0.011661,,,landing
07:21:11.951411,1,367,9,27,4406.281,565.656,178.1250,,,,0.157655,0.114220,-0.011661,,,capture
07:21:13.024861,1,368,10,27,4406.000,552.031,178.2812,-0.323,1.321,1.360,0.157655,0.114220,-0.011661,,,landing
07:21:13.046817,1,368,10,27,4406.000,552.031,178.2812,,,,0.157655,0.114220,-0.011661,,,capture
07:21:20.922143,1,369,11,27,4405.781,538.531,178.2812,,,,0.157653,0.114216,-0.011673,178.2812,77.5,periodic_af
07:21:21.541356,1,369,11,27,4405.781,538.531,178.3750,-0.266,-0.611,0.666,0.157653,0.114216,-0.011673,,,landing
07:21:21.564667,1,369,11,27,4405.781,538.531,178.3750,,,,0.157653,0.114216,-0.011673,,,capture
07:21:22.884982,1,370,12,27,4405.594,523.594,178.5312,-0.391,0.577,0.697,0.157653,0.114216,-0.011673,,,landing
07:21:22.908384,1,370,12,27,4405.594,523.594,178.5312,,,,0.157653,0.114216,-0.011673,,,capture
07:21:24.184992,1,371,13,27,4405.281,509.875,178.6875,-0.283,-0.402,0.492,0.157653,0.114216,-0.011673,,,landing
07:21:24.196201,1,371,13,27,4405.281,509.875,178.6875,,,,0.157653,0.114216,-0.011673,,,capture
07:21:32.131504,1,372,14,27,4405.062,495.000,179.0938,,,,0.157651,0.114236,-0.011680,179.0938,84.3,periodic_af
07:21:32.762152,1,372,14,27,4405.062,495.000,179.2188,-0.300,-1.253,1.288,0.157651,0.114236,-0.011680,,,landing
07:21:32.785609,1,372,14,27,4405.062,495.000,179.2188,,,,0.157651,0.114236,-0.011680,,,capture
07:21:33.847334,1,373,15,27,4404.844,479.219,179.3750,-0.331,-0.609,0.693,0.157651,0.114236,-0.011680,,,landing
07:21:33.873523,1,373,15,27,4404.844,479.219,179.3750,,,,0.157651,0.114236,-0.011680,,,capture
07:21:35.046477,1,374,16,27,4404.594,464.125,179.5312,-0.339,-0.057,0.344,0.157651,0.114236,-0.011680,,,landing
07:21:35.079246,1,374,16,27,4404.594,464.125,179.5312,,,,0.157651,0.114236,-0.011680,,,capture
07:21:42.982350,1,375,17,27,4404.312,449.875,179.7500,,,,0.157655,0.114286,-0.011681,179.7500,103.3,periodic_af
07:21:43.564441,1,375,17,27,4404.312,449.875,179.7500,-0.418,-0.278,0.502,0.157655,0.114286,-0.011681,,,landing
07:21:43.592185,1,375,17,27,4404.312,449.875,179.7500,,,,0.157655,0.114286,-0.011681,,,capture
07:21:44.631434,1,376,18,27,4403.969,434.938,179.9062,-0.219,-0.296,0.368,0.157655,0.114286,-0.011681,,,landing
07:21:44.657232,1,376,18,27,4403.969,434.938,179.9062,,,,0.157655,0.114286,-0.011681,,,capture
07:21:45.784410,1,377,19,27,4403.812,420.094,180.0312,-0.093,1.177,1.180,0.157655,0.114286,-0.011681,,,landing
07:21:45.795925,1,377,19,27,4403.812,420.094,180.0312,,,,0.157655,0.114286,-0.011681,,,capture
07:21:54.083690,1,378,20,27,4403.250,406.688,179.8438,,,,0.157666,0.114348,-0.011681,179.8438,95.7,periodic_af
07:21:54.671852,1,378,20,27,4403.250,406.688,179.8125,0.160,1.309,1.318,0.157666,0.114348,-0.011681,,,landing
07:21:54.701922,1,378,20,27,4403.250,406.688,179.8125,,,,0.157666,0.114348,-0.011681,,,capture
07:21:55.848338,1,379,21,27,4402.938,394.125,179.9688,-0.178,-0.175,0.250,0.157666,0.114348,-0.011681,,,landing
07:21:55.875870,1,379,21,27,4402.938,394.125,179.9688,,,,0.157666,0.114348,-0.011681,,,capture
07:21:57.038786,1,380,22,27,4402.281,379.969,180.1250,-0.080,1.190,1.193,0.157666,0.114348,-0.011681,,,landing
07:21:57.052229,1,380,22,27,4402.281,379.969,180.1250,,,,0.157666,0.114348,-0.011681,,,capture
07:22:04.999109,1,381,23,27,4401.938,366.312,180.4062,,,,0.157688,0.114425,-0.011677,180.4062,98.9,periodic_af
07:22:05.567009,1,381,23,27,4401.938,366.312,180.4062,-0.071,-0.010,0.071,0.157688,0.114425,-0.011677,,,landing
07:22:05.596983,1,381,23,27,4401.938,366.312,180.4062,,,,0.157688,0.114425,-0.011677,,,capture
07:22:06.696236,1,382,24,27,4401.625,352.031,180.5625,0.019,0.240,0.241,0.157688,0.114425,-0.011677,,,landing
07:22:06.718638,1,382,24,27,4401.625,352.031,180.5625,,,,0.157688,0.114425,-0.011677,,,capture
07:22:07.818832,1,383,25,27,4401.375,338.219,180.7500,0.010,0.816,0.816,0.157688,0.114425,-0.011677,,,landing
07:22:07.846058,1,383,25,27,4401.375,338.219,180.7500,,,,0.157688,0.114425,-0.011677,,,capture
07:22:15.840683,1,384,26,27,4401.156,324.375,181.1250,,,,0.157734,0.114525,-0.011669,181.1250,92.7,periodic_af
07:22:16.507710,1,384,26,27,4401.156,324.375,181.1250,0.229,-0.574,0.618,0.157734,0.114525,-0.011669,,,landing
07:22:16.530038,1,384,26,27,4401.156,324.375,181.1250,,,,0.157734,0.114525,-0.011669,,,capture
07:22:17.781346,1,385,27,27,4400.906,309.500,181.2812,-0.001,0.077,0.077,0.157734,0.114525,-0.011669,,,landing
07:22:17.801007,1,385,27,27,4400.906,309.500,181.2812,,,,0.157734,0.114525,-0.011669,,,capture
07:22:18.844461,1,386,27,26,4391.156,309.562,181.1562,0.013,0.093,0.094,0.157734,0.114525,-0.011669,,,landing
07:22:18.868454,1,386,27,26,4391.156,309.562,181.1562,,,,0.157734,0.114525,-0.011669,,,capture
07:22:26.711531,1,387,27,25,4381.188,309.531,181.0625,,,,0.157803,0.114641,-0.011657,181.0625,97.2,periodic_af
07:22:27.345004,1,387,27,25,4381.188,309.531,181.0625,-0.641,0.181,0.666,0.157803,0.114641,-0.011657,,,landing
07:22:27.382230,1,387,27,25,4381.188,309.531,181.0625,,,,0.157803,0.114641,-0.011657,,,capture
07:22:28.423302,1,388,27,24,4370.812,309.625,180.9375,-0.962,0.260,0.996,0.157803,0.114641,-0.011657,,,landing
07:22:28.449429,1,388,27,24,4370.812,309.625,180.9375,,,,0.157803,0.114641,-0.011657,,,capture
07:22:29.446157,1,389,27,23,4359.719,309.781,180.8125,-0.747,0.229,0.781,0.157803,0.114641,-0.011657,,,landing
07:22:29.458047,1,389,27,23,4359.719,309.781,180.8125,,,,0.157803,0.114641,-0.011657,,,capture
07:22:37.484069,1,390,27,22,4348.844,309.906,180.2500,,,,0.157879,0.114758,-0.011644,180.2500,90.2,periodic_af
07:22:38.071917,1,390,27,22,4348.844,309.906,180.2812,-0.477,0.226,0.528,0.157879,0.114758,-0.011644,,,landing
07:22:38.088997,1,390,27,22,4348.844,309.906,180.2812,,,,0.157879,0.114758,-0.011644,,,capture
07:22:39.043033,1,391,27,21,4337.906,310.031,180.1562,-0.286,0.217,0.359,0.157879,0.114758,-0.011644,,,landing
07:22:39.068572,1,391,27,21,4337.906,310.031,180.1562,,,,0.157879,0.114758,-0.011644,,,capture
07:22:40.120697,1,392,27,20,4327.375,310.156,180.0312,-0.333,0.211,0.394,0.157879,0.114758,-0.011644,,,landing
07:22:40.143355,1,392,27,20,4327.375,310.156,180.0312,,,,0.157879,0.114758,-0.011644,,,capture
07:22:48.038370,1,393,27,19,4316.688,310.312,180.1562,,,,0.157969,0.114873,-0.011629,180.1562,74.6,periodic_af
07:22:48.625116,1,393,27,19,4316.688,310.312,180.1562,-0.419,0.168,0.451,0.157969,0.114873,-0.011629,,,landing
07:22:48.661419,1,393,27,19,4316.688,310.312,180.1562,,,,0.157969,0.114873,-0.011629,,,capture
07:22:49.922138,1,394,27,18,4306.000,310.375,180.0312,-0.347,0.196,0.398,0.157969,0.114873,-0.011629,,,landing
07:22:49.938423,1,394,27,18,4306.000,310.375,180.0312,,,,0.157969,0.114873,-0.011629,,,capture
07:22:50.847113,1,395,27,17,4295.625,310.469,179.9062,-0.595,0.210,0.631,0.157969,0.114873,-0.011629,,,landing
07:22:50.876541,1,395,27,17,4295.625,310.469,179.9062,,,,0.157969,0.114873,-0.011629,,,capture
07:22:58.954348,1,396,27,16,4284.719,310.594,179.8438,,,,0.158074,0.114983,-0.011610,179.8438,85.9,periodic_af
07:22:59.597539,1,396,27,16,4284.719,310.594,179.7188,-0.251,0.172,0.304,0.158074,0.114983,-0.011610,,,landing
07:22:59.627780,1,396,27,16,4284.719,310.594,179.7188,,,,0.158074,0.114983,-0.011610,,,capture
07:23:00.681893,1,397,27,15,4274.594,310.688,179.5938,-0.517,0.183,0.549,0.158074,0.114983,-0.011610,,,landing
07:23:00.706750,1,397,27,15,4274.594,310.688,179.5938,,,,0.158074,0.114983,-0.011610,,,capture
07:23:01.758727,1,398,27,14,4263.750,310.781,179.4688,-0.343,0.223,0.409,0.158074,0.114983,-0.011610,,,landing
07:23:01.770330,1,398,27,14,4263.750,310.781,179.4688,,,,0.158074,0.114983,-0.011610,,,capture
07:23:09.863354,1,399,27,13,4253.156,310.906,179.7812,,,,0.158201,0.115079,-0.011588,179.7812,99.3,periodic_af
07:23:10.424694,1,399,27,13,4253.156,310.906,179.8438,-0.520,0.130,0.536,0.158201,0.115079,-0.011588,,,landing
07:23:10.456938,1,399,27,13,4253.156,310.906,179.8438,,,,0.158201,0.115079,-0.011588,,,capture
07:23:11.556605,1,400,27,12,4242.375,310.969,179.7188,-0.311,0.226,0.384,0.158201,0.115079,-0.011588,,,landing
07:23:11.568881,1,400,27,12,4242.375,310.969,179.7188,,,,0.158201,0.115079,-0.011588,,,capture
07:23:12.561165,1,401,27,11,4232.000,311.125,179.5938,-0.444,0.079,0.451,0.158201,0.115079,-0.011588,,,landing
07:23:12.585850,1,401,27,11,4232.000,311.125,179.5938,,,,0.158201,0.115079,-0.011588,,,capture
07:23:20.791972,1,402,27,10,4221.438,311.125,179.3125,,,,0.158346,0.115156,-0.011563,179.3125,96.5,periodic_af
07:23:21.351490,1,402,27,10,4221.438,311.125,179.2812,-0.423,0.107,0.436,0.158346,0.115156,-0.011563,,,landing
07:23:21.384476,1,402,27,10,4221.438,311.125,179.2812,,,,0.158346,0.115156,-0.011563,,,capture
07:23:22.433235,1,403,27,9,4210.969,311.156,179.1562,-0.471,0.159,0.497,0.158346,0.115156,-0.011563,,,landing
07:23:22.459661,1,403,27,9,4210.969,311.156,179.1562,,,,0.158346,0.115156,-0.011563,,,capture
07:23:23.653318,1,404,27,8,4201.219,311.312,179.0312,-1.326,0.099,1.330,0.158346,0.115156,-0.011563,,,landing
07:23:23.667344,1,404,27,8,4201.219,311.312,179.0312,,,,0.158346,0.115156,-0.011563,,,capture
07:23:31.392853,1,405,27,7,4189.719,311.344,178.7188,,,,0.158498,0.115216,-0.011537,178.7188,93.1,periodic_af
07:23:32.018449,1,405,27,7,4189.719,311.344,178.7188,-0.459,0.153,0.484,0.158498,0.115216,-0.011537,,,landing
07:23:32.047592,1,405,27,7,4189.719,311.344,178.7188,,,,0.158498,0.115216,-0.011537,,,capture
07:23:33.164641,1,406,27,6,4179.094,311.406,178.5938,-0.423,0.126,0.441,0.158498,0.115216,-0.011537,,,landing
07:23:33.179063,1,406,27,6,4179.094,311.406,178.5938,,,,0.158498,0.115216,-0.011537,,,capture
07:23:34.093732,1,407,27,5,4168.625,311.438,178.4688,-0.757,0.146,0.771,0.158498,0.115216,-0.011537,,,landing
07:23:34.120908,1,407,27,5,4168.625,311.438,178.4688,,,,0.158498,0.115216,-0.011537,,,capture
07:23:42.149136,1,408,27,4,4157.500,311.500,178.3125,,,,0.158657,0.115255,-0.011509,178.3125,94.8,periodic_af
07:23:42.730384,1,408,27,4,4157.500,311.500,178.2812,-0.205,0.276,0.344,0.158657,0.115255,-0.011509,,,landing
07:23:42.749402,1,408,27,4,4157.500,311.500,178.2812,,,,0.158657,0.115255,-0.011509,,,capture
07:23:43.881043,1,409,27,3,4147.031,311.688,178.1562,-0.314,0.166,0.355,0.158657,0.115255,-0.011509,,,landing
07:23:43.897002,1,409,27,3,4147.031,311.688,178.1562,,,,0.158657,0.115255,-0.011509,,,capture
07:23:44.796563,1,410,26,3,4147.188,326.406,178.0000,-0.917,4.708,4.796,0.158657,0.115255,-0.011509,,,landing
07:23:45.704668,1,410,26,3,4146.250,331.500,178.0000,,,,0.158657,0.115255,-0.011509,,,capture
07:23:53.924965,1,411,25,3,4146.062,347.312,177.7812,,,,0.158817,0.115276,-0.011480,177.7812,75.4,periodic_af
07:23:54.537160,1,411,25,3,4146.062,347.312,177.8125,0.387,0.644,0.752,0.158817,0.115276,-0.011480,,,landing
07:23:54.573229,1,411,25,3,4146.062,347.312,177.8125,,,,0.158817,0.115276,-0.011480,,,capture
07:23:55.594993,1,412,24,3,4146.344,362.594,177.6562,0.473,0.159,0.499,0.158817,0.115276,-0.011480,,,landing
07:23:55.610723,1,412,24,3,4146.344,362.594,177.6562,,,,0.158817,0.115276,-0.011480,,,capture
07:23:56.689327,1,413,23,3,4146.750,377.094,177.4688,-0.282,-0.417,0.503,0.158817,0.115276,-0.011480,,,landing
07:23:56.707872,1,413,23,3,4146.750,377.094,177.4688,,,,0.158817,0.115276,-0.011480,,,capture
07:24:04.743111,1,414,22,3,4146.906,391.531,177.4688,,,,0.158975,0.115276,-0.011450,177.4688,86.3,periodic_af
07:24:05.316800,1,414,22,3,4146.906,391.531,177.4688,0.192,-1.042,1.060,0.158975,0.115276,-0.011450,,,landing
07:24:05.346281,1,414,22,3,4146.906,391.531,177.4688,,,,0.158975,0.115276,-0.011450,,,capture
07:24:06.538707,1,415,21,3,4147.031,404.938,177.3125,0.359,-2.258,2.286,0.158975,0.115276,-0.011450,,,landing
07:24:09.089644,1,415,21,3,4147.062,397.812,177.3125,,,,0.158975,0.115276,-0.011450,,,capture
07:24:10.123152,1,416,20,3,4147.156,410.875,177.1562,0.115,1.342,1.346,0.158975,0.115276,-0.011450,,,landing
07:24:10.147008,1,416,20,3,4147.156,410.875,177.1562,,,,0.158975,0.115276,-0.011450,,,capture
07:24:17.798272,1,417,19,3,4147.750,426.625,177.0000,,,,0.159126,0.115255,-0.011418,177.0000,82.5,periodic_af
07:24:18.439297,1,417,19,3,4147.750,426.625,176.9688,0.079,0.140,0.160,0.159126,0.115255,-0.011418,,,landing
07:24:18.459100,1,417,19,3,4147.750,426.625,176.9688,,,,0.159126,0.115255,-0.011418,,,capture
07:24:19.550336,1,418,18,3,4147.750,440.500,176.7812,0.509,5.032,5.058,0.159126,0.115255,-0.011418,,,landing
07:24:20.368935,1,418,18,3,4148.469,445.594,176.7812,,,,0.159126,0.115255,-0.011418,,,capture
07:24:21.438184,1,419,17,3,4148.312,461.344,176.6250,0.217,-0.305,0.375,0.159126,0.115255,-0.011418,,,landing
07:24:21.469498,1,419,17,3,4148.312,461.344,176.6250,,,,0.159126,0.115255,-0.011418,,,capture
07:24:29.339421,1,420,16,3,4148.438,474.938,176.8125,,,,0.159264,0.115206,-0.011384,176.8125,73.9,periodic_af
07:24:29.896636,1,420,16,3,4148.438,474.938,176.8125,0.123,0.953,0.961,0.159264,0.115206,-0.011384,,,landing
07:24:29.925689,1,420,16,3,4148.438,474.938,176.8125,,,,0.159264,0.115206,-0.011384,,,capture
07:24:31.168424,1,421,15,3,4148.500,490.438,176.6562,0.262,0.321,0.414,0.159264,0.115206,-0.011384,,,landing
07:24:31.194833,1,421,15,3,4148.500,490.438,176.6562,,,,0.159264,0.115206,-0.011384,,,capture
07:24:32.237726,1,422,14,3,4148.688,505.219,176.5000,0.309,0.258,0.403,0.159264,0.115206,-0.011384,,,landing
07:24:32.267040,1,422,14,3,4148.688,505.219,176.5000,,,,0.159264,0.115206,-0.011384,,,capture
07:24:40.077883,1,423,13,3,4148.906,519.594,175.9375,,,,0.159385,0.115141,-0.011348,175.9375,77.5,periodic_af
07:24:40.618738,1,423,13,3,4148.906,519.594,175.9062,0.333,0.500,0.601,0.159385,0.115141,-0.011348,,,landing
07:24:40.653839,1,423,13,3,4148.906,519.594,175.9062,,,,0.159385,0.115141,-0.011348,,,capture
07:24:41.869178,1,424,12,3,4149.156,534.344,175.7500,0.307,-0.250,0.396,0.159385,0.115141,-0.011348,,,landing
07:24:41.893998,1,424,12,3,4149.156,534.344,175.7500,,,,0.159385,0.115141,-0.011348,,,capture
07:24:42.932192,1,425,11,3,4149.375,548.625,175.5938,0.299,-0.960,1.006,0.159385,0.115141,-0.011348,,,landing
07:24:42.948483,1,425,11,3,4149.375,548.625,175.5938,,,,0.159385,0.115141,-0.011348,,,capture
07:24:50.831858,1,426,10,3,4149.594,562.219,175.6250,,,,0.159483,0.115059,-0.011310,175.6250,82.9,periodic_af
07:24:51.431260,1,426,10,3,4149.594,562.219,175.5938,0.292,0.756,0.810,0.159483,0.115059,-0.011310,,,landing
07:24:51.459682,1,426,10,3,4149.594,562.219,175.5938,,,,0.159483,0.115059,-0.011310,,,capture
07:24:52.409799,1,427,9,3,4149.812,577.781,175.4062,0.369,-0.925,0.996,0.159483,0.115059,-0.011310,,,landing
07:24:52.431934,1,427,9,3,4149.812,577.781,175.4062,,,,0.159483,0.115059,-0.011310,,,capture
07:24:53.426806,1,428,8,3,4150.094,591.156,175.2500,0.329,-0.534,0.627,0.159483,0.115059,-0.011310,,,landing
07:24:53.457891,1,428,8,3,4150.094,591.156,175.2500,,,,0.159483,0.115059,-0.011310,,,capture
07:25:01.214824,1,429,7,3,4150.344,605.188,175.2188,,,,0.159550,0.114957,-0.011269,175.2188,83.9,periodic_af
07:25:01.807581,1,429,7,3,4150.344,605.188,175.1562,0.293,-0.826,0.876,0.159550,0.114957,-0.011269,,,landing
07:25:01.837752,1,429,7,3,4150.344,605.188,175.1562,,,,0.159550,0.114957,-0.011269,,,capture
07:25:02.930721,1,430,6,3,4150.562,618.688,174.9688,0.291,-1.072,1.111,0.159550,0.114957,-0.011269,,,landing
07:25:03.057530,1,430,6,3,4150.562,618.688,174.9688,,,,0.159550,0.114957,-0.011269,,,capture
07:25:04.077142,1,431,5,3,4150.750,631.844,174.8125,0.394,0.086,0.403,0.159550,0.114957,-0.011269,,,landing
07:25:04.109545,1,431,5,3,4150.750,631.844,174.8125,,,,0.159550,0.114957,-0.011269,,,capture
07:25:11.945699,1,432,4,3,4151.062,646.344,174.7188,,,,0.159583,0.114840,-0.011227,174.7188,87.0,periodic_af
07:25:12.520361,1,432,4,3,4151.062,646.344,174.6250,0.392,-0.505,0.639,0.159583,0.114840,-0.011227,,,landing
07:25:12.546898,1,432,4,3,4151.062,646.344,174.6250,,,,0.159583,0.114840,-0.011227,,,capture
07:25:13.632197,1,433,4,4,4161.344,645.906,174.7188,0.572,-0.499,0.759,0.159583,0.114840,-0.011227,,,landing
07:25:13.657034,1,433,4,4,4161.344,645.906,174.7188,,,,0.159583,0.114840,-0.011227,,,capture
07:25:14.629889,1,434,4,5,4172.125,645.469,174.8125,0.459,-0.265,0.530,0.159583,0.114840,-0.011227,,,landing
07:25:14.656210,1,434,4,5,4172.125,645.469,174.8125,,,,0.159583,0.114840,-0.011227,,,capture
07:25:22.900656,1,435,4,6,4182.281,645.281,174.6562,,,,0.159599,0.114721,-0.011185,174.6562,78.8,periodic_af
07:25:23.567212,1,435,4,6,4182.281,645.281,174.6562,1.087,-0.217,1.109,0.159599,0.114721,-0.011185,,,landing
07:25:23.587036,1,435,4,6,4182.281,645.281,174.6562,,,,0.159599,0.114721,-0.011185,,,capture
07:25:24.618350,1,436,4,7,4193.188,645.125,174.7500,0.827,-0.170,0.844,0.159599,0.114721,-0.011185,,,landing
07:25:24.629958,1,436,4,7,4193.188,645.125,174.7500,,,,0.159599,0.114721,-0.011185,,,capture
07:25:25.986852,1,437,4,8,4204.156,645.000,174.8438,0.436,-0.140,0.458,0.159599,0.114721,-0.011185,,,landing
07:25:25.997993,1,437,4,8,4204.156,645.000,174.8438,,,,0.159599,0.114721,-0.011185,,,capture
07:25:33.902542,1,438,4,9,4214.844,644.906,175.0625,,,,0.159596,0.114605,-0.011143,175.0625,69.5,periodic_af
07:25:34.534232,1,438,4,9,4214.844,644.906,174.9688,0.179,-0.115,0.213,0.159596,0.114605,-0.011143,,,landing
07:25:34.557108,1,438,4,9,4214.844,644.906,174.9688,,,,0.159596,0.114605,-0.011143,,,capture
07:25:35.598555,1,439,4,10,4225.406,644.844,175.0312,0.250,-0.096,0.268,0.159596,0.114605,-0.011143,,,landing
07:25:35.620697,1,439,4,10,4225.406,644.844,175.0312,,,,0.159596,0.114605,-0.011143,,,capture
07:25:36.666956,1,440,4,11,4235.750,644.812,175.1250,0.027,-0.080,0.084,0.159596,0.114605,-0.011143,,,landing
07:25:36.690403,1,440,4,11,4235.750,644.812,175.1250,,,,0.159596,0.114605,-0.011143,,,capture
07:25:44.631773,1,441,4,12,4245.344,644.781,175.4062,,,,0.159576,0.114495,-0.011100,175.4062,61.6,periodic_af
07:25:45.227251,1,441,4,12,4245.344,644.781,175.3125,1.084,-0.083,1.088,0.159576,0.114495,-0.011100,,,landing
07:25:45.255888,1,441,4,12,4245.344,644.781,175.3125,,,,0.159576,0.114495,-0.011100,,,capture
07:25:46.367899,1,442,4,13,4255.969,644.750,175.4062,1.183,-0.181,1.196,0.159576,0.114495,-0.011100,,,landing
07:25:46.388531,1,442,4,13,4255.969,644.750,175.4062,,,,0.159576,0.114495,-0.011100,,,capture
07:25:47.302742,1,443,4,14,4267.688,644.594,175.5000,0.328,-0.154,0.362,0.159576,0.114495,-0.011100,,,landing
07:25:47.328733,1,443,4,14,4267.688,644.594,175.5000,,,,0.159576,0.114495,-0.011100,,,capture
07:25:54.929650,1,444,4,15,4278.594,644.500,175.9688,,,,0.159532,0.114397,-0.011056,175.9688,89.4,periodic_af
07:25:55.584723,1,444,4,15,4278.594,644.500,175.9688,0.062,-0.181,0.191,0.159532,0.114397,-0.011056,,,landing
07:25:55.604798,1,444,4,15,4278.594,644.500,175.9688,,,,0.159532,0.114397,-0.011056,,,capture
07:25:56.630265,1,445,4,16,4288.500,644.375,176.0625,0.276,-0.164,0.321,0.159532,0.114397,-0.011056,,,landing
07:25:56.658636,1,445,4,16,4288.500,644.375,176.0625,,,,0.159532,0.114397,-0.011056,,,capture
07:25:57.614862,1,446,4,17,4299.094,644.250,176.1562,0.456,-0.068,0.461,0.159532,0.114397,-0.011056,,,landing
07:25:57.638441,1,446,4,17,4299.094,644.250,176.1562,,,,0.159532,0.114397,-0.011056,,,capture
07:26:05.507325,1,447,4,18,4309.906,644.250,175.8125,,,,0.159481,0.114309,-0.011012,175.8125,74.3,periodic_af
07:26:06.145870,1,447,4,18,4309.906,644.250,175.8125,0.278,-0.213,0.350,0.159481,0.114309,-0.011012,,,landing
07:26:06.168863,1,447,4,18,4309.906,644.250,175.8125,,,,0.159481,0.114309,-0.011012,,,capture
07:26:07.252432,1,448,4,19,4320.312,644.094,175.9062,0.554,-0.111,0.565,0.159481,0.114309,-0.011012,,,landing
07:26:07.276687,1,448,4,19,4320.312,644.094,175.9062,,,,0.159481,0.114309,-0.011012,,,capture
07:26:08.338523,1,449,4,20,4330.812,644.031,176.0000,0.763,-0.208,0.791,0.159481,0.114309,-0.011012,,,landing
07:26:08.369191,1,449,4,20,4330.812,644.031,176.0000,,,,0.159481,0.114309,-0.011012,,,capture
07:26:16.307359,1,450,4,21,4341.906,643.844,176.4688,,,,0.159413,0.114240,-0.010968,176.4688,72.1,periodic_af
07:26:16.966619,1,450,4,21,4341.906,643.844,176.4688,0.371,-0.121,0.390,0.159413,0.114240,-0.010968,,,landing
07:26:17.011137,1,450,4,21,4341.906,643.844,176.4688,,,,0.159413,0.114240,-0.010968,,,capture
07:26:18.053304,1,451,4,22,4351.781,643.781,176.5625,0.972,-0.173,0.987,0.159413,0.114240,-0.010968,,,landing
07:26:18.085797,1,451,4,22,4351.781,643.781,176.5625,,,,0.159413,0.114240,-0.010968,,,capture
07:26:19.044158,1,452,4,23,4363.344,643.656,176.6562,0.277,-0.195,0.339,0.159413,0.114240,-0.010968,,,landing
07:26:19.074494,1,452,4,23,4363.344,643.656,176.6562,,,,0.159413,0.114240,-0.010968,,,capture
07:26:26.768656,1,453,4,24,4374.031,643.500,176.7188,,,,0.159333,0.114192,-0.010924,176.7188,59.7,periodic_af
07:26:27.366430,1,453,4,24,4374.031,643.500,176.6875,0.021,-0.173,0.174,0.159333,0.114192,-0.010924,,,landing
07:26:27.385558,1,453,4,24,4374.031,643.500,176.6875,,,,0.159333,0.114192,-0.010924,,,capture
07:26:28.300336,1,454,4,25,4384.406,643.375,176.7812,0.464,-0.113,0.477,0.159333,0.114192,-0.010924,,,landing
07:26:28.313779,1,454,4,25,4384.406,643.375,176.7812,,,,0.159333,0.114192,-0.010924,,,capture
07:26:29.245147,1,455,4,26,4395.094,643.312,176.8750,0.501,-0.177,0.531,0.159333,0.114192,-0.010924,,,landing
07:26:29.276037,1,455,4,26,4395.094,643.312,176.8750,,,,0.159333,0.114192,-0.010924,,,capture
07:26:36.733471,1,456,5,26,4395.688,629.219,177.3750,,,,0.159236,0.114175,-0.010878,177.3750,55.5,periodic_af
07:26:37.319157,1,456,5,26,4395.688,629.219,177.3750,-0.459,-5.508,5.527,0.159236,0.114175,-0.010878,,,landing
07:26:38.411521,1,456,5,26,4395.219,623.781,177.3750,,,,0.159236,0.114175,-0.010878,,,capture
07:26:39.581348,1,457,6,26,4394.531,609.250,177.5312,0.471,0.258,0.537,0.159236,0.114175,-0.010878,,,landing
07:26:39.593025,1,457,6,26,4394.531,609.250,177.5312,,,,0.159236,0.114175,-0.010878,,,capture
07:26:40.743569,1,458,7,26,4395.094,595.562,177.6875,0.096,0.091,0.132,0.159236,0.114175,-0.010878,,,landing
07:26:40.756291,1,458,7,26,4395.094,595.562,177.6875,,,,0.159236,0.114175,-0.010878,,,capture
07:26:48.717073,1,459,8,26,4395.250,581.281,177.6250,,,,0.159133,0.114179,-0.010832,177.6250,78.4,periodic_af
07:26:49.342755,1,459,8,26,4395.250,581.281,177.6250,-0.284,-0.091,0.299,0.159133,0.114179,-0.010832,,,landing
07:26:49.363559,1,459,8,26,4395.250,581.281,177.6250,,,,0.159133,0.114179,-0.010832,,,capture
07:26:50.521809,1,460,9,26,4395.031,566.688,177.7812,-0.148,1.075,1.085,0.159133,0.114179,-0.010832,,,landing
07:26:50.545817,1,460,9,26,4395.031,566.688,177.7812,,,,0.159133,0.114179,-0.010832,,,capture
07:26:51.820471,1,461,10,26,4394.375,553.219,177.9375,-0.027,-0.539,0.540,0.159133,0.114179,-0.010832,,,landing
07:26:51.853239,1,461,10,26,4394.375,553.219,177.9375,,,,0.159133,0.114179,-0.010832,,,capture
07:26:59.745908,1,462,11,26,4393.875,537.875,178.1250,,,,0.159029,0.114204,-0.010785,178.1250,74.9,periodic_af
07:27:00.334596,1,462,11,26,4393.875,537.875,178.0938,0.142,0.673,0.687,0.159029,0.114204,-0.010785,,,landing
07:27:00.354202,1,462,11,26,4393.875,537.875,178.0938,,,,0.159029,0.114204,-0.010785,,,capture
07:27:01.426446,1,463,12,26,4393.562,524.656,178.2500,0.309,0.679,0.746,0.159029,0.114204,-0.010785,,,landing
07:27:01.449803,1,463,12,26,4393.562,524.656,178.2500,,,,0.159029,0.114204,-0.010785,,,capture
07:27:02.630246,1,464,13,26,4393.406,510.844,178.3750,0.240,-0.985,1.013,0.159029,0.114204,-0.010785,,,landing
07:27:02.656438,1,464,13,26,4393.406,510.844,178.3750,,,,0.159029,0.114204,-0.010785,,,capture
07:27:10.543706,1,465,14,26,4393.750,494.969,178.6875,,,,0.158929,0.114251,-0.010737,178.6875,81.5,periodic_af
07:27:11.185347,1,465,14,26,4393.750,494.969,178.5312,-0.274,-0.920,0.960,0.158929,0.114251,-0.010737,,,landing
07:27:11.203302,1,465,14,26,4393.750,494.969,178.5312,,,,0.158929,0.114251,-0.010737,,,capture
07:27:12.363360,1,466,15,26,4393.562,479.625,178.6875,0.159,0.663,0.682,0.158929,0.114251,-0.010737,,,landing
07:27:12.385538,1,466,15,26,4393.562,479.625,178.6875,,,,0.158929,0.114251,-0.010737,,,capture
07:27:13.494910,1,467,16,26,4393.219,465.656,178.8750,-0.041,-0.938,0.939,0.158929,0.114251,-0.010737,,,landing
07:27:13.509049,1,467,16,26,4393.219,465.656,178.8750,,,,0.158929,0.114251,-0.010737,,,capture
07:27:21.326422,1,468,17,26,4392.688,450.500,178.9688,,,,0.158837,0.114313,-0.010690,178.9688,97.3,periodic_af
07:27:21.978115,1,468,17,26,4392.688,450.500,178.9688,-0.112,-0.032,0.116,0.158837,0.114313,-0.010690,,,landing
07:27:22.005413,1,468,17,26,4392.688,450.500,178.9688,,,,0.158837,0.114313,-0.010690,,,capture
07:27:23.183147,1,469,18,26,4392.062,436.188,179.1250,-0.238,0.117,0.265,0.158837,0.114313,-0.010690,,,landing
07:27:23.195844,1,469,18,26,4392.062,436.188,179.1250,,,,0.158837,0.114313,-0.010690,,,capture
07:27:24.222661,1,470,19,26,4391.312,422.125,179.2812,0.253,-0.520,0.578,0.158837,0.114313,-0.010690,,,landing
07:27:24.244203,1,470,19,26,4391.312,422.125,179.2812,,,,0.158837,0.114313,-0.010690,,,capture
07:27:32.527239,1,471,20,26,4391.062,407.031,179.0625,,,,0.158752,0.114376,-0.010644,179.0625,87.3,periodic_af
07:27:33.062565,1,471,20,26,4391.062,407.031,179.0938,0.194,1.368,1.382,0.158752,0.114376,-0.010644,,,landing
07:27:33.095343,1,471,20,26,4391.062,407.031,179.0938,,,,0.158752,0.114376,-0.010644,,,capture
07:27:34.269985,1,472,21,26,4390.781,393.625,179.2500,0.294,0.619,0.685,0.158752,0.114376,-0.010644,,,landing
07:27:34.290628,1,472,21,26,4390.781,393.625,179.2500,,,,0.158752,0.114376,-0.010644,,,capture
07:27:35.338083,1,473,22,26,4390.594,379.688,179.4062,0.213,0.828,0.855,0.158752,0.114376,-0.010644,,,landing
07:27:35.349872,1,473,22,26,4390.594,379.688,179.4062,,,,0.158752,0.114376,-0.010644,,,capture
07:27:43.900562,1,474,23,26,4390.312,366.094,179.6250,,,,0.158677,0.114445,-0.010600,179.6250,91.2,periodic_af
07:27:44.474779,1,474,23,26,4390.312,366.094,179.6250,0.095,0.912,0.917,0.158677,0.114445,-0.010600,,,landing
07:27:44.508248,1,474,23,26,4390.312,366.094,179.6250,,,,0.158677,0.114445,-0.010600,,,capture
07:27:45.840140,1,475,24,26,4389.906,352.219,179.7812,0.285,1.620,1.645,0.158677,0.114445,-0.010600,,,landing
07:27:45.869437,1,475,24,26,4389.906,352.219,179.7812,,,,0.158677,0.114445,-0.010600,,,capture
07:27:47.019018,1,476,25,26,4389.719,339.469,179.9375,0.305,-0.043,0.308,0.158677,0.114445,-0.010600,,,landing
07:27:47.047830,1,476,25,26,4389.719,339.469,179.9375,,,,0.158677,0.114445,-0.010600,,,capture
07:27:54.920042,1,477,26,26,4389.531,325.375,180.5000,,,,0.158625,0.114531,-0.010555,180.5000,94.6,periodic_af
07:27:55.520520,1,477,26,26,4389.531,325.375,180.5938,0.209,0.430,0.478,0.158625,0.114531,-0.010555,,,landing
07:27:55.539389,1,477,26,26,4389.531,325.375,180.5938,,,,0.158625,0.114531,-0.010555,,,capture
07:27:56.783995,1,478,26,25,4380.312,325.812,180.4688,-0.043,0.073,0.085,0.158625,0.114531,-0.010555,,,landing
07:27:56.808711,1,478,26,25,4380.312,325.812,180.4688,,,,0.158625,0.114531,-0.010555,,,capture
07:27:57.887830,1,479,26,24,4369.938,325.844,180.3438,-0.606,0.164,0.628,0.158625,0.114531,-0.010555,,,landing
07:27:57.900969,1,479,26,24,4369.938,325.844,180.3438,,,,0.158625,0.114531,-0.010555,,,capture
07:28:06.233091,1,480,26,23,4358.969,325.938,180.2188,,,,0.158597,0.114628,-0.010509,180.2188,87.8,periodic_af
07:28:06.843780,1,480,26,23,4358.969,325.938,180.1875,-0.734,0.195,0.760,0.158597,0.114628,-0.010509,,,landing
07:28:06.861156,1,480,26,23,4358.969,325.938,180.1875,,,,0.158597,0.114628,-0.010509,,,capture
07:28:08.274279,1,481,26,22,4347.500,326.125,180.0938,0.045,0.145,0.152,0.158597,0.114628,-0.010509,,,landing
07:28:08.288163,1,481,26,22,4347.500,326.125,180.0938,,,,0.158597,0.114628,-0.010509,,,capture
07:28:09.330641,1,482,26,21,4336.875,326.219,179.9688,-0.024,0.162,0.164,0.158597,0.114628,-0.010509,,,landing
07:28:09.351940,1,482,26,21,4336.875,326.219,179.9688,,,,0.158597,0.114628,-0.010509,,,capture
07:28:17.591043,1,483,26,20,4326.625,326.375,179.4062,,,,0.158578,0.114724,-0.010464,179.4062,104.3,periodic_af
07:28:18.194144,1,483,26,20,4326.625,326.375,179.4375,0.155,0.113,0.191,0.158578,0.114724,-0.010464,,,landing
07:28:18.220562,1,483,26,20,4326.625,326.375,179.4375,,,,0.158578,0.114724,-0.010464,,,capture
07:28:19.288664,1,484,26,19,4315.625,326.469,179.3125,-0.016,0.135,0.136,0.158578,0.114724,-0.010464,,,landing
07:28:19.314786,1,484,26,19,4315.625,326.469,179.3125,,,,0.158578,0.114724,-0.010464,,,capture
07:28:20.354575,1,485,26,18,4304.875,326.562,179.1875,0.064,0.141,0.154,0.158578,0.114724,-0.010464,,,landing
07:28:20.367575,1,485,26,18,4304.875,326.562,179.1875,,,,0.158578,0.114724,-0.010464,,,capture
07:28:28.553705,1,486,26,17,4293.938,326.719,179.4062,,,,0.158577,0.114818,-0.010420,179.4062,87.8,periodic_af
07:28:29.130425,1,486,26,17,4293.938,326.719,179.4375,0.128,0.090,0.156,0.158577,0.114818,-0.010420,,,landing
07:28:29.149126,1,486,26,17,4293.938,326.719,179.4375,,,,0.158577,0.114818,-0.010420,,,capture
07:28:30.166228,1,487,26,16,4283.281,326.781,179.2812,0.163,0.064,0.175,0.158577,0.114818,-0.010420,,,landing
07:28:30.193611,1,487,26,16,4283.281,326.781,179.2812,,,,0.158577,0.114818,-0.010420,,,capture
07:28:31.228317,1,488,26,15,4272.469,326.812,179.1562,0.373,0.134,0.397,0.158577,0.114818,-0.010420,,,landing
07:28:31.259020,1,488,26,15,4272.469,326.812,179.1562,,,,0.158577,0.114818,-0.010420,,,capture
07:28:39.144385,1,489,26,14,4261.688,326.938,179.2188,,,,0.158597,0.114904,-0.010374,179.2188,97.6,periodic_af
07:28:39.767907,1,489,26,14,4261.688,326.938,179.1875,0.512,0.164,0.537,0.158597,0.114904,-0.010374,,,landing
07:28:39.787293,1,489,26,14,4261.688,326.938,179.1875,,,,0.158597,0.114904,-0.010374,,,capture
07:28:40.845276,1,490,26,13,4252.062,327.062,179.0625,-0.148,0.098,0.178,0.158597,0.114904,-0.010374,,,landing
07:28:40.869230,1,490,26,13,4252.062,327.062,179.0625,,,,0.158597,0.114904,-0.010374,,,capture
07:28:41.943714,1,491,26,12,4241.156,327.125,178.9375,0.212,0.186,0.282,0.158597,0.114904,-0.010374,,,landing
07:28:41.956775,1,491,26,12,4241.156,327.125,178.9375,,,,0.158597,0.114904,-0.010374,,,capture
07:28:50.070500,1,492,26,11,4230.562,327.281,178.7812,,,,0.158634,0.114977,-0.010328,178.7812,86.0,periodic_af
07:28:50.627770,1,492,26,11,4230.562,327.281,178.7500,0.143,0.034,0.147,0.158634,0.114977,-0.010328,,,landing
07:28:50.649216,1,492,26,11,4230.562,327.281,178.7500,,,,0.158634,0.114977,-0.010328,,,capture
07:28:51.707005,1,493,26,10,4220.438,327.344,178.6875,-0.002,0.026,0.027,0.158634,0.114977,-0.010328,,,landing
07:28:51.731271,1,493,26,10,4220.438,327.344,178.6875,,,,0.158634,0.114977,-0.010328,,,capture
07:28:52.846501,1,494,26,9,4209.812,327.344,178.5625,0.069,0.093,0.116,0.158634,0.114977,-0.010328,,,landing
07:28:52.859671,1,494,26,9,4209.812,327.344,178.5625,,,,0.158634,0.114977,-0.010328,,,capture
07:29:00.582906,1,495,26,8,4199.312,327.406,178.3750,,,,0.158686,0.115033,-0.010282,178.3750,93.5,periodic_af
07:29:01.178635,1,495,26,8,4199.312,327.406,178.4062,-0.107,0.045,0.116,0.158686,0.115033,-0.010282,,,landing
07:29:01.214506,1,495,26,8,4199.312,327.406,178.4062,,,,0.158686,0.115033,-0.010282,,,capture
07:29:02.264033,1,496,26,7,4188.156,327.438,178.2812,0.057,0.125,0.137,0.158686,0.115033,-0.010282,,,landing
07:29:02.284896,1,496,26,7,4188.156,327.438,178.2812,,,,0.158686,0.115033,-0.010282,,,capture
07:29:03.253625,1,497,26,6,4177.375,327.531,178.1562,0.187,0.138,0.232,0.158686,0.115033,-0.010282,,,landing
07:29:03.264759,1,497,26,6,4177.375,327.531,178.1562,,,,0.158686,0.115033,-0.010282,,,capture
07:29:11.023167,1,498,26,5,4166.375,327.656,177.8438,,,,0.158748,0.115073,-0.010236,177.8438,72.3,periodic_af
07:29:11.654954,1,498,26,5,4166.375,327.656,177.8438,0.587,0.090,0.594,0.158748,0.115073,-0.010236,,,landing
07:29:11.677523,1,498,26,5,4166.375,327.656,177.8438,,,,0.158748,0.115073,-0.010236,,,capture
07:29:12.742139,1,499,26,4,4155.562,327.719,177.7188,0.745,0.126,0.756,0.158748,0.115073,-0.010236,,,landing
07:29:12.753582,1,499,26,4,4155.562,327.719,177.7188,,,,0.158748,0.115073,-0.010236,,,capture
07:29:13.815380,1,500,25,4,4156.781,341.906,177.5625,0.317,6.756,6.763,0.158748,0.115073,-0.010236,,,landing
07:29:14.669549,1,500,25,4,4157.062,348.750,177.5625,,,,0.158748,0.115073,-0.010236,,,capture
07:29:22.435128,1,501,24,4,4156.875,363.281,177.2500,,,,0.158813,0.115100,-0.010192,177.2500,72.2,periodic_af
07:29:23.036494,1,501,24,4,4156.875,363.281,177.2500,0.405,-1.789,1.834,0.158813,0.115100,-0.010192,,,landing
07:29:23.077304,1,501,24,4,4156.875,363.281,177.2500,,,,0.158813,0.115100,-0.010192,,,capture
07:29:24.150972,1,502,23,4,4157.219,375.500,177.0625,0.269,1.558,1.581,0.158813,0.115100,-0.010192,,,landing
07:29:24.163947,1,502,23,4,4157.219,375.500,177.0625,,,,0.158813,0.115100,-0.010192,,,capture
07:29:25.186903,1,503,22,4,4157.438,391.562,176.8750,0.085,-0.680,0.685,0.158813,0.115100,-0.010192,,,landing
07:29:25.201265,1,503,22,4,4157.438,391.562,176.8750,,,,0.158813,0.115100,-0.010192,,,capture
07:29:33.499554,1,504,21,4,4158.000,405.781,176.3750,,,,0.158875,0.115126,-0.010149,176.3750,79.2,periodic_af
07:29:34.037456,1,504,21,4,4158.000,405.781,176.3438,0.118,-1.158,1.164,0.158875,0.115126,-0.010149,,,landing
07:29:34.057253,1,504,21,4,4158.000,405.781,176.3438,,,,0.158875,0.115126,-0.010149,,,capture
07:29:35.131294,1,505,20,4,4158.062,418.688,176.1875,0.052,-0.283,0.288,0.158875,0.115126,-0.010149,,,landing
07:29:35.149475,1,505,20,4,4158.062,418.688,176.1875,,,,0.158875,0.115126,-0.010149,,,capture
07:29:36.256592,1,506,19,4,4158.594,432.688,176.0312,0.045,-0.035,0.057,0.158875,0.115126,-0.010149,,,landing
07:29:36.281856,1,506,19,4,4158.594,432.688,176.0312,,,,0.158875,0.115126,-0.010149,,,capture
07:29:44.148885,1,507,18,4,4158.531,446.844,175.7812,,,,0.158933,0.115152,-0.010109,175.7812,75.6,periodic_af
07:29:44.834043,1,507,18,4,4158.531,446.844,175.7500,0.066,-0.029,0.072,0.158933,0.115152,-0.010109,,,landing
07:29:44.865772,1,507,18,4,4158.531,446.844,175.7500,,,,0.158933,0.115152,-0.010109,,,capture
07:29:45.931508,1,508,17,4,4159.094,461.719,175.5938,0.058,-0.099,0.115,0.158933,0.115152,-0.010109,,,landing
07:29:45.952795,1,508,17,4,4159.094,461.719,175.5938,,,,0.158933,0.115152,-0.010109,,,capture
07:29:47.050766,1,509,16,4,4159.062,476.156,175.4375,0.056,0.089,0.105,0.158933,0.115152,-0.010109,,,landing
07:29:47.063834,1,509,16,4,4159.062,476.156,175.4375,,,,0.158933,0.115152,-0.010109,,,capture
07:29:54.908552,1,510,15,4,4159.562,490.375,175.5312,,,,0.158988,0.115172,-0.010070,175.5312,74.7,periodic_af
07:29:55.524708,1,510,15,4,4159.562,490.375,175.5312,0.022,0.594,0.594,0.158988,0.115172,-0.010070,,,landing
07:29:55.554993,1,510,15,4,4159.562,490.375,175.5312,,,,0.158988,0.115172,-0.010070,,,capture
07:29:56.892592,1,511,14,4,4159.500,504.969,175.3750,0.335,-1.584,1.619,0.158988,0.115172,-0.010070,,,landing
07:29:56.911031,1,511,14,4,4159.500,504.969,175.3750,,,,0.158988,0.115172,-0.010070,,,capture
07:29:57.959510,1,512,13,4,4159.750,517.656,175.2188,0.527,2.586,2.639,0.158988,0.115172,-0.010070,,,landing
07:29:58.662646,1,512,13,4,4160.531,520.125,175.2188,,,,0.158988,0.115172,-0.010070,,,capture
07:30:06.921901,1,513,12,4,4159.969,534.656,175.1250,,,,0.159036,0.115185,-0.010033,175.1250,62.7,periodic_af
07:30:07.569364,1,513,12,4,4159.969,534.656,175.1250,0.211,-1.041,1.062,0.159036,0.115185,-0.010033,,,landing
07:30:07.589218,1,513,12,4,4159.969,534.656,175.1250,,,,0.159036,0.115185,-0.010033,,,capture
07:30:08.690916,1,514,11,4,4160.125,548.531,174.9375,0.288,0.704,0.761,0.159036,0.115185,-0.010033,,,landing
07:30:08.707311,1,514,11,4,4160.125,548.531,174.9375,,,,0.159036,0.115185,-0.010033,,,capture
07:30:09.735384,1,515,10,4,4160.312,564.031,174.7812,0.391,-0.709,0.809,0.159036,0.115185,-0.010033,,,landing
07:30:09.765883,1,515,10,4,4160.312,564.031,174.7812,,,,0.159036,0.115185,-0.010033,,,capture
07:30:18.045641,1,516,9,4,4160.625,577.969,174.5000,,,,0.159078,0.115193,-0.009996,174.5000,69.5,periodic_af
07:30:18.664906,1,516,9,4,4160.625,577.969,174.0000,0.340,-0.767,0.839,0.159078,0.115193,-0.009996,,,landing
07:30:18.688794,1,516,9,4,4160.625,577.969,174.0000,,,,0.159078,0.115193,-0.009996,,,capture
07:30:19.739061,1,517,8,4,4160.875,591.344,173.8438,0.340,-0.324,0.469,0.159078,0.115193,-0.009996,,,landing
07:30:19.767556,1,517,8,4,4160.875,591.344,173.8438,,,,0.159078,0.115193,-0.009996,,,capture
07:30:20.840731,1,518,7,4,4161.125,605.031,173.6875,0.321,-0.296,0.437,0.159078,0.115193,-0.009996,,,landing
07:30:20.853112,1,518,7,4,4161.125,605.031,173.6875,,,,0.159078,0.115193,-0.009996,,,capture
07:30:28.296326,1,519,6,4,4161.344,619.250,173.6875,,,,0.159123,0.115204,-0.009962,173.6875,79.6,periodic_af
07:30:28.871148,1,519,6,4,4161.344,619.250,173.6875,0.276,-1.051,1.087,0.159123,0.115204,-0.009962,,,landing
07:30:28.900136,1,519,6,4,4161.344,619.250,173.6875,,,,0.159123,0.115204,-0.009962,,,capture
07:30:30.085380,1,520,5,4,4161.562,632.844,173.5312,0.386,-1.426,1.478,0.159123,0.115204,-0.009962,,,landing
07:30:30.113208,1,520,5,4,4161.562,632.844,173.5312,,,,0.159123,0.115204,-0.009962,,,capture
07:30:31.150132,1,521,5,5,4172.312,631.438,173.6250,0.155,-0.355,0.387,0.159123,0.115204,-0.009962,,,landing
07:30:31.164002,1,521,5,5,4172.312,631.438,173.6250,,,,0.159123,0.115204,-0.009962,,,capture
07:30:39.325939,1,522,5,6,4183.438,631.094,173.7188,,,,0.159169,0.115218,-0.009930,173.7188,79.5,periodic_af
07:30:39.935237,1,522,5,6,4183.438,631.094,173.7188,-0.164,-0.115,0.200,0.159169,0.115218,-0.009930,,,landing
07:30:39.974014,1,522,5,6,4183.438,631.094,173.7188,,,,0.159169,0.115218,-0.009930,,,capture
07:30:41.039593,1,523,5,7,4194.125,631.000,173.8125,-0.371,-0.123,0.390,0.159169,0.115218,-0.009930,,,landing
07:30:41.067972,1,523,5,7,4194.125,631.000,173.8125,,,,0.159169,0.115218,-0.009930,,,capture
07:30:42.021915,1,524,5,8,4204.562,630.906,173.9062,-0.068,-0.075,0.101,0.159169,0.115218,-0.009930,,,landing
07:30:42.041910,1,524,5,8,4204.562,630.906,173.9062,,,,0.159169,0.115218,-0.009930,,,capture
07:30:50.062569,1,525,5,9,4215.000,630.875,174.1250,,,,0.159216,0.115231,-0.009900,174.1250,77.1,periodic_af
07:30:50.661770,1,525,5,9,4215.000,630.875,174.1562,0.176,-0.150,0.231,0.159216,0.115231,-0.009900,,,landing
07:30:50.683278,1,525,5,9,4215.000,630.875,174.1562,,,,0.159216,0.115231,-0.009900,,,capture
07:30:51.804534,1,526,5,10,4226.062,630.750,174.2812,-0.531,-0.162,0.555,0.159216,0.115231,-0.009900,,,landing
07:30:51.833544,1,526,5,10,4226.062,630.750,174.2812,,,,0.159216,0.115231,-0.009900,,,capture
07:30:52.848550,1,527,5,11,4235.531,630.594,174.3750,0.410,0.009,0.410,0.159216,0.115231,-0.009900,,,landing
07:30:52.864369,1,527,5,11,4235.531,630.594,174.3750,,,,0.159216,0.115231,-0.009900,,,capture
07:31:00.789092,1,528,5,12,4246.375,630.625,174.6250,,,,0.159256,0.115243,-0.009871,174.6250,90.1,periodic_af
07:31:01.405445,1,528,5,12,4246.375,630.625,174.5938,0.233,-0.029,0.235,0.159256,0.115243,-0.009871,,,landing
07:31:01.439704,1,528,5,12,4246.375,630.625,174.5938,,,,0.159256,0.115243,-0.009871,,,capture
07:31:02.538719,1,529,5,13,4257.094,630.625,174.6875,-0.028,-0.192,0.194,0.159256,0.115243,-0.009871,,,landing
07:31:02.565228,1,529,5,13,4257.094,630.625,174.6875,,,,0.159256,0.115243,-0.009871,,,capture
07:31:03.769323,1,530,5,14,4268.125,630.438,174.7812,-0.235,-0.095,0.253,0.159256,0.115243,-0.009871,,,landing
07:31:03.797149,1,530,5,14,4268.125,630.438,174.7812,,,,0.159256,0.115243,-0.009871,,,capture
07:31:11.753501,1,531,5,15,4278.906,630.344,174.9375,,,,0.159292,0.115256,-0.009844,174.9375,77.4,periodic_af
07:31:12.318892,1,531,5,15,4278.906,630.344,174.9062,-0.363,-0.030,0.364,0.159292,0.115256,-0.009844,,,landing
07:31:12.347074,1,531,5,15,4278.906,630.344,174.9062,,,,0.159292,0.115256,-0.009844,,,capture
07:31:13.366410,1,532,5,16,4289.312,630.344,175.0000,-0.209,-0.092,0.229,0.159292,0.115256,-0.009844,,,landing
07:31:13.395653,1,532,5,16,4289.312,630.344,175.0000,,,,0.159292,0.115256,-0.009844,,,capture
07:31:14.366078,1,533,5,17,4300.344,630.281,175.0938,-0.152,-0.121,0.194,0.159292,0.115256,-0.009844,,,landing
07:31:14.402139,1,533,5,17,4300.344,630.281,175.0938,,,,0.159292,0.115256,-0.009844,,,capture
07:31:22.238898,1,534,5,18,4310.500,630.156,175.0000,,,,0.159330,0.115266,-0.009818,175.0000,85.9,periodic_af
07:31:22.838613,1,534,5,18,4310.500,630.156,173.1250,,,,0.159330,0.115266,-0.009818,,,capture
07:31:49.074348,1,535,5,19,4320.938,630.062,174.4688,-0.176,-0.131,0.220,0.159330,0.115266,-0.009818,,,landing
07:31:49.085330,1,535,5,19,4320.938,630.062,174.4688,,,,0.159330,0.115266,-0.009818,,,capture
07:31:50.190888,1,536,5,20,4330.906,629.938,174.5625,0.104,-0.067,0.123,0.159330,0.115266,-0.009818,,,landing
07:31:50.205163,1,536,5,20,4330.906,629.938,174.5625,,,,0.159330,0.115266,-0.009818,,,capture
07:31:57.729855,1,537,5,21,4341.250,629.875,175.0938,,,,0.159376,0.115267,-0.009794,175.0938,52.8,periodic_af
07:31:58.390798,1,537,5,21,4341.250,629.875,175.0938,0.515,-0.106,0.526,0.159376,0.115267,-0.009794,,,landing
07:31:58.412209,1,537,5,21,4341.250,629.875,175.0938,,,,0.159376,0.115267,-0.009794,,,capture
07:31:59.470292,1,538,5,22,4351.844,629.750,175.1875,0.603,-0.079,0.608,0.159376,0.115267,-0.009794,,,landing
07:31:59.481584,1,538,5,22,4351.844,629.750,175.1875,,,,0.159376,0.115267,-0.009794,,,capture
07:32:00.447171,1,539,5,23,4362.781,629.688,175.2812,0.384,-0.132,0.407,0.159376,0.115267,-0.009794,,,landing
07:32:00.459980,1,539,5,23,4362.781,629.688,175.2812,,,,0.159376,0.115267,-0.009794,,,capture
07:32:08.307664,1,540,5,24,4373.344,629.531,175.5312,,,,0.159425,0.115263,-0.009773,175.5312,88.9,periodic_af
07:32:08.954621,1,540,5,24,4373.344,629.531,174.6250,0.309,-0.132,0.336,0.159425,0.115263,-0.009773,,,landing
07:32:08.984958,1,540,5,24,4373.344,629.531,174.6250,,,,0.159425,0.115263,-0.009773,,,capture
07:32:10.147034,1,541,5,25,4384.031,629.406,174.7188,0.204,-0.118,0.236,0.159425,0.115263,-0.009773,,,landing
07:32:10.159824,1,541,5,25,4384.031,629.406,174.7188,,,,0.159425,0.115263,-0.009773,,,capture
07:32:11.232759,1,542,6,25,4383.812,614.656,174.8750,0.261,-5.118,5.125,0.159425,0.115263,-0.009773,,,landing
07:32:12.288691,1,542,6,25,4384.438,609.219,174.8750,,,,0.159425,0.115263,-0.009773,,,capture
07:32:28.729571,1,543,7,25,4384.469,596.000,175.8750,,,,0.159478,0.115250,-0.009754,175.8750,65.2,periodic_af
07:32:29.343505,1,543,7,25,4384.469,596.000,175.8750,-0.042,0.156,0.161,0.159478,0.115250,-0.009754,,,landing
07:32:29.365764,1,543,7,25,4384.469,596.000,175.8750,,,,0.159478,0.115250,-0.009754,,,capture
07:32:30.443137,1,544,8,25,4384.531,581.531,176.0312,-0.216,-0.372,0.430,0.159478,0.115250,-0.009754,,,landing
07:32:30.470491,1,544,8,25,4384.531,581.531,176.0312,,,,0.159478,0.115250,-0.009754,,,capture
07:32:31.633679,1,545,9,25,4384.406,567.375,176.1875,-0.385,0.815,0.901,0.159478,0.115250,-0.009754,,,landing
07:32:31.656253,1,545,9,25,4384.406,567.375,176.1875,,,,0.159478,0.115250,-0.009754,,,capture
07:32:40.083676,1,546,10,25,4384.125,554.000,176.4688,,,,0.159530,0.115233,-0.009736,176.4688,81.8,periodic_af
07:32:40.702578,1,546,10,25,4384.125,554.000,176.4375,-0.463,0.289,0.546,0.159530,0.115233,-0.009736,,,landing
07:32:40.733700,1,546,10,25,4384.125,554.000,176.4375,,,,0.159530,0.115233,-0.009736,,,capture
07:32:42.051581,1,547,11,25,4383.750,539.781,176.5938,0.029,0.574,0.574,0.159530,0.115233,-0.009736,,,landing
07:32:42.064678,1,547,11,25,4383.750,539.781,176.5938,,,,0.159530,0.115233,-0.009736,,,capture
07:32:43.196833,1,548,12,25,4383.312,525.625,176.7188,0.276,-1.236,1.266,0.159530,0.115233,-0.009736,,,landing
07:32:43.211315,1,548,12,25,4383.312,525.625,176.7188,,,,0.159530,0.115233,-0.009736,,,capture
07:32:51.160387,1,549,13,25,4383.125,509.875,177.0000,,,,0.159579,0.115216,-0.009719,177.0000,91.0,periodic_af
07:32:51.763008,1,549,13,25,4383.125,509.875,177.0312,0.133,0.004,0.133,0.159579,0.115216,-0.009719,,,landing
07:32:51.792855,1,549,13,25,4383.125,509.875,177.0312,,,,0.159579,0.115216,-0.009719,,,capture
07:32:52.858574,1,550,14,25,4382.781,495.312,177.1875,0.329,-0.832,0.895,0.159579,0.115216,-0.009719,,,landing
07:32:52.918610,1,550,14,25,4382.781,495.312,177.1875,,,,0.159579,0.115216,-0.009719,,,capture
07:32:54.033774,1,551,15,25,4382.656,479.844,177.3438,0.200,-0.312,0.370,0.159579,0.115216,-0.009719,,,landing
07:32:54.045985,1,551,15,25,4382.656,479.844,177.3438,,,,0.159579,0.115216,-0.009719,,,capture
07:33:02.409884,1,552,16,25,4382.406,465.281,177.5312,,,,0.159626,0.115200,-0.009703,177.5312,86.4,periodic_af
07:33:03.038109,1,552,16,25,4382.406,465.281,177.5000,-0.135,-0.118,0.179,0.159626,0.115200,-0.009703,,,landing
07:33:03.057348,1,552,16,25,4382.406,465.281,177.5000,,,,0.159626,0.115200,-0.009703,,,capture
07:33:04.332868,1,553,17,25,4382.344,450.656,177.6562,0.015,0.049,0.051,0.159626,0.115200,-0.009703,,,landing
07:33:04.353878,1,553,17,25,4382.344,450.656,177.6562,,,,0.159626,0.115200,-0.009703,,,capture
07:33:05.466730,1,554,18,25,4381.906,436.094,177.8125,0.178,0.167,0.244,0.159626,0.115200,-0.009703,,,landing
07:33:05.489558,1,554,18,25,4381.906,436.094,177.8125,,,,0.159626,0.115200,-0.009703,,,capture
07:33:13.247540,1,555,19,25,4381.625,421.438,178.0000,,,,0.159671,0.115186,-0.009687,178.0000,92.2,periodic_af
07:33:13.868038,1,555,19,25,4381.625,421.438,177.9062,-0.172,0.450,0.481,0.159671,0.115186,-0.009687,,,landing
07:33:13.886718,1,555,19,25,4381.625,421.438,177.9062,,,,0.159671,0.115186,-0.009687,,,capture
07:33:15.003797,1,556,20,25,4381.531,407.688,178.0625,0.009,0.444,0.444,0.159671,0.115186,-0.009687,,,landing
07:33:15.019407,1,556,20,25,4381.531,407.688,178.0625,,,,0.159671,0.115186,-0.009687,,,capture
07:33:16.152402,1,557,21,25,4381.062,394.000,178.2188,-0.410,0.758,0.862,0.159671,0.115186,-0.009687,,,landing
07:33:16.176414,1,557,21,25,4381.062,394.000,178.2188,,,,0.159671,0.115186,-0.009687,,,capture
07:33:24.379046,1,558,22,25,4380.219,380.156,178.3125,,,,0.159712,0.115169,-0.009673,178.3125,85.8,periodic_af
07:33:24.898019,1,558,22,25,4380.219,380.156,178.3125,0.172,0.701,0.721,0.159712,0.115169,-0.009673,,,landing
07:33:24.929007,1,558,22,25,4380.219,380.156,178.3125,,,,0.159712,0.115169,-0.009673,,,capture
07:33:26.136332,1,559,23,25,4379.969,366.281,178.4688,0.157,1.590,1.598,0.159712,0.115169,-0.009673,,,landing
07:33:26.169435,1,559,23,25,4379.969,366.281,178.4688,,,,0.159712,0.115169,-0.009673,,,capture
07:33:27.370298,1,560,24,25,4380.188,353.000,178.5938,-0.199,0.257,0.325,0.159712,0.115169,-0.009673,,,landing
07:33:27.400943,1,560,24,25,4380.188,353.000,178.5938,,,,0.159712,0.115169,-0.009673,,,capture
07:33:35.445200,1,561,25,25,4379.531,338.469,178.9375,,,,0.159753,0.115155,-0.009659,178.9375,99.3,periodic_af
07:33:36.030923,1,561,25,25,4379.531,338.469,178.9375,0.100,0.439,0.450,0.159753,0.115155,-0.009659,,,landing
07:33:36.068069,1,561,25,25,4379.531,338.469,178.9375,,,,0.159753,0.115155,-0.009659,,,capture
07:33:37.141301,1,562,25,24,4369.500,338.844,178.8125,-0.023,0.484,0.485,0.159753,0.115155,-0.009659,,,landing
07:33:37.169009,1,562,25,24,4369.500,338.844,178.8125,,,,0.159753,0.115155,-0.009659,,,capture
07:33:38.142588,1,563,25,23,4359.094,339.375,178.6875,-0.245,0.279,0.371,0.159753,0.115155,-0.009659,,,landing
07:33:38.181901,1,563,25,23,4359.094,339.375,178.6875,,,,0.159753,0.115155,-0.009659,,,capture
07:33:46.218911,1,564,25,22,4348.875,339.656,178.9375,,,,0.159800,0.115149,-0.009645,178.9375,93.4,periodic_af
07:33:46.827431,1,564,25,22,4348.875,339.656,178.9375,-0.570,0.139,0.586,0.159800,0.115149,-0.009645,,,landing
07:33:46.856888,1,564,25,22,4348.875,339.656,178.9375,,,,0.159800,0.115149,-0.009645,,,capture
07:33:47.975597,1,565,25,21,4338.219,339.812,178.8125,-0.597,0.186,0.626,0.159800,0.115149,-0.009645,,,landing
07:33:48.000782,1,565,25,21,4338.219,339.812,178.8125,,,,0.159800,0.115149,-0.009645,,,capture
07:33:49.153283,1,566,25,20,4326.969,340.000,178.6562,-0.656,-0.045,0.657,0.159800,0.115149,-0.009645,,,landing
07:33:49.177367,1,566,25,20,4326.969,340.000,178.6562,,,,0.159800,0.115149,-0.009645,,,capture
07:33:57.131023,1,567,25,19,4316.281,339.969,178.5625,,,,0.159855,0.115147,-0.009631,178.5625,96.4,periodic_af
07:33:57.826721,1,567,25,19,4316.281,339.969,178.5625,-0.525,0.141,0.544,0.159855,0.115147,-0.009631,,,landing
07:33:57.857291,1,567,25,19,4316.281,339.969,178.5625,,,,0.159855,0.115147,-0.009631,,,capture
07:33:59.050498,1,568,25,18,4305.500,340.125,178.4375,-0.348,0.224,0.414,0.159855,0.115147,-0.009631,,,landing
07:33:59.063000,1,568,25,18,4305.500,340.125,178.4375,,,,0.159855,0.115147,-0.009631,,,capture
07:34:00.095775,1,569,25,17,4294.875,340.375,178.3125,-0.214,0.090,0.232,0.159855,0.115147,-0.009631,,,landing
07:34:00.118357,1,569,25,17,4294.875,340.375,178.3125,,,,0.159855,0.115147,-0.009631,,,capture
07:34:07.879128,1,570,25,16,4283.781,340.438,178.2188,,,,0.159916,0.115146,-0.009615,178.2188,93.7,periodic_af
07:34:08.576093,1,570,25,16,4283.781,340.438,178.2188,0.029,0.067,0.073,0.159916,0.115146,-0.009615,,,landing
07:34:08.600933,1,570,25,16,4283.781,340.438,178.2188,,,,0.159916,0.115146,-0.009615,,,capture
07:34:09.525115,1,571,25,15,4273.500,340.469,178.0938,-0.032,0.133,0.136,0.159916,0.115146,-0.009615,,,landing
07:34:09.547841,1,571,25,15,4273.500,340.469,178.0938,,,,0.159916,0.115146,-0.009615,,,capture
07:34:10.642366,1,572,25,14,4262.781,340.562,177.9688,-0.042,0.164,0.169,0.159916,0.115146,-0.009615,,,landing
07:34:10.654509,1,572,25,14,4262.781,340.562,177.9688,,,,0.159916,0.115146,-0.009615,,,capture
07:34:18.693663,1,573,25,13,4251.750,340.688,177.5938,,,,0.159977,0.115144,-0.009601,177.5938,76.3,periodic_af
07:34:19.321243,1,573,25,13,4251.750,340.688,177.4375,0.046,0.161,0.168,0.159977,0.115144,-0.009601,,,landing
07:34:19.352326,1,573,25,13,4251.750,340.688,177.4375,,,,0.159977,0.115144,-0.009601,,,capture
07:34:20.449263,1,574,25,12,4240.625,340.844,177.3125,0.577,0.124,0.590,0.159977,0.115144,-0.009601,,,landing
07:34:20.472251,1,574,25,12,4240.625,340.844,177.3125,,,,0.159977,0.115144,-0.009601,,,capture
07:34:21.523975,1,575,25,11,4230.281,340.938,177.1875,0.447,0.029,0.448,0.159977,0.115144,-0.009601,,,landing
07:34:21.535690,1,575,25,11,4230.281,340.938,177.1875,,,,0.159977,0.115144,-0.009601,,,capture
07:34:29.877481,1,576,25,10,4220.250,340.938,177.0000,,,,0.160034,0.115143,-0.009587,177.0000,85.1,periodic_af
07:34:30.421185,1,576,25,10,4220.250,340.938,177.0312,0.137,0.050,0.146,0.160034,0.115143,-0.009587,,,landing
07:34:30.448868,1,576,25,10,4220.250,340.938,177.0312,,,,0.160034,0.115143,-0.009587,,,capture
07:34:31.446374,1,577,25,9,4209.438,340.969,176.9062,0.013,0.095,0.096,0.160034,0.115143,-0.009587,,,landing
07:34:31.459269,1,577,25,9,4209.438,340.969,176.9062,,,,0.160034,0.115143,-0.009587,,,capture
07:34:32.532952,1,578,25,8,4198.875,341.031,176.7812,0.139,0.168,0.218,0.160034,0.115143,-0.009587,,,landing
07:34:32.560016,1,578,25,8,4198.875,341.031,176.7812,,,,0.160034,0.115143,-0.009587,,,capture
07:34:40.791607,1,579,25,7,4188.375,341.156,176.6250,,,,0.160088,0.115143,-0.009574,176.6250,103.0,periodic_af
07:34:41.317430,1,579,25,7,4188.375,341.156,176.6250,0.034,0.097,0.103,0.160088,0.115143,-0.009574,,,landing
07:34:41.337767,1,579,25,7,4188.375,341.156,176.6250,,,,0.160088,0.115143,-0.009574,,,capture
07:34:42.342057,1,580,25,6,4177.531,341.219,176.5000,0.054,0.138,0.148,0.160088,0.115143,-0.009574,,,landing
07:34:42.354273,1,580,25,6,4177.531,341.219,176.5000,,,,0.160088,0.115143,-0.009574,,,capture
07:34:43.382895,1,581,25,5,4166.656,341.344,176.3750,0.338,0.106,0.354,0.160088,0.115143,-0.009574,,,landing
07:34:43.394218,1,581,25,5,4166.656,341.344,176.3750,,,,0.160088,0.115143,-0.009574,,,capture
07:34:51.450801,1,582,24,5,4167.469,355.625,176.0000,,,,0.160134,0.115149,-0.009562,176.0000,50.2,periodic_af
07:34:52.090848,1,582,24,5,4167.469,355.625,174.9062,0.195,3.895,3.900,0.160134,0.115149,-0.009562,,,landing
07:34:52.864123,1,582,24,5,4167.844,359.844,174.9062,,,,0.160134,0.115149,-0.009562,,,capture
07:34:53.929486,1,583,23,5,4167.938,373.875,174.7500,-0.026,1.098,1.098,0.160134,0.115149,-0.009562,,,landing
07:34:53.954863,1,583,23,5,4167.938,373.875,174.7500,,,,0.160134,0.115149,-0.009562,,,capture
07:34:55.049690,1,584,22,5,4167.781,389.781,174.5938,0.103,0.285,0.303,0.160134,0.115149,-0.009562,,,landing
07:34:55.073657,1,584,22,5,4167.781,389.781,174.5938,,,,0.160134,0.115149,-0.009562,,,capture
07:35:02.712391,1,585,21,5,4168.375,405.156,174.8438,,,,0.160171,0.115173,-0.009553,174.8438,31.4,periodic_af
07:35:03.334857,1,585,21,5,4168.375,405.156,174.8438,0.177,-1.298,1.310,0.160171,0.115173,-0.009553,,,landing
07:35:03.365859,1,585,21,5,4168.375,405.156,174.8438,,,,0.160171,0.115173,-0.009553,,,capture
07:35:04.486497,1,586,20,5,4168.469,417.562,174.6875,0.310,-1.223,1.262,0.160171,0.115173,-0.009553,,,landing
07:35:04.499694,1,586,20,5,4168.469,417.562,174.6875,,,,0.160171,0.115173,-0.009553,,,capture
07:35:05.554617,1,587,19,5,4168.688,430.719,174.5312,0.061,0.585,0.588,0.160171,0.115173,-0.009553,,,landing
07:35:05.566828,1,587,19,5,4168.688,430.719,174.5312,,,,0.160171,0.115173,-0.009553,,,capture
07:35:13.526024,1,588,18,5,4169.188,446.000,174.7188,,,,0.160204,0.115207,-0.009545,174.7188,88.8,periodic_af
07:35:14.118367,1,588,18,5,4169.188,446.000,174.7188,0.071,0.063,0.095,0.160204,0.115207,-0.009545,,,landing
07:35:14.147746,1,588,18,5,4169.188,446.000,174.7188,,,,0.160204,0.115207,-0.009545,,,capture
07:35:15.268720,1,589,17,5,4169.188,460.844,174.5625,0.044,-0.263,0.266,0.160204,0.115207,-0.009545,,,landing
07:35:15.290827,1,589,17,5,4169.188,460.844,174.5625,,,,0.160204,0.115207,-0.009545,,,capture
07:35:16.345547,1,590,16,5,4169.688,475.344,174.4062,0.094,0.163,0.188,0.160204,0.115207,-0.009545,,,landing
07:35:16.374735,1,590,16,5,4169.688,475.344,174.4062,,,,0.160204,0.115207,-0.009545,,,capture
07:35:24.068543,1,591,15,5,4169.688,489.781,174.6875,,,,0.160235,0.115238,-0.009538,174.6875,64.8,periodic_af
07:35:24.737937,1,591,15,5,4169.688,489.781,174.6875,0.044,0.565,0.567,0.160235,0.115238,-0.009538,,,landing
07:35:24.775250,1,591,15,5,4169.688,489.781,174.6875,,,,0.160235,0.115238,-0.009538,,,capture
07:35:25.874076,1,592,14,5,4170.188,504.469,174.5312,-0.009,0.672,0.672,0.160235,0.115238,-0.009538,,,landing
07:35:25.899366,1,592,14,5,4170.188,504.469,174.5312,,,,0.160235,0.115238,-0.009538,,,capture
07:35:27.032494,1,593,13,5,4170.094,518.938,174.3750,0.264,-0.761,0.805,0.160235,0.115238,-0.009538,,,landing
07:35:27.070747,1,593,13,5,4170.094,518.938,174.3750,,,,0.160235,0.115238,-0.009538,,,capture
07:35:35.214817,1,594,12,5,4170.281,532.125,174.2812,,,,0.160264,0.115266,-0.009531,174.2812,68.2,periodic_af
07:35:35.839287,1,594,12,5,4170.281,532.125,174.2812,0.301,2.080,2.102,0.160264,0.115266,-0.009531,,,landing
07:35:36.830341,1,594,12,5,4170.125,533.906,174.2812,,,,0.160264,0.115266,-0.009531,,,capture
07:35:37.833873,1,595,11,5,4170.500,547.500,174.1250,0.382,1.123,1.187,0.160264,0.115266,-0.009531,,,landing
07:35:37.858962,1,595,11,5,4170.500,547.500,174.1250,,,,0.160264,0.115266,-0.009531,,,capture
07:35:38.967488,1,596,10,5,4170.781,563.000,173.9688,0.401,-0.240,0.467,0.160264,0.115266,-0.009531,,,landing
07:35:38.996015,1,596,10,5,4170.781,563.000,173.9688,,,,0.160264,0.115266,-0.009531,,,capture
07:35:46.876231,1,597,9,5,4171.094,576.969,173.4062,,,,0.160296,0.115297,-0.009525,173.4062,90.1,periodic_af
07:35:47.486029,1,597,9,5,4171.094,576.969,173.4062,0.349,-0.321,0.475,0.160296,0.115297,-0.009525,,,landing
07:35:47.514822,1,597,9,5,4171.094,576.969,173.4062,,,,0.160296,0.115297,-0.009525,,,capture
07:35:48.549268,1,598,8,5,4171.375,590.969,173.2500,0.230,-0.572,0.616,0.160296,0.115297,-0.009525,,,landing
07:35:48.572892,1,598,8,5,4171.375,590.969,173.2500,,,,0.160296,0.115297,-0.009525,,,capture
07:35:49.541886,1,599,7,5,4171.500,604.750,173.0938,0.329,-0.571,0.659,0.160296,0.115297,-0.009525,,,landing
07:35:49.644212,1,599,7,5,4171.500,604.750,173.0938,,,,0.160296,0.115297,-0.009525,,,capture
07:35:57.394950,1,600,6,5,4171.750,618.125,172.8125,,,,0.160334,0.115333,-0.009520,172.8125,83.1,periodic_af
07:35:57.907102,1,600,6,5,4171.750,618.125,172.8125,0.381,-0.199,0.430,0.160334,0.115333,-0.009520,,,landing
07:35:57.946008,1,600,6,5,4171.750,618.125,172.8125,,,,0.160334,0.115333,-0.009520,,,capture
07:35:59.115484,1,601,6,6,4182.312,617.938,172.9062,0.403,-0.221,0.460,0.160334,0.115333,-0.009520,,,landing
07:35:59.140336,1,601,6,6,4182.312,617.938,172.9062,,,,0.160334,0.115333,-0.009520,,,capture
07:36:00.329348,1,602,6,7,4193.188,617.750,173.0000,0.107,-0.249,0.271,0.160334,0.115333,-0.009520,,,landing
07:36:00.357638,1,602,6,7,4193.188,617.750,173.0000,,,,0.160334,0.115333,-0.009520,,,capture
07:36:08.302415,1,603,6,8,4204.438,617.531,173.0625,,,,0.160403,0.115398,-0.009515,173.0625,70.6,periodic_af
07:36:08.874658,1,603,6,8,4204.438,617.531,172.9688,-0.526,-0.236,0.576,0.160403,0.115398,-0.009515,,,landing
07:36:08.906542,1,603,6,8,4204.438,617.531,172.9688,,,,0.160403,0.115398,-0.009515,,,capture
07:36:09.949348,1,604,6,9,4214.531,617.312,173.0625,-0.179,-0.167,0.245,0.160403,0.115398,-0.009515,,,landing
07:36:09.961110,1,604,6,9,4214.531,617.312,173.0625,,,,0.160403,0.115398,-0.009515,,,capture
07:36:10.935922,1,605,6,10,4225.406,617.156,173.1562,-0.017,-0.097,0.099,0.160403,0.115398,-0.009515,,,landing
07:36:10.954232,1,605,6,10,4225.406,617.156,173.1562,,,,0.160403,0.115398,-0.009515,,,capture
07:36:19.164020,1,606,6,11,4235.344,617.031,173.5312,,,,0.160491,0.115475,-0.009509,173.5312,72.9,periodic_af
07:36:19.735340,1,606,6,11,4235.344,617.031,173.5000,0.191,-0.004,0.191,0.160491,0.115475,-0.009509,,,landing
07:36:19.756459,1,606,6,11,4235.344,617.031,173.5000,,,,0.160491,0.115475,-0.009509,,,capture
07:36:20.831876,1,607,6,12,4246.406,617.062,173.5938,-0.109,-0.033,0.114,0.160491,0.115475,-0.009509,,,landing
07:36:20.859349,1,607,6,12,4246.406,617.062,173.5938,,,,0.160491,0.115475,-0.009509,,,capture
07:36:21.866175,1,608,6,13,4256.406,617.000,173.6875,0.250,-0.129,0.282,0.160491,0.115475,-0.009509,,,landing
07:36:21.877445,1,608,6,13,4256.406,617.000,173.6875,,,,0.160491,0.115475,-0.009509,,,capture
07:36:29.546859,1,609,6,14,4267.625,616.875,173.9062,,,,0.160597,0.115560,-0.009502,173.9062,89.8,periodic_af
07:36:30.180061,1,609,6,14,4267.625,616.875,173.9062,-0.066,-0.135,0.150,0.160597,0.115560,-0.009502,,,landing
07:36:30.200868,1,609,6,14,4267.625,616.875,173.9062,,,,0.160597,0.115560,-0.009502,,,capture
07:36:31.120468,1,610,6,15,4277.750,616.719,174.0312,0.065,-0.132,0.147,0.160597,0.115560,-0.009502,,,landing
07:36:31.145529,1,610,6,15,4277.750,616.719,174.0312,,,,0.160597,0.115560,-0.009502,,,capture
07:36:32.293485,1,611,6,16,4288.094,616.562,174.1250,0.073,-0.131,0.150,0.160597,0.115560,-0.009502,,,landing
07:36:32.305037,1,611,6,16,4288.094,616.562,174.1250,,,,0.160597,0.115560,-0.009502,,,capture
07:36:40.419883,1,612,6,17,4298.500,616.406,174.0312,,,,0.160728,0.115648,-0.009495,174.0312,73.7,periodic_af
07:36:41.076955,1,612,6,17,4298.500,616.406,173.5625,0.440,-0.024,0.441,0.160728,0.115648,-0.009495,,,landing
07:36:41.104025,1,612,6,17,4298.500,616.406,173.5625,,,,0.160728,0.115648,-0.009495,,,capture
07:36:42.024363,1,613,6,18,4309.188,616.344,173.6562,0.315,-0.044,0.318,0.160728,0.115648,-0.009495,,,landing
07:36:42.054007,1,613,6,18,4309.188,616.344,173.6562,,,,0.160728,0.115648,-0.009495,,,capture
07:36:43.183920,1,614,6,19,4319.406,616.281,173.7500,0.836,-0.091,0.841,0.160728,0.115648,-0.009495,,,landing
07:36:43.200897,1,614,6,19,4319.406,616.281,173.7500,,,,0.160728,0.115648,-0.009495,,,capture
07:36:50.918626,1,615,6,20,4330.531,616.188,174.3438,,,,0.160893,0.115733,-0.009487,174.3438,71.6,periodic_af
07:36:51.634025,1,615,6,20,4330.531,616.188,174.3438,0.251,-0.188,0.313,0.160893,0.115733,-0.009487,,,landing
07:36:51.669218,1,615,6,20,4330.531,616.188,174.3438,,,,0.160893,0.115733,-0.009487,,,capture
07:36:52.717439,1,616,6,21,4341.156,615.969,174.4375,0.185,-0.028,0.187,0.160893,0.115733,-0.009487,,,landing
07:36:52.738798,1,616,6,21,4341.156,615.969,174.4375,,,,0.160893,0.115733,-0.009487,,,capture
07:36:53.690087,1,617,6,22,4351.500,615.906,174.5312,0.672,-0.053,0.674,0.160893,0.115733,-0.009487,,,landing
07:36:53.713908,1,617,6,22,4351.500,615.906,174.5312,,,,0.160893,0.115733,-0.009487,,,capture
07:37:01.571043,1,618,6,23,4362.250,615.812,174.6875,,,,0.161086,0.115807,-0.009478,174.6875,86.4,periodic_af
07:37:02.128951,1,618,6,23,4362.250,615.812,174.6875,0.552,-0.085,0.559,0.161086,0.115807,-0.009478,,,landing
07:37:02.161809,1,618,6,23,4362.250,615.812,174.6875,,,,0.161086,0.115807,-0.009478,,,capture
07:37:03.440737,1,619,6,24,4372.438,615.688,174.7812,0.934,-0.124,0.942,0.161086,0.115807,-0.009478,,,landing
07:37:03.467337,1,619,6,24,4372.438,615.688,174.7812,,,,0.161086,0.115807,-0.009478,,,capture
07:37:04.628096,1,620,7,24,4373.531,601.344,174.9062,-0.353,-5.729,5.740,0.161086,0.115807,-0.009478,,,landing
07:37:05.605727,1,620,7,24,4373.094,596.031,174.9062,,,,0.161086,0.115807,-0.009478,,,capture
07:37:13.417634,1,621,8,24,4372.562,580.625,175.5000,,,,0.161296,0.115875,-0.009468,175.5000,98.9,periodic_af
07:37:14.025554,1,621,8,24,4372.562,580.625,175.4688,0.200,-0.296,0.357,0.161296,0.115875,-0.009468,,,landing
07:37:14.058973,1,621,8,24,4372.562,580.625,175.4688,,,,0.161296,0.115875,-0.009468,,,capture
07:37:15.260451,1,622,9,24,4372.344,565.688,175.6250,0.466,2.018,2.071,0.161296,0.115875,-0.009468,,,landing
07:37:15.932989,1,622,9,24,4373.156,567.812,175.6250,,,,0.161296,0.115875,-0.009468,,,capture
07:37:16.895413,1,623,10,24,4373.250,555.281,175.7500,0.020,-1.413,1.413,0.161296,0.115875,-0.009468,,,landing
07:37:16.916022,1,623,10,24,4373.250,555.281,175.7500,,,,0.161296,0.115875,-0.009468,,,capture
07:37:24.902125,1,624,11,24,4372.844,539.094,176.3125,,,,0.161518,0.115941,-0.009455,176.3125,72.2,periodic_af
07:37:25.559666,1,624,11,24,4372.844,539.094,176.3125,-0.204,0.252,0.324,0.161518,0.115941,-0.009455,,,landing
07:37:25.579973,1,624,11,24,4372.844,539.094,176.3125,,,,0.161518,0.115941,-0.009455,,,capture
07:37:26.644793,1,625,12,24,4372.250,524.250,176.4688,0.178,-0.378,0.417,0.161518,0.115941,-0.009455,,,landing
07:37:26.674131,1,625,12,24,4372.250,524.250,176.4688,,,,0.161518,0.115941,-0.009455,,,capture
07:37:27.822554,1,626,13,24,4372.500,509.500,176.6250,-0.172,-0.551,0.577,0.161518,0.115941,-0.009455,,,landing
07:37:27.843633,1,626,13,24,4372.500,509.500,176.6250,,,,0.161518,0.115941,-0.009455,,,capture
07:37:36.132938,1,627,14,24,4372.406,494.531,176.4062,,,,0.161753,0.115990,-0.009442,176.4062,92.9,periodic_af
07:37:36.732260,1,627,14,24,4372.406,494.531,176.3125,-0.500,1.007,1.124,0.161753,0.115990,-0.009442,,,landing
07:37:36.748921,1,627,14,24,4372.406,494.531,176.3125,,,,0.161753,0.115990,-0.009442,,,capture
07:37:38.118099,1,628,15,24,4371.469,480.500,176.4688,0.266,-0.616,0.671,0.161753,0.115990,-0.009442,,,landing
07:37:38.135355,1,628,15,24,4371.469,480.500,176.4688,,,,0.161753,0.115990,-0.009442,,,capture
07:37:39.107640,1,629,16,24,4371.812,465.281,176.5938,-0.185,-1.001,1.018,0.161753,0.115990,-0.009442,,,landing
07:37:39.132977,1,629,16,24,4371.812,465.281,176.5938,,,,0.161753,0.115990,-0.009442,,,capture
07:37:47.627617,1,630,17,24,4371.156,449.531,176.7188,,,,0.162004,0.116014,-0.009428,176.7188,78.1,periodic_af
07:37:48.257228,1,630,17,24,4371.156,449.531,176.7500,0.029,1.172,1.172,0.162004,0.116014,-0.009428,,,landing
07:37:48.326955,1,630,17,24,4371.156,449.531,176.7500,,,,0.162004,0.116014,-0.009428,,,capture
07:37:49.448928,1,631,18,24,4370.719,436.375,176.9062,0.014,0.659,0.659,0.162004,0.116014,-0.009428,,,landing
07:37:49.477574,1,631,18,24,4370.719,436.375,176.9062,,,,0.162004,0.116014,-0.009428,,,capture
07:37:50.551004,1,632,19,24,4370.250,421.875,177.0625,-0.122,0.733,0.743,0.162004,0.116014,-0.009428,,,landing
07:37:50.577333,1,632,19,24,4370.250,421.875,177.0625,,,,0.162004,0.116014,-0.009428,,,capture
07:37:58.938933,1,633,20,24,4369.656,407.562,177.0938,,,,0.162254,0.116018,-0.009414,177.0938,97.0,periodic_af
07:37:59.540482,1,633,20,24,4369.656,407.562,177.0938,0.140,0.980,0.990,0.162254,0.116018,-0.009414,,,landing
07:37:59.562867,1,633,20,24,4369.656,407.562,177.0938,,,,0.162254,0.116018,-0.009414,,,capture
07:38:00.769803,1,634,21,24,4369.312,393.688,177.2500,0.259,1.682,1.702,0.162254,0.116018,-0.009414,,,landing
07:38:00.791734,1,634,21,24,4369.312,393.688,177.2500,,,,0.162254,0.116018,-0.009414,,,capture
07:38:01.889457,1,635,22,24,4369.125,380.406,177.4062,0.510,0.626,0.807,0.162254,0.116018,-0.009414,,,landing
07:38:01.916551,1,635,22,24,4369.125,380.406,177.4062,,,,0.162254,0.116018,-0.009414,,,capture
07:38:09.920657,1,636,23,24,4369.188,366.375,177.3438,,,,0.162496,0.115995,-0.009401,177.3438,92.4,periodic_af
07:38:10.584391,1,636,23,24,4369.188,366.375,177.3438,-0.074,1.041,1.044,0.162496,0.115995,-0.009401,,,landing
07:38:10.603703,1,636,23,24,4369.188,366.375,177.3438,,,,0.162496,0.115995,-0.009401,,,capture
07:38:11.732035,1,637,24,24,4368.656,352.562,177.5000,0.186,1.320,1.333,0.162496,0.115995,-0.009401,,,landing
07:38:11.754361,1,637,24,24,4368.656,352.562,177.5000,,,,0.162496,0.115995,-0.009401,,,capture
07:38:12.774736,1,638,24,23,4358.438,353.938,177.3750,-0.049,0.758,0.759,0.162496,0.115995,-0.009401,,,landing
07:38:12.786260,1,638,24,23,4358.438,353.938,177.3750,,,,0.162496,0.115995,-0.009401,,,capture
07:38:20.607003,1,639,24,22,4347.281,354.656,177.3125,,,,0.162732,0.115942,-0.009388,177.3125,96.6,periodic_af
07:38:21.137208,1,639,24,22,4347.281,354.656,177.2812,0.076,0.371,0.379,0.162732,0.115942,-0.009388,,,landing
07:38:21.204348,1,639,24,22,4347.281,354.656,177.2812,,,,0.162732,0.115942,-0.009388,,,capture
07:38:22.299630,1,640,24,21,4337.750,355.062,177.1250,-0.754,0.178,0.775,0.162732,0.115942,-0.009388,,,landing
07:38:22.324994,1,640,24,21,4337.750,355.062,177.1250,,,,0.162732,0.115942,-0.009388,,,capture
07:38:23.371762,1,641,24,20,4326.156,355.219,177.0000,0.191,0.146,0.241,0.162732,0.115942,-0.009388,,,landing
07:38:23.398061,1,641,24,20,4326.156,355.219,177.0000,,,,0.162732,0.115942,-0.009388,,,capture
07:38:31.066226,1,642,24,19,4315.438,355.344,176.6250,,,,0.162944,0.115875,-0.009377,176.6250,94.2,periodic_af
07:38:31.721953,1,642,24,19,4315.438,355.344,176.5312,0.844,0.293,0.893,0.162944,0.115875,-0.009377,,,landing
07:38:31.740873,1,642,24,19,4315.438,355.344,176.5312,,,,0.162944,0.115875,-0.009377,,,capture
07:38:32.745427,1,643,24,18,4305.594,355.625,176.4062,-0.202,0.029,0.204,0.162944,0.115875,-0.009377,,,landing
07:38:32.758402,1,643,24,18,4305.594,355.625,176.4062,,,,0.162944,0.115875,-0.009377,,,capture
07:38:33.760890,1,644,24,17,4294.531,355.625,176.2812,0.267,0.134,0.299,0.162944,0.115875,-0.009377,,,landing
07:38:33.773449,1,644,24,17,4294.531,355.625,176.2812,,,,0.162944,0.115875,-0.009377,,,capture
07:38:41.934687,1,645,24,16,4284.219,355.719,176.5000,,,,0.163138,0.115797,-0.009366,176.5000,33.7,periodic_af
07:38:42.585394,1,645,24,16,4284.219,355.719,176.5000,-0.018,0.062,0.065,0.163138,0.115797,-0.009366,,,landing
07:38:42.604043,1,645,24,16,4284.219,355.719,176.5000,,,,0.163138,0.115797,-0.009366,,,capture
07:38:43.694477,1,646,24,15,4273.969,355.750,176.4062,-0.204,0.162,0.260,0.163138,0.115797,-0.009366,,,landing
07:38:43.719740,1,646,24,15,4273.969,355.750,176.4062,,,,0.163138,0.115797,-0.009366,,,capture
07:38:44.648158,1,647,24,14,4263.031,355.906,176.2812,-0.106,0.145,0.179,0.163138,0.115797,-0.009366,,,landing
07:38:44.661486,1,647,24,14,4263.031,355.906,176.2812,,,,0.163138,0.115797,-0.009366,,,capture
07:38:52.538972,1,648,24,13,4252.344,356.031,176.5625,,,,0.163322,0.115709,-0.009355,176.5625,73.9,periodic_af
07:38:53.097134,1,648,24,13,4252.344,356.031,176.5625,-0.015,0.127,0.128,0.163322,0.115709,-0.009355,,,landing
07:38:53.127656,1,648,24,13,4252.344,356.031,176.5625,,,,0.163322,0.115709,-0.009355,,,capture
07:38:54.213338,1,649,24,12,4242.250,356.125,176.4375,-0.064,0.169,0.181,0.163322,0.115709,-0.009355,,,landing
07:38:54.238134,1,649,24,12,4242.250,356.125,176.4375,,,,0.163322,0.115709,-0.009355,,,capture
07:38:55.246077,1,650,24,11,4231.594,356.281,176.3125,-0.143,-0.083,0.165,0.163322,0.115709,-0.009355,,,landing
07:38:55.274329,1,650,24,11,4231.594,356.281,176.3125,,,,0.163322,0.115709,-0.009355,,,capture
07:39:03.258288,1,651,24,10,4220.406,356.156,176.1250,,,,0.163494,0.115618,-0.009344,176.1250,86.1,periodic_af
07:39:03.773202,1,651,24,10,4220.406,356.156,176.0625,0.276,0.009,0.276,0.163494,0.115618,-0.009344,,,landing
07:39:03.802992,1,651,24,10,4220.406,356.156,176.0625,,,,0.163494,0.115618,-0.009344,,,capture
07:39:04.823559,1,652,24,9,4209.562,356.156,175.9375,0.255,0.014,0.256,0.163494,0.115618,-0.009344,,,landing
07:39:04.848853,1,652,24,9,4209.562,356.156,175.9375,,,,0.163494,0.115618,-0.009344,,,capture
07:39:05.707237,1,653,24,8,4199.125,356.125,175.8125,0.074,0.102,0.126,0.163494,0.115618,-0.009344,,,landing
07:39:05.734398,1,653,24,8,4199.125,356.125,175.8125,,,,0.163494,0.115618,-0.009344,,,capture
07:39:13.556381,1,654,24,7,4189.062,356.219,176.1562,,,,0.163662,0.115519,-0.009333,176.1562,83.8,periodic_af
07:39:14.142939,1,654,24,7,4189.062,356.219,176.1562,0.059,0.213,0.221,0.163662,0.115519,-0.009333,,,landing
07:39:14.160116,1,654,24,7,4189.062,356.219,176.1562,,,,0.163662,0.115519,-0.009333,,,capture
07:39:15.207959,1,655,24,6,4178.750,356.406,176.0312,-0.429,0.152,0.455,0.163662,0.115519,-0.009333,,,landing
07:39:15.230716,1,655,24,6,4178.750,356.406,176.0312,,,,0.163662,0.115519,-0.009333,,,capture
07:39:16.334341,1,656,23,6,4178.250,370.812,175.8438,0.481,2.418,2.465,0.163662,0.115519,-0.009333,,,landing
07:39:18.101140,1,656,23,6,4178.344,369.812,175.8438,,,,0.163662,0.115519,-0.009333,,,capture
07:39:25.994931,1,657,22,6,4178.469,383.594,175.3125,,,,0.163819,0.115423,-0.009322,175.3125,87.3,periodic_af
07:39:26.511898,1,657,22,6,4178.469,383.594,175.2812,0.124,1.528,1.533,0.163819,0.115423,-0.009322,,,landing
07:39:26.540054,1,657,22,6,4178.469,383.594,175.2812,,,,0.163819,0.115423,-0.009322,,,capture
07:39:27.616972,1,658,21,6,4179.062,399.438,175.0938,0.222,-0.648,0.685,0.163819,0.115423,-0.009322,,,landing
07:39:27.629374,1,658,21,6,4179.062,399.438,175.0938,,,,0.163819,0.115423,-0.009322,,,capture
07:39:28.641144,1,659,20,6,4179.219,412.906,174.9375,0.311,-0.380,0.491,0.163819,0.115423,-0.009322,,,landing
07:39:28.653298,1,659,20,6,4179.219,412.906,174.9375,,,,0.163819,0.115423,-0.009322,,,capture
07:39:36.632268,1,660,19,6,4179.469,426.594,174.5938,,,,0.163950,0.115319,-0.009311,174.5938,68.7,periodic_af
07:39:37.246143,1,660,19,6,4179.469,426.594,175.0938,0.337,-0.323,0.467,0.163950,0.115319,-0.009311,,,landing
07:39:37.267299,1,660,19,6,4179.469,426.594,175.0938,,,,0.163950,0.115319,-0.009311,,,capture
07:39:38.196880,1,661,18,6,4179.750,440.219,174.9062,0.000,0.104,0.104,0.163950,0.115319,-0.009311,,,landing
07:39:38.221298,1,661,18,6,4179.750,440.219,174.9062,,,,0.163950,0.115319,-0.009311,,,capture
07:39:39.323155,1,662,17,6,4180.219,454.875,174.7188,-0.018,0.519,0.520,0.163950,0.115319,-0.009311,,,landing
07:39:39.349287,1,662,17,6,4180.219,454.875,174.7188,,,,0.163950,0.115319,-0.009311,,,capture
07:39:47.229009,1,663,16,6,4180.125,470.250,174.0625,,,,0.164070,0.115221,-0.009301,174.0625,45.1,periodic_af
07:39:47.842362,1,663,16,6,4180.125,470.250,174.0625,0.478,5.372,5.394,0.164070,0.115221,-0.009301,,,landing
07:39:48.839822,1,663,16,6,4180.438,475.750,174.0625,,,,0.164070,0.115221,-0.009301,,,capture
07:39:49.935790,1,664,15,6,4180.188,489.781,173.8750,0.060,0.385,0.390,0.164070,0.115221,-0.009301,,,landing
07:39:49.948183,1,664,15,6,4180.188,489.781,173.8750,,,,0.164070,0.115221,-0.009301,,,capture
07:39:50.941559,1,665,14,6,4180.688,504.844,173.7188,-0.051,0.333,0.337,0.164070,0.115221,-0.009301,,,landing
07:39:50.967325,1,665,14,6,4180.688,504.844,173.7188,,,,0.164070,0.115221,-0.009301,,,capture
07:39:59.070411,1,666,13,6,4181.094,519.844,173.9688,,,,0.164191,0.115131,-0.009292,173.9688,80.9,periodic_af
07:39:59.648497,1,666,13,6,4181.094,519.844,173.9688,0.012,0.121,0.122,0.164191,0.115131,-0.009292,,,landing
07:39:59.677616,1,666,13,6,4181.094,519.844,173.9688,,,,0.164191,0.115131,-0.009292,,,capture
07:40:00.883075,1,667,12,6,4181.000,534.531,173.7812,0.262,-0.532,0.593,0.164191,0.115131,-0.009292,,,landing
07:40:00.918381,1,667,12,6,4181.000,534.531,173.7812,,,,0.164191,0.115131,-0.009292,,,capture
07:40:02.033005,1,668,11,6,4181.188,548.188,173.5938,0.048,-0.012,0.050,0.164191,0.115131,-0.009292,,,landing
07:40:02.062693,1,668,11,6,4181.188,548.188,173.5938,,,,0.164191,0.115131,-0.009292,,,capture
07:40:09.942354,1,669,10,6,4181.688,563.406,173.0938,,,,0.164310,0.115051,-0.009284,173.0938,89.3,periodic_af
07:40:10.633988,1,669,10,6,4181.688,563.406,173.0625,0.127,-0.578,0.591,0.164310,0.115051,-0.009284,,,landing
07:40:10.653462,1,669,10,6,4181.688,563.406,173.0625,,,,0.164310,0.115051,-0.009284,,,capture
07:40:11.729034,1,670,9,6,4181.750,577.344,172.8750,0.292,-1.154,1.191,0.164310,0.115051,-0.009284,,,landing
07:40:11.754665,1,670,9,6,4181.750,577.344,172.8750,,,,0.164310,0.115051,-0.009284,,,capture
07:40:12.801787,1,671,8,6,4182.000,590.594,172.6875,0.238,-0.471,0.528,0.164310,0.115051,-0.009284,,,landing
07:40:12.831891,1,671,8,6,4182.000,590.594,172.6875,,,,0.164310,0.115051,-0.009284,,,capture
07:40:21.102219,1,672,7,6,4182.188,604.219,172.3125,,,,0.164430,0.114984,-0.009277,172.3125,89.2,periodic_af
07:40:21.670718,1,672,7,6,4182.188,604.219,172.3125,0.279,-0.157,0.320,0.164430,0.114984,-0.009277,,,landing
07:40:21.698205,1,672,7,6,4182.188,604.219,172.3125,,,,0.164430,0.114984,-0.009277,,,capture
07:40:22.682094,1,673,7,7,4193.219,604.062,172.4062,-0.125,-0.191,0.228,0.164430,0.114984,-0.009277,,,landing
07:40:22.698595,1,673,7,7,4193.219,604.062,172.4062,,,,0.164430,0.114984,-0.009277,,,capture
07:40:23.883181,1,674,7,8,4204.094,603.906,172.5000,-0.078,-0.071,0.105,0.164430,0.114984,-0.009277,,,landing
07:40:23.908086,1,674,7,8,4204.094,603.906,172.5000,,,,0.164430,0.114984,-0.009277,,,capture
07:40:31.739287,1,675,7,9,4214.281,603.844,172.8438,,,,0.164542,0.114922,-0.009270,172.8438,86.2,periodic_af
07:40:32.343193,1,675,7,9,4214.281,603.844,172.8125,-0.179,-0.247,0.305,0.164542,0.114922,-0.009270,,,landing
07:40:32.406973,1,675,7,9,4214.281,603.844,172.8125,,,,0.164542,0.114922,-0.009270,,,capture
07:40:33.435334,1,676,7,10,4225.031,603.625,172.9062,0.001,-0.094,0.094,0.164542,0.114922,-0.009270,,,landing
07:40:33.460722,1,676,7,10,4225.031,603.625,172.9062,,,,0.164542,0.114922,-0.009270,,,capture
07:40:34.602808,1,677,7,11,4235.656,603.562,173.0000,-0.048,0.013,0.050,0.164542,0.114922,-0.009270,,,landing
07:40:34.629191,1,677,7,11,4235.656,603.562,173.0000,,,,0.164542,0.114922,-0.009270,,,capture
07:40:42.404253,1,678,7,12,4245.812,603.594,173.1250,,,,0.164655,0.114865,-0.009265,173.1250,89.8,periodic_af
07:40:42.969453,1,678,7,12,4245.812,603.594,173.0625,0.077,-0.183,0.199,0.164655,0.114865,-0.009265,,,landing
07:40:42.997845,1,678,7,12,4245.812,603.594,173.0625,,,,0.164655,0.114865,-0.009265,,,capture
07:40:44.044324,1,679,7,13,4256.969,603.438,173.1562,-0.205,-0.009,0.205,0.164655,0.114865,-0.009265,,,landing
07:40:44.058128,1,679,7,13,4256.969,603.438,173.1562,,,,0.164655,0.114865,-0.009265,,,capture
07:40:45.039930,1,680,7,14,4267.312,603.438,173.2500,-0.070,-0.282,0.291,0.164655,0.114865,-0.009265,,,landing
07:40:45.070652,1,680,7,14,4267.312,603.438,173.2500,,,,0.164655,0.114865,-0.009265,,,capture
07:40:52.894607,1,681,7,15,4278.125,603.188,173.7188,,,,0.164748,0.114814,-0.009259,173.7188,82.6,periodic_af
07:40:53.519670,1,681,7,15,4278.125,603.188,173.7188,-0.470,-0.232,0.524,0.164748,0.114814,-0.009259,,,landing
07:40:53.547356,1,681,7,15,4278.125,603.188,173.7188,,,,0.164748,0.114814,-0.009259,,,capture
07:40:54.742978,1,682,7,16,4288.688,602.969,173.8125,-0.289,-0.071,0.297,0.164748,0.114814,-0.009259,,,landing
07:40:54.773038,1,682,7,16,4288.688,602.969,173.8125,,,,0.164748,0.114814,-0.009259,,,capture
07:40:55.765190,1,683,7,17,4298.906,602.938,173.9062,0.048,-0.084,0.096,0.164748,0.114814,-0.009259,,,landing
07:40:55.787754,1,683,7,17,4298.906,602.938,173.9062,,,,0.164748,0.114814,-0.009259,,,capture
07:41:03.801824,1,684,7,18,4309.062,602.875,173.8438,,,,0.164843,0.114763,-0.009254,173.8438,88.3,periodic_af
07:41:04.333205,1,684,7,18,4309.062,602.875,173.8438,0.298,-0.164,0.341,0.164843,0.114763,-0.009254,,,landing
07:41:04.361556,1,684,7,18,4309.062,602.875,173.8438,,,,0.164843,0.114763,-0.009254,,,capture
07:41:05.468844,1,685,7,19,4319.250,602.719,173.9375,0.512,-0.210,0.553,0.164843,0.114763,-0.009254,,,landing
07:41:05.495019,1,685,7,19,4319.250,602.719,173.9375,,,,0.164843,0.114763,-0.009254,,,capture
07:41:06.545138,1,686,7,20,4330.531,602.531,174.0312,0.067,-0.136,0.152,0.164843,0.114763,-0.009254,,,landing
07:41:06.557272,1,686,7,20,4330.531,602.531,174.0312,,,,0.164843,0.114763,-0.009254,,,capture
07:41:14.644942,1,687,7,21,4341.750,602.438,173.9062,,,,0.164957,0.114700,-0.009250,173.9062,85.1,periodic_af
07:41:15.239956,1,687,7,21,4341.750,602.438,173.8750,-0.281,-0.060,0.287,0.164957,0.114700,-0.009250,,,landing
07:41:15.271965,1,687,7,21,4341.750,602.438,173.8750,,,,0.164957,0.114700,-0.009250,,,capture
07:41:16.366930,1,688,7,22,4352.219,602.406,173.9688,-0.093,-0.118,0.150,0.164957,0.114700,-0.009250,,,landing
07:41:16.499568,1,688,7,22,4352.219,602.406,173.9688,,,,0.164957,0.114700,-0.009250,,,capture
07:41:17.506663,1,689,7,23,4363.219,602.312,174.0625,0.150,0.001,0.150,0.164957,0.114700,-0.009250,,,landing
07:41:17.527677,1,689,7,23,4363.219,602.312,174.0625,,,,0.164957,0.114700,-0.009250,,,capture
07:41:25.361370,1,690,8,23,4362.938,587.375,174.5938,,,,0.165067,0.114639,-0.009248,174.5938,45.7,periodic_af
07:41:26.038207,1,690,8,23,4362.938,587.375,174.5938,-0.800,-6.336,6.386,0.165067,0.114639,-0.009248,,,landing
07:41:27.083733,1,690,8,23,4362.125,581.312,174.5938,,,,0.165067,0.114639,-0.009248,,,capture
07:41:28.190255,1,691,9,23,4361.562,567.781,174.7500,0.187,0.115,0.219,0.165067,0.114639,-0.009248,,,landing
07:41:28.204447,1,691,9,23,4361.562,567.781,174.7500,,,,0.165067,0.114639,-0.009248,,,capture
07:41:29.398855,1,692,10,23,4361.312,552.844,174.9062,0.175,-0.064,0.186,0.165067,0.114639,-0.009248,,,landing
07:41:29.411178,1,692,10,23,4361.312,552.844,174.9062,,,,0.165067,0.114639,-0.009248,,,capture
07:41:37.577004,1,693,11,23,4361.031,538.406,175.4688,,,,0.165157,0.114597,-0.009243,175.4688,62.4,periodic_af
07:41:38.290444,1,693,11,23,4361.031,538.406,175.4688,0.614,2.534,2.607,0.165157,0.114597,-0.009243,,,landing
07:41:39.049680,1,693,11,23,4361.688,541.188,175.4688,,,,0.165157,0.114597,-0.009243,,,capture
07:41:40.165645,1,694,12,23,4360.812,528.375,175.6250,0.293,-4.292,4.302,0.165157,0.114597,-0.009243,,,landing
07:41:41.096247,1,694,12,23,4361.156,523.688,175.6250,,,,0.165157,0.114597,-0.009243,,,capture
07:41:42.167920,1,695,13,23,4360.688,510.156,175.7812,0.757,-0.968,1.229,0.165157,0.114597,-0.009243,,,landing
07:41:42.199933,1,695,13,23,4360.688,510.156,175.7812,,,,0.165157,0.114597,-0.009243,,,capture
07:41:50.227009,1,696,14,23,4361.031,494.125,175.5625,,,,0.165246,0.114552,-0.009240,175.5625,98.4,periodic_af
07:41:50.861551,1,696,14,23,4361.031,494.125,175.5938,-0.336,0.181,0.382,0.165246,0.114552,-0.009240,,,landing
07:41:50.882211,1,696,14,23,4361.031,494.125,175.5938,,,,0.165246,0.114552,-0.009240,,,capture
07:41:51.947827,1,697,15,23,4360.281,479.219,175.7500,0.046,0.220,0.225,0.165246,0.114552,-0.009240,,,landing
07:41:51.972229,1,697,15,23,4360.281,479.219,175.7500,,,,0.165246,0.114552,-0.009240,,,capture
07:41:53.134227,1,698,16,23,4359.906,464.219,175.9062,0.161,0.356,0.391,0.165246,0.114552,-0.009240,,,landing
07:41:53.144950,1,698,16,23,4359.906,464.219,175.9062,,,,0.165246,0.114552,-0.009240,,,capture
07:42:00.949640,1,699,17,23,4359.625,449.438,176.5312,,,,0.165347,0.114498,-0.009237,176.5312,85.3,periodic_af
07:42:01.554369,1,699,17,23,4359.625,449.438,176.5312,0.118,0.646,0.657,0.165347,0.114498,-0.009237,,,landing
07:42:01.579461,1,699,17,23,4359.625,449.438,176.5312,,,,0.165347,0.114498,-0.009237,,,capture
07:42:02.773782,1,700,18,23,4359.344,434.969,176.6875,0.219,1.161,1.181,0.165347,0.114498,-0.009237,,,landing
07:42:02.807437,1,700,18,23,4359.344,434.969,176.6875,,,,0.165347,0.114498,-0.009237,,,capture
07:42:03.856802,1,701,19,23,4359.125,421.094,176.8750,0.146,1.146,1.156,0.165347,0.114498,-0.009237,,,landing
07:42:03.888199,1,701,19,23,4359.125,421.094,176.8750,,,,0.165347,0.114498,-0.009237,,,capture
07:42:11.724149,1,702,20,23,4358.844,408.250,176.5625,,,,0.165447,0.114436,-0.009234,176.5625,78.2,periodic_af
07:42:12.368678,1,702,20,23,4358.844,408.250,176.6562,0.218,1.106,1.128,0.165447,0.114436,-0.009234,,,landing
07:42:12.389072,1,702,20,23,4358.844,408.250,176.6562,,,,0.165447,0.114436,-0.009234,,,capture
07:42:13.432388,1,703,21,23,4358.656,394.250,176.8125,0.199,0.503,0.541,0.165447,0.114436,-0.009234,,,landing
07:42:13.453906,1,703,21,23,4358.656,394.250,176.8125,,,,0.165447,0.114436,-0.009234,,,capture
07:42:14.587165,1,704,22,23,4358.469,380.125,176.9688,0.154,1.725,1.731,0.165447,0.114436,-0.009234,,,landing
07:42:14.602994,1,704,22,23,4358.469,380.125,176.9688,,,,0.165447,0.114436,-0.009234,,,capture
07:42:22.636957,1,705,23,23,4358.219,366.812,176.8750,,,,0.165541,0.114365,-0.009233,176.8750,81.7,periodic_af
07:42:23.310752,1,705,23,23,4358.219,366.812,175.1250,,,,0.165541,0.114365,-0.009233,,,capture
07:42:48.733160,1,706,23,22,4348.281,367.688,176.1562,-0.172,0.618,0.642,0.165541,0.114365,-0.009233,,,landing
07:42:48.761233,1,706,23,22,4348.281,367.688,176.1562,,,,0.165541,0.114365,-0.009233,,,capture
07:42:50.050995,1,707,23,21,4338.469,368.594,176.0312,-0.766,0.156,0.781,0.165541,0.114365,-0.009233,,,landing
07:42:50.063404,1,707,23,21,4338.469,368.594,176.0312,,,,0.165541,0.114365,-0.009233,,,capture
07:42:57.788412,1,708,23,20,4327.406,368.875,176.2812,,,,0.165624,0.114300,-0.009232,176.2812,26.3,periodic_af
07:42:58.443356,1,708,23,20,4327.406,368.875,176.2812,-0.283,0.174,0.332,0.165624,0.114300,-0.009232,,,landing
07:42:58.466243,1,708,23,20,4327.406,368.875,176.2812,,,,0.165624,0.114300,-0.009232,,,capture
07:42:59.793537,1,709,23,19,4316.062,369.000,176.1250,0.805,0.241,0.840,0.165624,0.114300,-0.009232,,,landing
07:42:59.818562,1,709,23,19,4316.062,369.000,176.1250,,,,0.165624,0.114300,-0.009232,,,capture
07:43:00.862014,1,710,23,18,4306.812,369.375,176.0000,-1.236,-0.127,1.242,0.165624,0.114300,-0.009232,,,landing
07:43:00.875408,1,710,23,18,4306.812,369.375,176.0000,,,,0.165624,0.114300,-0.009232,,,capture
07:43:09.137188,1,711,23,17,4296.000,369.375,176.2500,,,,0.165704,0.114246,-0.009231,176.2500,60.1,periodic_af
07:43:09.809359,1,711,23,17,4296.000,369.375,176.2500,-0.600,0.041,0.601,0.165704,0.114246,-0.009231,,,landing
07:43:09.838644,1,711,23,17,4296.000,369.375,176.2500,,,,0.165704,0.114246,-0.009231,,,capture
07:43:11.038594,1,712,23,16,4284.281,369.406,176.0938,0.183,-0.102,0.210,0.165704,0.114246,-0.009231,,,landing
07:43:11.066785,1,712,23,16,4284.281,369.406,176.0938,,,,0.165704,0.114246,-0.009231,,,capture
07:43:12.131458,1,713,23,15,4273.625,369.281,175.9688,0.194,0.046,0.199,0.165704,0.114246,-0.009231,,,landing
07:43:12.160506,1,713,23,15,4273.625,369.281,175.9688,,,,0.165704,0.114246,-0.009231,,,capture
07:43:20.114749,1,714,23,14,4263.188,369.312,176.1875,,,,0.165784,0.114194,-0.009230,176.1875,88.0,periodic_af
07:43:20.749204,1,714,23,14,4263.188,369.312,176.1875,0.203,0.131,0.241,0.165784,0.114194,-0.009230,,,landing
07:43:20.773386,1,714,23,14,4263.188,369.312,176.1875,,,,0.165784,0.114194,-0.009230,,,capture
07:43:21.790359,1,715,23,13,4252.094,369.406,176.0625,0.159,0.073,0.175,0.165784,0.114194,-0.009230,,,landing
07:43:21.821143,1,715,23,13,4252.094,369.406,176.0625,,,,0.165784,0.114194,-0.009230,,,capture
07:43:22.821695,1,716,23,12,4241.375,369.469,175.9375,0.437,0.162,0.466,0.165784,0.114194,-0.009230,,,landing
07:43:22.842117,1,716,23,12,4241.375,369.469,175.9375,,,,0.165784,0.114194,-0.009230,,,capture
07:43:30.774704,1,717,23,11,4231.344,369.594,175.5938,,,,0.165871,0.114158,-0.009227,175.5938,90.6,periodic_af
07:43:31.297726,1,717,23,11,4231.344,369.594,175.5938,0.109,0.190,0.219,0.165871,0.114158,-0.009227,,,landing
07:43:31.325797,1,717,23,11,4231.344,369.594,175.5938,,,,0.165871,0.114158,-0.009227,,,capture
07:43:32.577395,1,718,23,10,4220.344,369.781,175.4688,0.380,-0.086,0.390,0.165871,0.114158,-0.009227,,,landing
07:43:32.610510,1,718,23,10,4220.344,369.781,175.4688,,,,0.165871,0.114158,-0.009227,,,capture
07:43:34.483094,1,719,23,9,4210.375,369.750,175.3750,0.132,-0.201,0.241,0.165871,0.114158,-0.009227,,,landing
07:43:34.494406,1,719,23,9,4210.375,369.750,175.3750,,,,0.165871,0.114158,-0.009227,,,capture
07:43:42.441763,1,720,23,8,4199.844,369.500,175.2500,,,,0.165960,0.114131,-0.009224,175.2500,67.3,periodic_af
07:43:43.069297,1,720,23,8,4199.844,369.500,175.1875,0.185,0.126,0.224,0.165960,0.114131,-0.009224,,,landing
07:43:43.088341,1,720,23,8,4199.844,369.500,175.1875,,,,0.165960,0.114131,-0.009224,,,capture
07:43:44.032317,1,721,23,7,4189.312,369.594,175.0312,-0.095,0.156,0.183,0.165960,0.114131,-0.009224,,,landing
07:43:44.057212,1,721,23,7,4189.312,369.594,175.0312,,,,0.165960,0.114131,-0.009224,,,capture
07:43:45.156712,1,722,22,7,4189.156,384.406,174.8438,0.101,0.676,0.683,0.165960,0.114131,-0.009224,,,landing
07:43:45.169729,1,722,22,7,4189.156,384.406,174.8438,,,,0.165960,0.114131,-0.009224,,,capture
07:43:53.159783,1,723,21,7,4189.656,399.875,174.6250,,,,0.166052,0.114115,-0.009221,174.6250,75.9,periodic_af
07:43:53.723978,1,723,21,7,4189.656,399.875,174.5938,0.306,-0.918,0.968,0.166052,0.114115,-0.009221,,,landing
07:43:53.753220,1,723,21,7,4189.656,399.875,174.5938,,,,0.166052,0.114115,-0.009221,,,capture
07:43:54.816681,1,724,20,7,4189.906,413.062,174.4062,0.324,-0.357,0.482,0.166052,0.114115,-0.009221,,,landing
07:43:54.838239,1,724,20,7,4189.906,413.062,174.4062,,,,0.166052,0.114115,-0.009221,,,capture
07:43:55.837150,1,725,19,7,4190.156,426.875,174.2188,0.286,-0.793,0.843,0.166052,0.114115,-0.009221,,,landing
07:43:55.861109,1,725,19,7,4190.156,426.875,174.2188,,,,0.166052,0.114115,-0.009221,,,capture
07:44:03.927258,1,726,18,7,4190.406,440.781,174.1250,,,,0.166154,0.114113,-0.009217,174.1250,82.2,periodic_af
07:44:04.517980,1,726,18,7,4190.406,440.781,174.0938,0.293,-0.078,0.303,0.166154,0.114113,-0.009217,,,landing
07:44:04.548667,1,726,18,7,4190.406,440.781,174.0938,,,,0.166154,0.114113,-0.009217,,,capture
07:44:05.542901,1,727,17,7,4190.625,455.500,173.9062,0.354,0.144,0.382,0.166154,0.114113,-0.009217,,,landing
07:44:05.564437,1,727,17,7,4190.625,455.500,173.9062,,,,0.166154,0.114113,-0.009217,,,capture
07:44:06.752420,1,728,16,7,4190.906,470.125,173.7188,0.503,4.037,4.068,0.166154,0.114113,-0.009217,,,landing
07:44:07.571283,1,728,16,7,4191.781,474.688,173.7188,,,,0.166154,0.114113,-0.009217,,,capture
07:44:15.129578,1,729,15,7,4191.125,489.656,173.6562,,,,0.166268,0.114121,-0.009212,173.6562,90.5,periodic_af
07:44:15.733159,1,729,15,7,4191.125,489.656,173.6875,0.497,-0.686,0.847,0.166268,0.114121,-0.009212,,,landing
07:44:15.766278,1,729,15,7,4191.125,489.656,173.6875,,,,0.166268,0.114121,-0.009212,,,capture
07:44:16.814397,1,730,14,7,4192.000,504.000,173.5000,-0.354,0.543,0.648,0.166268,0.114121,-0.009212,,,landing
07:44:16.836042,1,730,14,7,4192.000,504.000,173.5000,,,,0.166268,0.114121,-0.009212,,,capture
07:44:18.036266,1,731,13,7,4191.531,518.969,173.3125,0.292,-1.661,1.687,0.166268,0.114121,-0.009212,,,landing
07:44:18.068458,1,731,13,7,4191.531,518.969,173.3125,,,,0.166268,0.114121,-0.009212,,,capture
07:44:25.740933,1,732,12,7,4191.750,532.031,173.1875,,,,0.166393,0.114135,-0.009206,173.1875,72.2,periodic_af
07:44:26.329019,1,732,12,7,4191.750,532.031,173.2500,0.358,1.867,1.901,0.166393,0.114135,-0.009206,,,landing
07:44:26.358428,1,732,12,7,4191.750,532.031,173.2500,,,,0.166393,0.114135,-0.009206,,,capture
07:44:27.493950,1,733,11,7,4192.031,548.500,173.0625,0.260,-0.396,0.474,0.166393,0.114135,-0.009206,,,landing
07:44:27.525634,1,733,11,7,4192.031,548.500,173.0625,,,,0.166393,0.114135,-0.009206,,,capture
07:44:28.631992,1,734,10,7,4192.188,562.531,172.9062,0.385,-0.131,0.407,0.166393,0.114135,-0.009206,,,landing
07:44:28.662079,1,734,10,7,4192.188,562.531,172.9062,,,,0.166393,0.114135,-0.009206,,,capture
07:44:36.555517,1,735,9,7,4192.500,576.344,172.3125,,,,0.166543,0.114156,-0.009199,172.3125,83.6,periodic_af
07:44:37.129931,1,735,9,7,4192.500,576.344,172.3125,0.397,-1.295,1.354,0.166543,0.114156,-0.009199,,,landing
07:44:37.160401,1,735,9,7,4192.500,576.344,172.3125,,,,0.166543,0.114156,-0.009199,,,capture
07:44:38.460785,1,736,8,7,4192.812,589.406,172.1250,0.272,-0.858,0.900,0.166543,0.114156,-0.009199,,,landing
07:44:38.486718,1,736,8,7,4192.812,589.406,172.1250,,,,0.166543,0.114156,-0.009199,,,capture
07:44:39.439504,1,737,8,8,4203.656,588.562,172.2188,-0.140,-0.529,0.548,0.166543,0.114156,-0.009199,,,landing
07:44:39.466847,1,737,8,8,4203.656,588.562,172.2188,,,,0.166543,0.114156,-0.009199,,,capture
07:44:47.505750,1,738,8,9,4213.812,588.062,172.5000,,,,0.166703,0.114178,-0.009193,172.5000,79.3,periodic_af
07:44:48.155291,1,738,8,9,4213.812,588.062,172.5938,0.462,-0.258,0.529,0.166703,0.114178,-0.009193,,,landing
07:44:48.180962,1,738,8,9,4213.812,588.062,172.5938,,,,0.166703,0.114178,-0.009193,,,capture
07:44:49.314451,1,739,8,10,4225.188,587.906,172.6875,-0.436,-0.249,0.502,0.166703,0.114178,-0.009193,,,landing
07:44:49.340966,1,739,8,10,4225.188,587.906,172.6875,,,,0.166703,0.114178,-0.009193,,,capture
07:44:50.330829,1,740,8,11,4235.438,587.688,172.7812,-0.087,0.021,0.089,0.166703,0.114178,-0.009193,,,landing
07:44:50.357155,1,740,8,11,4235.438,587.688,172.7812,,,,0.166703,0.114178,-0.009193,,,capture
07:44:58.401692,1,741,8,12,4245.906,587.750,173.0938,,,,0.166863,0.114195,-0.009185,173.0938,93.7,periodic_af
07:44:58.981352,1,741,8,12,4245.906,587.750,173.0938,-0.123,-0.116,0.169,0.166863,0.114195,-0.009185,,,landing
07:44:59.011227,1,741,8,12,4245.906,587.750,173.0938,,,,0.166863,0.114195,-0.009185,,,capture
07:45:00.218636,1,742,8,13,4256.500,587.656,173.1875,0.003,-0.073,0.073,0.166863,0.114195,-0.009185,,,landing
07:45:00.248113,1,742,8,13,4256.500,587.656,173.1875,,,,0.166863,0.114195,-0.009185,,,capture
07:45:01.247293,1,743,8,14,4267.656,587.562,173.2812,-0.146,-0.061,0.158,0.166863,0.114195,-0.009185,,,landing
07:45:01.260201,1,743,8,14,4267.656,587.562,173.2812,,,,0.166863,0.114195,-0.009185,,,capture
07:45:09.600292,1,744,8,15,4277.875,587.344,173.0312,,,,0.167014,0.114213,-0.009179,173.0312,68.5,periodic_af
07:45:10.145314,1,744,8,15,4277.875,587.344,173.0312,-0.007,-0.064,0.064,0.167014,0.114213,-0.009179,,,landing
07:45:10.181485,1,744,8,15,4277.875,587.344,173.0312,,,,0.167014,0.114213,-0.009179,,,capture
07:45:11.229194,1,745,8,16,4288.406,587.312,173.1250,-0.185,-0.104,0.213,0.167014,0.114213,-0.009179,,,landing
07:45:11.247359,1,745,8,16,4288.406,587.312,173.1250,,,,0.167014,0.114213,-0.009179,,,capture
07:45:12.420894,1,746,8,17,4298.969,587.250,173.2188,-0.011,-0.088,0.089,0.167014,0.114213,-0.009179,,,landing
07:45:12.448061,1,746,8,17,4298.969,587.250,173.2188,,,,0.167014,0.114213,-0.009179,,,capture
07:45:20.251837,1,747,8,18,4309.594,587.188,173.5625,,,,0.167146,0.114236,-0.009173,173.5625,86.9,periodic_af
07:45:20.847289,1,747,8,18,4309.594,587.188,173.6250,-0.053,-0.175,0.183,0.167146,0.114236,-0.009173,,,landing
07:45:20.876750,1,747,8,18,4309.594,587.188,173.6250,,,,0.167146,0.114236,-0.009173,,,capture
07:45:21.933837,1,748,8,19,4320.469,587.031,173.7188,-0.235,-0.051,0.240,0.167146,0.114236,-0.009173,,,landing
07:45:22.057934,1,748,8,19,4320.469,587.031,173.7188,,,,0.167146,0.114236,-0.009173,,,capture
07:45:23.061132,1,749,8,20,4330.406,586.781,173.8125,0.124,-0.056,0.136,0.167146,0.114236,-0.009173,,,landing
07:45:23.077193,1,749,8,20,4330.406,586.781,173.8125,,,,0.167146,0.114236,-0.009173,,,capture
07:45:31.096537,1,750,8,21,4340.969,586.750,173.5000,,,,0.167280,0.114250,-0.009169,173.5000,70.3,periodic_af
07:45:31.651476,1,750,8,21,4340.969,586.750,173.5000,0.430,-0.156,0.457,0.167280,0.114250,-0.009169,,,landing
07:45:31.685022,1,750,8,21,4340.969,586.750,173.5000,,,,0.167280,0.114250,-0.009169,,,capture
07:45:32.674695,1,751,8,22,4352.469,586.594,173.5938,-0.119,0.024,0.121,0.167280,0.114250,-0.009169,,,landing
07:45:32.700733,1,751,8,22,4352.469,586.594,173.5938,,,,0.167280,0.114250,-0.009169,,,capture
07:45:33.828333,1,752,9,22,4352.438,572.031,173.7500,-1.009,-4.294,4.411,0.167280,0.114250,-0.009169,,,landing
07:45:34.663958,1,752,9,22,4351.562,568.156,173.7500,,,,0.167280,0.114250,-0.009169,,,capture
07:45:42.402148,1,753,10,22,4350.969,553.219,174.3125,,,,0.167416,0.114255,-0.009165,174.3125,86.4,periodic_af
07:45:43.153433,1,753,10,22,4350.969,553.219,174.3125,-0.114,-0.122,0.167,0.167416,0.114255,-0.009165,,,landing
07:45:43.186790,1,753,10,22,4350.969,553.219,174.3125,,,,0.167416,0.114255,-0.009165,,,capture
07:45:44.499194,1,754,11,22,4350.469,538.062,174.4688,0.219,1.190,1.210,0.167416,0.114255,-0.009165,,,landing
07:45:44.510678,1,754,11,22,4350.469,538.062,174.4688,,,,0.167416,0.114255,-0.009165,,,capture
07:45:45.625916,1,755,12,22,4350.344,524.906,174.6250,0.385,-0.245,0.456,0.167416,0.114255,-0.009165,,,landing
07:45:45.653799,1,755,12,22,4350.344,524.906,174.6250,,,,0.167416,0.114255,-0.009165,,,capture
07:45:53.603764,1,756,13,22,4350.812,510.312,174.9062,,,,0.167550,0.114254,-0.009159,174.9062,95.6,periodic_af
07:45:54.224709,1,756,13,22,4350.812,510.312,174.8750,0.121,-0.438,0.454,0.167550,0.114254,-0.009159,,,landing
07:45:54.254040,1,756,13,22,4350.812,510.312,174.8750,,,,0.167550,0.114254,-0.009159,,,capture
07:45:55.365782,1,757,14,22,4350.562,494.969,175.0312,0.090,-0.087,0.125,0.167550,0.114254,-0.009159,,,landing
07:45:55.391446,1,757,14,22,4350.562,494.969,175.0312,,,,0.167550,0.114254,-0.009159,,,capture
07:45:56.427948,1,758,15,22,4350.281,479.844,175.1875,0.054,-0.417,0.421,0.167550,0.114254,-0.009159,,,landing
07:45:56.449904,1,758,15,22,4350.281,479.844,175.1875,,,,0.167550,0.114254,-0.009159,,,capture
07:46:04.566202,1,759,16,22,4349.844,465.531,175.3125,,,,0.167685,0.114241,-0.009154,175.3125,86.5,periodic_af
07:46:05.188474,1,759,16,22,4349.844,465.531,175.2812,-0.233,0.688,0.726,0.167685,0.114241,-0.009154,,,landing
07:46:05.221327,1,759,16,22,4349.844,465.531,175.2812,,,,0.167685,0.114241,-0.009154,,,capture
07:46:06.367247,1,760,17,22,4349.719,451.625,175.4375,0.603,-1.355,1.483,0.167685,0.114241,-0.009154,,,landing
07:46:06.400279,1,760,17,22,4349.719,451.625,175.4375,,,,0.167685,0.114241,-0.009154,,,capture
07:46:07.567388,1,761,18,22,4349.938,435.312,175.5938,-0.315,0.872,0.927,0.167685,0.114241,-0.009154,,,landing
07:46:07.699231,1,761,18,22,4349.938,435.312,175.5938,,,,0.167685,0.114241,-0.009154,,,capture
07:46:15.291172,1,762,19,22,4349.719,421.750,175.5938,,,,0.167815,0.114212,-0.009148,175.5938,94.9,periodic_af
07:46:15.901501,1,762,19,22,4349.719,421.750,175.4688,-0.226,0.281,0.360,0.167815,0.114212,-0.009148,,,landing
07:46:15.936991,1,762,19,22,4349.719,421.750,175.4688,,,,0.167815,0.114212,-0.009148,,,capture
07:46:17.258008,1,763,20,22,4349.562,407.219,175.6250,-0.644,1.276,1.430,0.167815,0.114212,-0.009148,,,landing
07:46:17.269911,1,763,20,22,4349.562,407.219,175.6250,,,,0.167815,0.114212,-0.009148,,,capture
07:46:18.379240,1,764,21,22,4348.625,393.656,175.7812,-0.423,0.705,0.822,0.167815,0.114212,-0.009148,,,landing
07:46:18.390930,1,764,21,22,4348.625,393.656,175.7812,,,,0.167815,0.114212,-0.009148,,,capture
07:46:26.561991,1,765,22,22,4347.781,379.438,175.4688,,,,0.167920,0.114157,-0.009143,175.4688,97.2,periodic_af
07:46:27.169285,1,765,22,22,4347.781,379.438,175.4688,0.068,1.317,1.319,0.167920,0.114157,-0.009143,,,landing
07:46:27.189686,1,765,22,22,4347.781,379.438,175.4688,,,,0.167920,0.114157,-0.009143,,,capture
07:46:28.212088,1,766,22,21,4337.594,381.125,175.3438,-0.136,0.455,0.475,0.167920,0.114157,-0.009143,,,landing
07:46:28.234348,1,766,22,21,4337.594,381.125,175.3438,,,,0.167920,0.114157,-0.009143,,,capture
07:46:29.452294,1,767,22,20,4327.375,381.781,175.2188,0.284,-0.102,0.302,0.167920,0.114157,-0.009143,,,landing
07:46:29.465177,1,767,22,20,4327.375,381.781,175.2188,,,,0.167920,0.114157,-0.009143,,,capture
07:46:37.609318,1,768,22,19,4317.562,381.875,175.2500,,,,0.168006,0.114095,-0.009140,175.2500,99.8,periodic_af
07:46:38.290871,1,768,22,19,4317.562,381.875,175.2500,-0.704,-0.155,0.721,0.168006,0.114095,-0.009140,,,landing
07:46:38.319296,1,768,22,19,4317.562,381.875,175.2500,,,,0.168006,0.114095,-0.009140,,,capture
07:46:39.365354,1,769,22,18,4306.438,381.906,175.1250,-0.145,0.057,0.156,0.168006,0.114095,-0.009140,,,landing
07:46:39.397864,1,769,22,18,4306.438,381.906,175.1250,,,,0.168006,0.114095,-0.009140,,,capture
07:46:40.653786,1,770,22,17,4297.094,382.188,174.9375,-1.255,-0.029,1.255,0.168006,0.114095,-0.009140,,,landing
07:46:40.668396,1,770,22,17,4297.094,382.188,174.9375,,,,0.168006,0.114095,-0.009140,,,capture
07:46:48.769223,1,771,22,16,4286.188,382.344,175.0000,,,,0.168078,0.114044,-0.009139,175.0000,97.2,periodic_af
07:46:49.333820,1,771,22,16,4286.188,382.344,175.0000,-0.889,-0.119,0.897,0.168078,0.114044,-0.009139,,,landing
07:46:49.371716,1,771,22,16,4286.188,382.344,175.0000,,,,0.168078,0.114044,-0.009139,,,capture
07:46:50.446942,1,772,22,15,4274.750,382.406,174.8750,-0.491,-0.203,0.532,0.168078,0.114044,-0.009139,,,landing
07:46:50.466235,1,772,22,15,4274.750,382.406,174.8750,,,,0.168078,0.114044,-0.009139,,,capture
07:46:51.541385,1,773,22,14,4263.625,382.156,174.7500,0.064,0.052,0.082,0.168078,0.114044,-0.009139,,,landing
07:46:51.568432,1,773,22,14,4263.625,382.156,174.7500,,,,0.168078,0.114044,-0.009139,,,capture
07:46:59.461880,1,774,22,13,4252.906,382.188,174.3750,,,,0.168128,0.113997,-0.009140,174.3750,80.3,periodic_af
07:47:00.091317,1,774,22,13,4252.906,382.188,174.5000,0.029,0.085,0.090,0.168128,0.113997,-0.009140,,,landing
07:47:00.110732,1,774,22,13,4252.906,382.188,174.5000,,,,0.168128,0.113997,-0.009140,,,capture
07:47:01.154528,1,775,22,12,4242.656,382.250,174.3750,-0.141,0.187,0.234,0.168128,0.113997,-0.009140,,,landing
07:47:01.167112,1,775,22,12,4242.656,382.250,174.3750,,,,0.168128,0.113997,-0.009140,,,capture
07:47:02.276017,1,776,22,11,4231.688,382.406,174.2500,0.116,0.018,0.118,0.168128,0.113997,-0.009140,,,landing
07:47:02.309512,1,776,22,11,4231.688,382.406,174.2500,,,,0.168128,0.113997,-0.009140,,,capture
07:47:10.070220,1,777,22,10,4221.219,382.406,173.9688,,,,0.168157,0.113963,-0.009142,173.9688,83.3,periodic_af
07:47:10.701172,1,777,22,10,4221.219,382.406,173.9375,0.184,0.197,0.270,0.168157,0.113963,-0.009142,,,landing
07:47:10.730579,1,777,22,10,4221.219,382.406,173.9375,,,,0.168157,0.113963,-0.009142,,,capture
07:47:11.692505,1,778,22,9,4210.469,382.594,173.8125,0.192,0.111,0.221,0.168157,0.113963,-0.009142,,,landing
07:47:11.717672,1,778,22,9,4210.469,382.594,173.8125,,,,0.168157,0.113963,-0.009142,,,capture
07:47:12.651520,1,779,22,8,4199.750,382.656,173.6562,0.062,-0.004,0.062,0.168157,0.113963,-0.009142,,,landing
07:47:12.681465,1,779,22,8,4199.750,382.656,173.6562,,,,0.168157,0.113963,-0.009142,,,capture
07:47:20.722029,1,780,21,8,4200.219,397.094,173.8125,,,,0.168175,0.113942,-0.009145,173.8125,88.3,periodic_af
07:47:21.361902,1,780,21,8,4200.219,397.094,173.8125,0.274,-0.268,0.383,0.168175,0.113942,-0.009145,,,landing
07:47:21.385105,1,780,21,8,4200.219,397.094,173.8125,,,,0.168175,0.113942,-0.009145,,,capture
07:47:22.464634,1,781,20,8,4200.438,411.312,173.6250,0.304,-0.298,0.426,0.168175,0.113942,-0.009145,,,landing
07:47:22.479387,1,781,20,8,4200.438,411.312,173.6250,,,,0.168175,0.113942,-0.009145,,,capture
07:47:23.549566,1,782,19,8,4200.656,425.531,173.4375,0.347,-0.484,0.596,0.168175,0.113942,-0.009145,,,landing
07:47:23.562552,1,782,19,8,4200.656,425.531,173.4375,,,,0.168175,0.113942,-0.009145,,,capture
07:47:31.462995,1,783,18,8,4200.906,439.688,173.1875,,,,0.168173,0.113922,-0.009149,173.1875,88.1,periodic_af
07:47:32.066975,1,783,18,8,4200.906,439.688,173.2188,0.426,0.011,0.427,0.168173,0.113922,-0.009149,,,landing
07:47:32.093785,1,783,18,8,4200.906,439.688,173.2188,,,,0.168173,0.113922,-0.009149,,,capture
07:47:33.142323,1,784,17,8,4201.250,453.719,173.0312,0.176,1.896,1.904,0.168173,0.113922,-0.009149,,,landing
07:47:33.169326,1,784,17,8,4201.250,453.719,173.0312,,,,0.168173,0.113922,-0.009149,,,capture
07:47:34.360665,1,785,16,8,4201.344,470.594,172.8125,0.557,4.415,4.450,0.168173,0.113922,-0.009149,,,landing
07:47:36.574351,1,785,16,8,4201.469,467.656,172.8125,,,,0.168173,0.113922,-0.009149,,,capture
07:47:44.625563,1,786,15,8,4201.594,481.812,172.7500,,,,0.168171,0.113914,-0.009154,172.7500,48.2,periodic_af
07:47:45.228558,1,786,15,8,4201.594,481.812,173.0000,0.528,7.707,7.725,0.168171,0.113914,-0.009154,,,landing
07:47:46.220093,1,786,15,8,4201.969,489.875,173.0000,,,,0.168171,0.113914,-0.009154,,,capture
07:47:47.338753,1,787,14,8,4201.906,504.500,172.8125,0.242,-0.072,0.252,0.168171,0.113914,-0.009154,,,landing
07:47:47.377673,1,787,14,8,4201.906,504.500,172.8125,,,,0.168171,0.113914,-0.009154,,,capture
07:47:48.498886,1,788,13,8,4202.094,518.531,172.6250,0.090,0.349,0.360,0.168171,0.113914,-0.009154,,,landing
07:47:48.523318,1,788,13,8,4202.094,518.531,172.6250,,,,0.168171,0.113914,-0.009154,,,capture
07:47:56.689358,1,789,12,8,4202.594,533.844,172.2812,,,,0.168171,0.113914,-0.009159,172.2812,72.7,periodic_af
07:47:57.244311,1,789,12,8,4202.594,533.844,172.2812,0.136,-0.844,0.855,0.168171,0.113914,-0.009159,,,landing
07:47:57.277545,1,789,12,8,4202.594,533.844,172.2812,,,,0.168171,0.113914,-0.009159,,,capture
07:47:58.373933,1,790,11,8,4202.656,547.094,172.0938,-0.006,0.933,0.933,0.168171,0.113914,-0.009159,,,landing
07:47:58.404260,1,790,11,8,4202.656,547.094,172.0938,,,,0.168171,0.113914,-0.009159,,,capture
07:47:59.495219,1,791,10,8,4203.031,562.594,171.9375,0.145,-0.241,0.281,0.168171,0.113914,-0.009159,,,landing
07:47:59.517801,1,791,10,8,4203.031,562.594,171.9375,,,,0.168171,0.113914,-0.009159,,,capture
07:48:07.581824,1,792,9,8,4203.094,577.281,172.0000,,,,0.168157,0.113914,-0.009163,172.0000,56.5,periodic_af
07:48:08.154352,1,792,9,8,4203.094,577.281,172.0000,0.342,-1.112,1.163,0.168157,0.113914,-0.009163,,,landing
07:48:08.193484,1,792,9,8,4203.094,577.281,172.0000,,,,0.168157,0.113914,-0.009163,,,capture
07:48:09.264777,1,793,9,9,4214.094,576.188,172.0938,-0.051,-0.544,0.546,0.168157,0.113914,-0.009163,,,landing
07:48:09.276057,1,793,9,9,4214.094,576.188,172.0938,,,,0.168157,0.113914,-0.009163,,,capture
07:48:10.386514,1,794,9,10,4225.125,575.656,172.2188,-0.295,-0.254,0.390,0.168157,0.113914,-0.009163,,,landing
07:48:10.412027,1,794,9,10,4225.125,575.656,172.2188,,,,0.168157,0.113914,-0.009163,,,capture
07:48:18.437707,1,795,9,11,4235.312,575.438,171.8438,,,,0.168154,0.113924,-0.009168,171.8438,87.0,periodic_af
07:48:19.028696,1,795,9,11,4235.312,575.438,171.8750,-0.375,-0.375,0.531,0.168154,0.113924,-0.009168,,,landing
07:48:19.058796,1,795,9,11,4235.312,575.438,171.8750,,,,0.168154,0.113924,-0.009168,,,capture
07:48:20.158688,1,796,9,12,4245.844,575.062,171.9688,-0.338,-0.190,0.387,0.168154,0.113924,-0.009168,,,landing
07:48:20.186304,1,796,9,12,4245.844,575.062,171.9688,,,,0.168154,0.113924,-0.009168,,,capture
07:48:21.199387,1,797,9,13,4255.812,574.656,172.0625,-0.036,-0.187,0.190,0.168154,0.113924,-0.009168,,,landing
07:48:21.211542,1,797,9,13,4255.812,574.656,172.0625,,,,0.168154,0.113924,-0.009168,,,capture
07:48:29.231654,1,798,9,14,4266.125,574.219,172.6250,,,,0.168153,0.113933,-0.009174,172.6250,81.8,periodic_af
07:48:29.868030,1,798,9,14,4266.125,574.219,172.6250,0.266,0.017,0.266,0.168153,0.113933,-0.009174,,,landing
07:48:29.904972,1,798,9,14,4266.125,574.219,172.6250,,,,0.168153,0.113933,-0.009174,,,capture
07:48:30.937146,1,799,9,15,4276.531,574.031,172.7188,0.487,0.116,0.500,0.168153,0.113933,-0.009174,,,landing
07:48:30.973897,1,799,9,15,4276.531,574.031,172.7188,,,,0.168153,0.113933,-0.009174,,,capture
07:48:32.081723,1,800,9,16,4287.594,573.938,172.8125,0.040,0.124,0.131,0.168153,0.113933,-0.009174,,,landing
07:48:32.106463,1,800,9,16,4287.594,573.938,172.8125,,,,0.168153,0.113933,-0.009174,,,capture
07:48:39.691500,1,801,9,17,4297.844,573.844,172.4375,,,,0.168176,0.113932,-0.009181,172.4375,89.8,periodic_af
07:48:40.241446,1,801,9,17,4297.844,573.844,172.4375,0.399,0.130,0.420,0.168176,0.113932,-0.009181,,,landing
07:48:40.273687,1,801,9,17,4297.844,573.844,172.4375,,,,0.168176,0.113932,-0.009181,,,capture
07:48:41.342774,1,802,9,18,4308.219,573.750,172.5312,0.413,0.142,0.437,0.168176,0.113932,-0.009181,,,landing
07:48:41.370308,1,802,9,18,4308.219,573.750,172.5312,,,,0.168176,0.113932,-0.009181,,,capture
07:48:42.415023,1,803,9,19,4318.344,573.688,172.5938,0.875,0.147,0.887,0.168176,0.113932,-0.009181,,,landing
07:48:42.436497,1,803,9,19,4318.344,573.688,172.5938,,,,0.168176,0.113932,-0.009181,,,capture
07:48:50.246887,1,804,9,20,4329.688,573.625,172.8438,,,,0.168217,0.113918,-0.009189,172.8438,85.1,periodic_af
07:48:50.820862,1,804,9,20,4329.688,573.625,172.8125,0.535,0.228,0.581,0.168217,0.113918,-0.009189,,,landing
07:48:50.851864,1,804,9,20,4329.688,573.625,172.8125,,,,0.168217,0.113918,-0.009189,,,capture
07:48:51.942411,1,805,9,21,4341.094,573.875,172.9062,-0.087,0.162,0.184,0.168217,0.113918,-0.009189,,,landing
07:48:51.955075,1,805,9,21,4341.094,573.875,172.9062,,,,0.168217,0.113918,-0.009189,,,capture
07:48:53.150335,1,806,10,21,4341.094,559.438,173.0625,-0.428,-5.374,5.391,0.168217,0.113918,-0.009189,,,landing
07:48:54.071157,1,806,10,21,4340.719,554.250,173.0625,,,,0.168217,0.113918,-0.009189,,,capture
07:49:01.838592,1,807,11,21,4340.469,539.594,173.4688,,,,0.168253,0.113907,-0.009197,173.4688,92.6,periodic_af
07:49:02.447303,1,807,11,21,4340.469,539.594,173.4375,0.024,-0.067,0.071,0.168253,0.113907,-0.009197,,,landing
07:49:02.482234,1,807,11,21,4340.469,539.594,173.4375,,,,0.168253,0.113907,-0.009197,,,capture
07:49:03.583003,1,808,12,21,4340.562,525.656,173.5938,-0.169,0.470,0.500,0.168253,0.113907,-0.009197,,,landing
07:49:03.593989,1,808,12,21,4340.562,525.656,173.5938,,,,0.168253,0.113907,-0.009197,,,capture
07:49:04.608107,1,809,13,21,4340.031,510.531,173.7500,0.122,-0.876,0.884,0.168253,0.113907,-0.009197,,,landing
07:49:04.629611,1,809,13,21,4340.031,510.531,173.7500,,,,0.168253,0.113907,-0.009197,,,capture
07:49:12.218407,1,810,14,21,4340.219,495.062,173.7812,,,,0.168296,0.113880,-0.009207,173.7812,94.2,periodic_af
07:49:12.866286,1,810,14,21,4340.219,495.062,173.7188,-0.087,-0.016,0.088,0.168296,0.113880,-0.009207,,,landing
07:49:12.886844,1,810,14,21,4340.219,495.062,173.7188,,,,0.168296,0.113880,-0.009207,,,capture
07:49:13.952788,1,811,15,21,4339.719,479.875,173.9062,-0.119,-0.092,0.150,0.168296,0.113880,-0.009207,,,landing
07:49:13.977330,1,811,15,21,4339.719,479.875,173.9062,,,,0.168296,0.113880,-0.009207,,,capture
07:49:15.057538,1,812,16,21,4339.688,465.406,174.0625,-0.036,-0.254,0.257,0.168296,0.113880,-0.009207,,,landing
07:49:15.088849,1,812,16,21,4339.688,465.406,174.0625,,,,0.168296,0.113880,-0.009207,,,capture
07:49:22.974413,1,813,17,21,4339.219,449.969,174.2812,,,,0.168333,0.113850,-0.009216,174.2812,78.1,periodic_af
07:49:23.668913,1,813,17,21,4339.219,449.969,174.1875,-0.179,0.364,0.405,0.168333,0.113850,-0.009216,,,landing
07:49:23.687180,1,813,17,21,4339.219,449.969,174.1875,,,,0.168333,0.113850,-0.009216,,,capture
07:49:24.723004,1,814,18,21,4338.594,435.031,174.3438,-0.216,0.374,0.432,0.168333,0.113850,-0.009216,,,landing
07:49:24.749866,1,814,18,21,4338.594,435.031,174.3438,,,,0.168333,0.113850,-0.009216,,,capture
07:49:25.803247,1,815,19,21,4337.938,420.312,174.5000,0.095,1.115,1.119,0.168333,0.113850,-0.009216,,,landing
07:49:25.829017,1,815,19,21,4337.938,420.312,174.5000,,,,0.168333,0.113850,-0.009216,,,capture
07:49:33.889542,1,816,20,21,4337.625,406.188,174.5000,,,,0.168359,0.113812,-0.009227,174.5000,86.3,periodic_af
07:49:34.448206,1,816,20,21,4337.625,406.188,174.5000,0.181,1.558,1.568,0.168359,0.113812,-0.009227,,,landing
07:49:34.479754,1,816,20,21,4337.625,406.188,174.5000,,,,0.168359,0.113812,-0.009227,,,capture
07:49:35.519828,1,817,21,21,4337.406,392.281,174.6562,0.118,1.847,1.850,0.168359,0.113812,-0.009227,,,landing
07:49:35.540555,1,817,21,21,4337.406,392.281,174.6562,,,,0.168359,0.113812,-0.009227,,,capture
07:49:36.700139,1,818,21,20,4326.875,394.188,174.5625,-0.007,0.508,0.509,0.168359,0.113812,-0.009227,,,landing
07:49:36.721137,1,818,21,20,4326.875,394.188,174.5625,,,,0.168359,0.113812,-0.009227,,,capture
07:49:44.785013,1,819,21,19,4316.125,394.906,174.4062,,,,0.168372,0.113773,-0.009238,174.4062,73.5,periodic_af
07:49:45.373952,1,819,21,19,4316.125,394.906,174.5625,0.054,0.181,0.189,0.168372,0.113773,-0.009238,,,landing
07:49:45.394185,1,819,21,19,4316.125,394.906,174.5625,,,,0.168372,0.113773,-0.009238,,,capture
07:49:46.416523,1,820,21,18,4305.781,395.312,174.4375,-0.087,-0.072,0.113,0.168372,0.113773,-0.009238,,,landing
07:49:46.447094,1,820,21,18,4305.781,395.312,174.4375,,,,0.168372,0.113773,-0.009238,,,capture
07:49:47.519675,1,821,21,17,4295.625,395.469,174.3125,0.016,0.348,0.349,0.168372,0.113773,-0.009238,,,landing
07:49:47.541539,1,821,21,17,4295.625,395.469,174.3125,,,,0.168372,0.113773,-0.009238,,,capture
07:49:55.331539,1,822,21,16,4285.750,395.781,174.1562,,,,0.168376,0.113735,-0.009250,174.1562,86.0,periodic_af
07:49:55.921259,1,822,21,16,4285.750,395.781,174.0625,-0.408,0.233,0.470,0.168376,0.113735,-0.009250,,,landing
07:49:55.952350,1,822,21,16,4285.750,395.781,174.0625,,,,0.168376,0.113735,-0.009250,,,capture
07:49:57.045413,1,823,21,15,4275.406,395.969,173.9375,-0.697,0.123,0.707,0.168376,0.113735,-0.009250,,,landing
07:49:57.067451,1,823,21,15,4275.406,395.969,173.9375,,,,0.168376,0.113735,-0.009250,,,capture
07:49:58.047264,1,824,21,14,4264.000,396.062,173.8125,-0.081,0.055,0.097,0.168376,0.113735,-0.009250,,,landing
07:49:58.067403,1,824,21,14,4264.000,396.062,173.8125,,,,0.168376,0.113735,-0.009250,,,capture
07:50:06.267830,1,825,21,13,4253.125,396.094,174.0312,,,,0.168374,0.113700,-0.009262,174.0312,70.6,periodic_af
07:50:06.972500,1,825,21,13,4253.125,396.094,174.0312,0.172,-0.106,0.202,0.168374,0.113700,-0.009262,,,landing
07:50:07.028181,1,825,21,13,4253.125,396.094,174.0312,,,,0.168374,0.113700,-0.009262,,,capture
07:50:07.998666,1,826,21,12,4242.219,395.969,173.9062,0.231,0.057,0.238,0.168374,0.113700,-0.009262,,,landing
07:50:08.024075,1,826,21,12,4242.219,395.969,173.9062,,,,0.168374,0.113700,-0.009262,,,capture
07:50:09.095686,1,827,21,11,4231.875,396.000,173.7812,0.084,0.021,0.086,0.168374,0.113700,-0.009262,,,landing
07:50:09.128924,1,827,21,11,4231.875,396.000,173.7812,,,,0.168374,0.113700,-0.009262,,,capture
07:50:17.201318,1,828,21,10,4221.938,396.000,173.4062,,,,0.168361,0.113667,-0.009275,173.4062,91.0,periodic_af
07:50:17.771714,1,828,21,10,4221.938,396.000,173.4375,-0.218,0.051,0.224,0.168361,0.113667,-0.009275,,,landing
07:50:17.798608,1,828,21,10,4221.938,396.000,173.4375,,,,0.168361,0.113667,-0.009275,,,capture
07:50:18.757328,1,829,21,9,4210.594,396.031,173.3125,0.071,-0.123,0.142,0.168361,0.113667,-0.009275,,,landing
07:50:18.779784,1,829,21,9,4210.594,396.031,173.3125,,,,0.168361,0.113667,-0.009275,,,capture
07:50:19.965337,1,830,20,9,4211.094,410.375,173.1250,-0.025,0.390,0.391,0.168361,0.113667,-0.009275,,,landing
07:50:19.976745,1,830,20,9,4211.094,410.375,173.1250,,,,0.168361,0.113667,-0.009275,,,capture
07:50:28.192999,1,831,19,9,4211.500,425.188,172.9688,,,,0.168345,0.113647,-0.009289,172.9688,72.2,periodic_af
07:50:28.768218,1,831,19,9,4211.500,425.188,172.9688,0.052,-0.105,0.117,0.168345,0.113647,-0.009289,,,landing
07:50:28.799895,1,831,19,9,4211.500,425.188,172.9688,,,,0.168345,0.113647,-0.009289,,,capture
07:50:29.986507,1,832,18,9,4211.469,439.656,172.7812,0.311,-0.765,0.826,0.168345,0.113647,-0.009289,,,landing
07:50:30.000780,1,832,18,9,4211.469,439.656,172.7812,,,,0.168345,0.113647,-0.009289,,,capture
07:50:31.064875,1,833,17,9,4211.750,453.438,172.6250,0.051,1.315,1.316,0.168345,0.113647,-0.009289,,,landing
07:50:31.076964,1,833,17,9,4211.750,453.438,172.6250,,,,0.168345,0.113647,-0.009289,,,capture
07:50:39.004231,1,834,16,9,4212.219,469.531,172.5000,,,,0.168337,0.113643,-0.009302,172.5000,53.8,periodic_af
07:50:39.569515,1,834,16,9,4212.219,469.531,172.5312,0.296,5.379,5.387,0.168337,0.113643,-0.009302,,,landing
07:50:40.362849,1,834,16,9,4212.938,474.844,172.5312,,,,0.168337,0.113643,-0.009302,,,capture
07:50:41.407977,1,835,15,9,4213.062,489.688,172.3438,-0.235,0.256,0.348,0.168337,0.113643,-0.009302,,,landing
07:50:41.428189,1,835,15,9,4213.062,489.688,172.3438,,,,0.168337,0.113643,-0.009302,,,capture
07:50:42.555864,1,836,14,9,4213.219,505.031,172.1562,-0.181,-0.262,0.318,0.168337,0.113643,-0.009302,,,landing
07:50:42.587292,1,836,14,9,4213.219,505.031,172.1562,,,,0.168337,0.113643,-0.009302,,,capture
07:50:50.529149,1,837,13,9,4213.438,519.594,171.9375,,,,0.168324,0.113637,-0.009316,171.9375,90.9,periodic_af
07:50:51.137554,1,837,13,9,4213.438,519.594,171.9688,-0.128,-0.227,0.261,0.168324,0.113637,-0.009316,,,landing
07:50:51.161441,1,837,13,9,4213.438,519.594,171.9688,,,,0.168324,0.113637,-0.009316,,,capture
07:50:52.291547,1,838,12,9,4213.688,534.312,171.7812,-0.207,-0.254,0.327,0.168324,0.113637,-0.009316,,,landing
07:50:52.306389,1,838,12,9,4213.688,534.312,171.7812,,,,0.168324,0.113637,-0.009316,,,capture
07:50:53.435470,1,839,11,9,4213.875,549.094,171.5938,-0.408,-2.490,2.523,0.168324,0.113637,-0.009316,,,landing
07:50:55.113078,1,839,11,9,4213.344,543.781,171.5938,,,,0.168324,0.113637,-0.009316,,,capture
07:51:03.138063,1,840,10,9,4213.719,558.312,171.0312,,,,0.168325,0.113643,-0.009331,171.0312,64.7,periodic_af
07:51:03.727934,1,840,10,9,4213.719,558.312,171.0000,0.096,4.153,4.154,0.168325,0.113643,-0.009331,,,landing
07:51:04.471514,1,840,10,9,4213.812,562.969,171.0000,,,,0.168325,0.113643,-0.009331,,,capture
07:51:05.572025,1,841,10,10,4224.406,562.438,171.0938,0.036,-0.570,0.571,0.168325,0.113643,-0.009331,,,landing
07:51:05.591461,1,841,10,10,4224.406,562.438,171.0938,,,,0.168325,0.113643,-0.009331,,,capture
07:51:06.765523,1,842,10,11,4235.031,561.875,171.1875,0.132,-0.373,0.396,0.168325,0.113643,-0.009331,,,landing
07:51:06.790213,1,842,10,11,4235.031,561.875,171.1875,,,,0.168325,0.113643,-0.009331,,,capture
07:51:14.607366,1,843,10,12,4246.000,561.531,171.7500,,,,0.168337,0.113653,-0.009347,171.7500,95.6,periodic_af
07:51:15.283965,1,843,10,12,4246.000,561.531,171.7500,-0.411,-0.201,0.457,0.168337,0.113653,-0.009347,,,landing
07:51:15.305816,1,843,10,12,4246.000,561.531,171.7500,,,,0.168337,0.113653,-0.009347,,,capture
07:51:16.323828,1,844,10,13,4256.562,561.312,171.8438,-0.323,-0.171,0.366,0.168337,0.113653,-0.009347,,,landing
07:51:16.354046,1,844,10,13,4256.562,561.312,171.8438,,,,0.168337,0.113653,-0.009347,,,capture
07:51:17.339523,1,845,10,14,4267.156,561.156,171.9375,-0.363,-0.232,0.431,0.168337,0.113653,-0.009347,,,landing
07:51:17.353093,1,845,10,14,4267.156,561.156,171.9375,,,,0.168337,0.113653,-0.009347,,,capture
07:51:25.546663,1,846,10,15,4277.812,560.938,171.9688,,,,0.168355,0.113660,-0.009362,171.9688,96.9,periodic_af
07:51:26.150010,1,846,10,15,4277.812,560.938,171.9062,-0.259,-0.201,0.328,0.168355,0.113660,-0.009362,,,landing
07:51:26.173345,1,846,10,15,4277.812,560.938,171.9062,,,,0.168355,0.113660,-0.009362,,,capture
07:51:27.116606,1,847,10,16,4288.312,560.750,172.0000,-0.204,-0.109,0.231,0.168355,0.113660,-0.009362,,,landing
07:51:27.137796,1,847,10,16,4288.312,560.750,172.0000,,,,0.168355,0.113660,-0.009362,,,capture
07:51:28.131308,1,848,10,17,4299.094,560.688,172.0938,-0.101,0.033,0.106,0.168355,0.113660,-0.009362,,,landing
07:51:28.157505,1,848,10,17,4299.094,560.688,172.0938,,,,0.168355,0.113660,-0.009362,,,capture
07:51:35.728577,1,849,10,18,4308.969,560.469,172.2500,,,,0.168369,0.113660,-0.009379,172.2500,73.6,periodic_af
07:51:36.386512,1,849,10,18,4308.969,560.469,172.2188,-0.117,-0.590,0.602,0.168369,0.113660,-0.009379,,,landing
07:51:36.409083,1,849,10,18,4308.969,560.469,172.2188,,,,0.168369,0.113660,-0.009379,,,capture
07:51:37.462552,1,850,10,19,4319.094,559.625,172.3125,0.071,-0.542,0.547,0.168369,0.113660,-0.009379,,,landing
07:51:37.475553,1,850,10,19,4319.094,559.625,172.3125,,,,0.168369,0.113660,-0.009379,,,capture
07:51:38.554507,1,851,10,20,4329.750,558.812,172.4062,0.089,-0.375,0.385,0.168369,0.113660,-0.009379,,,landing
07:51:38.568381,1,851,10,20,4329.750,558.812,172.4062,,,,0.168369,0.113660,-0.009379,,,capture
07:51:46.754738,1,852,11,20,4329.469,543.406,172.7500,,,,0.168388,0.113654,-0.009395,172.7500,60.1,periodic_af
07:51:47.366919,1,852,11,20,4329.469,543.406,172.6875,0.047,-3.681,3.681,0.168388,0.113654,-0.009395,,,landing
07:51:48.391292,1,852,11,20,4329.531,539.344,172.6875,,,,0.168388,0.113654,-0.009395,,,capture
07:51:49.641960,1,853,12,20,4329.062,525.281,172.8438,0.145,0.361,0.389,0.168388,0.113654,-0.009395,,,landing
07:51:49.653245,1,853,12,20,4329.062,525.281,172.8438,,,,0.168388,0.113654,-0.009395,,,capture
07:51:50.725546,1,854,13,20,4328.844,510.531,173.0000,0.668,0.063,0.671,0.168388,0.113654,-0.009395,,,landing
07:51:50.745893,1,854,13,20,4328.844,510.531,173.0000,,,,0.168388,0.113654,-0.009395,,,capture
07:51:58.582700,1,855,14,20,4329.219,495.094,173.4062,,,,0.168378,0.113659,-0.009413,173.4062,86.1,periodic_af
07:51:59.214478,1,855,14,20,4329.219,495.094,173.3750,-0.407,0.405,0.574,0.168378,0.113659,-0.009413,,,landing
07:51:59.233002,1,855,14,20,4329.219,495.094,173.3750,,,,0.168378,0.113659,-0.009413,,,capture
07:52:00.433374,1,856,15,20,4328.438,479.906,173.5312,0.097,-0.277,0.293,0.168378,0.113659,-0.009413,,,landing
07:52:00.457866,1,856,15,20,4328.438,479.906,173.5312,,,,0.168378,0.113659,-0.009413,,,capture
07:52:01.654629,1,857,16,20,4328.156,464.156,173.6875,0.110,0.400,0.415,0.168378,0.113659,-0.009413,,,landing
07:52:01.677277,1,857,16,20,4328.156,464.156,173.6875,,,,0.168378,0.113659,-0.009413,,,capture
07:52:09.546222,1,858,17,20,4327.875,449.062,173.7812,,,,0.168333,0.113683,-0.009431,173.7812,86.1,periodic_af
07:52:10.172336,1,858,17,20,4327.875,449.062,173.8125,0.140,0.585,0.602,0.168333,0.113683,-0.009431,,,landing
07:52:10.190889,1,858,17,20,4327.875,449.062,173.8125,,,,0.168333,0.113683,-0.009431,,,capture
07:52:11.275602,1,859,18,20,4327.688,434.000,173.9688,0.107,1.349,1.354,0.168333,0.113683,-0.009431,,,landing
07:52:11.297846,1,859,18,20,4327.688,434.000,173.9688,,,,0.168333,0.113683,-0.009431,,,capture
07:52:12.364529,1,860,19,20,4327.438,419.781,174.1250,0.026,1.705,1.705,0.168333,0.113683,-0.009431,,,landing
07:52:12.376769,1,860,19,20,4327.438,419.781,174.1250,,,,0.168333,0.113683,-0.009431,,,capture
07:52:20.846805,1,861,20,20,4327.031,406.875,174.1250,,,,0.168260,0.113720,-0.009451,174.1250,72.4,periodic_af
07:52:21.430297,1,861,20,20,4327.031,406.875,174.0938,0.573,2.693,2.753,0.168260,0.113720,-0.009451,,,landing
07:52:22.230347,1,861,20,20,4328.094,410.219,174.0938,,,,0.168260,0.113720,-0.009451,,,capture
07:52:23.367911,1,862,20,19,4317.375,410.469,173.9688,-0.186,-0.294,0.348,0.168260,0.113720,-0.009451,,,landing
07:52:23.399715,1,862,20,19,4317.375,410.469,173.9688,,,,0.168260,0.113720,-0.009451,,,capture
07:52:24.375207,1,863,20,18,4306.781,410.438,173.8438,-0.132,-0.127,0.183,0.168260,0.113720,-0.009451,,,landing
07:52:24.398785,1,863,20,18,4306.781,410.438,173.8438,,,,0.168260,0.113720,-0.009451,,,capture
07:52:32.333343,1,864,20,17,4297.062,410.594,173.7188,,,,0.168169,0.113769,-0.009471,173.7188,70.7,periodic_af
07:52:32.925359,1,864,20,17,4297.062,410.594,173.7188,-0.442,0.377,0.581,0.168169,0.113769,-0.009471,,,landing
07:52:32.961607,1,864,20,17,4297.062,410.594,173.7188,,,,0.168169,0.113769,-0.009471,,,capture
07:52:33.996496,1,865,20,16,4286.500,411.250,173.5938,-0.489,-0.234,0.542,0.168169,0.113769,-0.009471,,,landing
07:52:34.018492,1,865,20,16,4286.500,411.250,173.5938,,,,0.168169,0.113769,-0.009471,,,capture
07:52:35.021954,1,866,20,15,4276.375,411.344,173.4688,-0.986,-0.258,1.019,0.168169,0.113769,-0.009471,,,landing
07:52:35.043542,1,866,20,15,4276.375,411.344,173.4688,,,,0.168169,0.113769,-0.009471,,,capture
07:52:42.997577,1,867,20,14,4264.688,411.375,173.0938,,,,0.168059,0.113834,-0.009493,173.0938,83.5,periodic_af
07:52:43.571474,1,867,20,14,4264.688,411.375,173.0312,-0.296,-0.360,0.466,0.168059,0.113834,-0.009493,,,landing
07:52:43.602757,1,867,20,14,4264.688,411.375,173.0312,,,,0.168059,0.113834,-0.009493,,,capture
07:52:44.652039,1,868,20,13,4253.531,410.938,172.9062,-0.072,-0.377,0.384,0.168059,0.113834,-0.009493,,,landing
07:52:44.664923,1,868,20,13,4253.531,410.938,172.9062,,,,0.168059,0.113834,-0.009493,,,capture
07:52:45.636048,1,869,20,12,4242.438,410.594,172.7812,0.433,-0.181,0.470,0.168059,0.113834,-0.009493,,,landing
07:52:45.661922,1,869,20,12,4242.438,410.594,172.7812,,,,0.168059,0.113834,-0.009493,,,capture
07:52:54.065009,1,870,20,11,4231.875,410.375,172.8750,,,,0.167939,0.113921,-0.009516,172.8750,69.9,periodic_af
07:52:54.633161,1,870,20,11,4231.875,410.375,172.8750,0.445,-0.311,0.543,0.167939,0.113921,-0.009516,,,landing
07:52:54.652438,1,870,20,11,4231.875,410.375,172.8750,,,,0.167939,0.113921,-0.009516,,,capture
07:52:55.640025,1,871,20,10,4221.656,410.031,172.7500,0.123,-0.001,0.123,0.167939,0.113921,-0.009516,,,landing
07:52:55.663604,1,871,20,10,4221.656,410.031,172.7500,,,,0.167939,0.113921,-0.009516,,,capture
07:52:56.762542,1,872,19,10,4222.125,425.219,172.5625,0.231,0.215,0.315,0.167939,0.113921,-0.009516,,,landing
07:52:56.792892,1,872,19,10,4222.125,425.219,172.5625,,,,0.167939,0.113921,-0.009516,,,capture
07:53:04.639547,1,873,18,10,4222.250,439.750,172.4375,,,,0.167819,0.114025,-0.009540,172.4375,77.6,periodic_af
07:53:05.249207,1,873,18,10,4222.250,439.750,170.8125,,,,0.167819,0.114025,-0.009540,,,capture
07:53:15.036982,1,874,17,10,4222.656,454.750,171.1250,0.036,-0.120,0.125,0.167819,0.114025,-0.009540,,,landing
07:53:15.056810,1,874,17,10,4222.656,454.750,171.1250,,,,0.167819,0.114025,-0.009540,,,capture
07:53:16.115942,1,875,16,10,4223.062,470.031,170.9375,0.311,4.455,4.466,0.167819,0.114025,-0.009540,,,landing
07:53:16.904593,1,875,16,10,4223.469,474.156,170.9375,,,,0.167819,0.114025,-0.009540,,,capture
07:53:24.828700,1,876,15,10,4223.125,488.469,171.0938,,,,0.167707,0.114183,-0.009567,171.0938,40.9,periodic_af
07:53:25.501415,1,876,15,10,4223.125,488.469,171.0938,0.243,-1.068,1.095,0.167707,0.114183,-0.009567,,,landing
07:53:25.535171,1,876,15,10,4223.125,488.469,171.0938,,,,0.167707,0.114183,-0.009567,,,capture
07:53:26.650079,1,877,14,10,4223.281,501.688,170.9062,0.524,2.714,2.764,0.167707,0.114183,-0.009567,,,landing
07:53:27.407490,1,877,14,10,4224.156,504.312,170.9062,,,,0.167707,0.114183,-0.009567,,,capture
07:53:28.580461,1,878,13,10,4224.250,519.344,170.7500,-0.152,-0.147,0.211,0.167707,0.114183,-0.009567,,,landing
07:53:28.606239,1,878,13,10,4224.250,519.344,170.7500,,,,0.167707,0.114183,-0.009567,,,capture
07:53:36.716083,1,879,12,10,4224.438,533.969,171.0312,,,,0.167619,0.114377,-0.009595,171.0312,63.1,periodic_af
07:53:37.374224,1,879,12,10,4224.438,533.969,171.0938,-0.135,0.062,0.148,0.167619,0.114377,-0.009595,,,landing
07:53:37.392656,1,879,12,10,4224.438,533.969,171.0938,,,,0.167619,0.114377,-0.009595,,,capture
07:53:38.464948,1,880,11,10,4224.656,549.562,170.9062,0.037,-0.940,0.941,0.167619,0.114377,-0.009595,,,landing
07:53:38.492713,1,880,11,10,4224.656,549.562,170.9062,,,,0.167619,0.114377,-0.009595,,,capture
07:53:39.534115,1,881,11,11,4234.875,548.469,171.0000,-0.187,-1.294,1.308,0.167619,0.114377,-0.009595,,,landing
07:53:39.559231,1,881,11,11,4234.875,548.469,171.0000,,,,0.167619,0.114377,-0.009595,,,capture
07:53:47.636083,1,882,11,12,4244.656,547.188,171.2188,,,,0.167563,0.114601,-0.009625,171.2188,69.7,periodic_af
07:53:48.277775,1,882,11,12,4244.656,547.188,171.1875,0.460,-0.923,1.032,0.167563,0.114601,-0.009625,,,landing
07:53:48.300718,1,882,11,12,4244.656,547.188,171.1875,,,,0.167563,0.114601,-0.009625,,,capture
07:53:49.372314,1,883,11,13,4256.031,546.281,171.2812,0.183,-0.514,0.545,0.167563,0.114601,-0.009625,,,landing
07:53:49.404953,1,883,11,13,4256.031,546.281,171.2812,,,,0.167563,0.114601,-0.009625,,,capture
07:53:50.471158,1,884,11,14,4267.094,545.781,171.3750,-0.341,-0.433,0.551,0.167563,0.114601,-0.009625,,,landing
07:53:50.495320,1,884,11,14,4267.094,545.781,171.3750,,,,0.167563,0.114601,-0.009625,,,capture
07:53:58.248203,1,885,11,15,4277.531,545.344,171.8750,,,,0.167538,0.114848,-0.009656,171.8750,68.6,periodic_af
07:53:58.838421,1,885,11,15,4277.531,545.344,171.8750,0.159,-0.209,0.262,0.167538,0.114848,-0.009656,,,landing
07:53:58.878602,1,885,11,15,4277.531,545.344,171.8750,,,,0.167538,0.114848,-0.009656,,,capture
07:53:59.921852,1,886,11,16,4287.844,544.906,171.9688,0.325,-0.191,0.377,0.167538,0.114848,-0.009656,,,landing
07:53:59.951606,1,886,11,16,4287.844,544.906,171.9688,,,,0.167538,0.114848,-0.009656,,,capture
07:54:00.984757,1,887,11,17,4298.062,544.375,172.0625,0.201,-0.707,0.735,0.167538,0.114848,-0.009656,,,landing
07:54:00.996214,1,887,11,17,4298.062,544.375,172.0625,,,,0.167538,0.114848,-0.009656,,,capture
07:54:08.914702,1,888,11,18,4308.688,543.281,171.9688,,,,0.167546,0.115103,-0.009687,171.9688,74.9,periodic_af
07:54:09.399564,1,888,11,18,4308.688,543.281,169.4375,,,,0.167546,0.115103,-0.009687,,,capture
07:54:58.242106,1,889,11,19,4319.312,542.406,172.0625,0.157,-0.359,0.392,0.167546,0.115103,-0.009687,,,landing
07:54:58.275837,1,889,11,19,4319.312,542.406,172.0625,,,,0.167546,0.115103,-0.009687,,,capture
07:54:59.595897,1,890,12,19,4319.125,527.469,172.2188,0.214,-0.788,0.816,0.167546,0.115103,-0.009687,,,landing
07:54:59.608604,1,890,12,19,4319.125,527.469,172.2188,,,,0.167546,0.115103,-0.009687,,,capture
07:55:07.830120,1,891,13,19,4319.000,511.500,172.5625,,,,0.167593,0.115370,-0.009719,172.5625,88.9,periodic_af
07:55:08.467450,1,891,13,19,4319.000,511.500,172.6250,0.043,0.549,0.551,0.167593,0.115370,-0.009719,,,landing
07:55:08.486854,1,891,13,19,4319.000,511.500,172.6250,,,,0.167593,0.115370,-0.009719,,,capture
07:55:09.613131,1,892,14,19,4318.719,496.781,172.7812,0.598,-1.477,1.594,0.167593,0.115370,-0.009719,,,landing
07:55:09.630980,1,892,14,19,4318.719,496.781,172.7812,,,,0.167593,0.115370,-0.009719,,,capture
07:55:10.835047,1,893,15,19,4318.969,480.344,172.9375,-0.305,0.937,0.985,0.167593,0.115370,-0.009719,,,landing
07:55:10.862049,1,893,15,19,4318.969,480.344,172.9375,,,,0.167593,0.115370,-0.009719,,,capture
07:55:18.853633,1,894,16,19,4318.344,465.938,172.8438,,,,0.167659,0.115630,-0.009751,172.8438,90.2,periodic_af
07:55:19.452015,1,894,16,19,4318.344,465.938,172.8750,0.002,-0.347,0.347,0.167659,0.115630,-0.009751,,,landing
07:55:19.485774,1,894,16,19,4318.344,465.938,172.8750,,,,0.167659,0.115630,-0.009751,,,capture
07:55:20.850914,1,895,17,19,4318.000,450.375,173.0312,-0.342,-0.010,0.342,0.167659,0.115630,-0.009751,,,landing
07:55:20.877491,1,895,17,19,4318.000,450.375,173.0312,,,,0.167659,0.115630,-0.009751,,,capture
07:55:22.129568,1,896,18,19,4317.312,435.406,173.1875,0.064,1.479,1.481,0.167659,0.115630,-0.009751,,,landing
07:55:22.154232,1,896,18,19,4317.312,435.406,173.1875,,,,0.167659,0.115630,-0.009751,,,capture
07:55:29.944155,1,897,19,19,4317.031,421.375,173.3750,,,,0.167725,0.115875,-0.009783,173.3750,78.5,periodic_af
07:55:30.556233,1,897,19,19,4317.031,421.375,173.2812,0.002,0.460,0.460,0.167725,0.115875,-0.009783,,,landing
07:55:30.578557,1,897,19,19,4317.031,421.375,173.2812,,,,0.167725,0.115875,-0.009783,,,capture
07:55:31.526953,1,898,19,18,4307.031,422.156,173.1562,-0.611,0.351,0.704,0.167725,0.115875,-0.009783,,,landing
07:55:31.548448,1,898,19,18,4307.031,422.156,173.1562,,,,0.167725,0.115875,-0.009783,,,capture
07:55:32.470383,1,899,19,17,4295.906,422.844,173.0312,-0.099,0.043,0.108,0.167725,0.115875,-0.009783,,,landing
07:55:32.485758,1,899,19,17,4295.906,422.844,173.0312,,,,0.167725,0.115875,-0.009783,,,capture
07:55:40.435193,1,900,19,16,4285.438,423.250,172.8438,,,,0.167801,0.116108,-0.009815,172.8438,85.0,periodic_af
07:55:41.044562,1,900,19,16,4285.438,423.250,172.8750,-0.158,-0.199,0.254,0.167801,0.116108,-0.009815,,,landing
07:55:41.067784,1,900,19,16,4285.438,423.250,172.8750,,,,0.167801,0.116108,-0.009815,,,capture
07:55:42.052218,1,901,19,15,4275.031,423.406,172.7500,0.087,0.405,0.414,0.167801,0.116108,-0.009815,,,landing
07:55:42.079600,1,901,19,15,4275.031,423.406,172.7500,,,,0.167801,0.116108,-0.009815,,,capture
07:55:42.915680,1,902,19,14,4264.906,423.875,172.6250,-0.443,-0.145,0.466,0.167801,0.116108,-0.009815,,,landing
07:55:42.937908,1,902,19,14,4264.906,423.875,172.6250,,,,0.167801,0.116108,-0.009815,,,capture
07:55:50.663448,1,903,19,13,4254.125,424.094,172.4688,,,,0.167902,0.116326,-0.009849,172.4688,94.3,periodic_af
07:55:51.201279,1,903,19,13,4254.125,424.094,172.3750,-0.315,-0.216,0.382,0.167902,0.116326,-0.009849,,,landing
07:55:51.230589,1,903,19,13,4254.125,424.094,172.3750,,,,0.167902,0.116326,-0.009849,,,capture
07:55:52.118945,1,904,19,12,4243.531,424.219,172.2500,-0.350,-0.261,0.437,0.167902,0.116326,-0.009849,,,landing
07:55:52.142151,1,904,19,12,4243.531,424.219,172.2500,,,,0.167902,0.116326,-0.009849,,,capture
07:55:53.022979,1,905,19,11,4232.844,424.312,172.1250,-0.169,-0.310,0.354,0.167902,0.116326,-0.009849,,,landing
07:55:53.046724,1,905,19,11,4232.844,424.312,172.1250,,,,0.167902,0.116326,-0.009849,,,capture
07:56:00.864684,1,906,18,11,4233.000,438.750,171.5312,,,,0.168042,0.116528,-0.009885,171.5312,42.0,periodic_af
07:56:01.427492,1,906,18,11,4233.000,438.750,171.5312,-0.001,6.994,6.994,0.168042,0.116528,-0.009885,,,landing
07:56:02.151968,1,906,18,11,4233.000,445.969,171.5312,,,,0.168042,0.116528,-0.009885,,,capture
07:56:03.275517,1,907,17,11,4233.562,460.219,171.3438,-0.143,-0.641,0.656,0.168042,0.116528,-0.009885,,,landing
07:56:03.288368,1,907,17,11,4233.562,460.219,171.3438,,,,0.168042,0.116528,-0.009885,,,capture
07:56:04.276314,1,908,16,11,4233.781,474.562,171.1562,-0.100,-0.459,0.470,0.168042,0.116528,-0.009885,,,landing
07:56:04.300907,1,908,16,11,4233.781,474.562,171.1562,,,,0.168042,0.116528,-0.009885,,,capture
07:56:12.006375,1,909,15,11,4234.031,488.969,171.3750,,,,0.168214,0.116704,-0.009922,171.3750,85.0,periodic_af
07:56:12.644097,1,909,15,11,4234.031,488.969,171.3750,-0.132,0.325,0.350,0.168214,0.116704,-0.009922,,,landing
07:56:12.682366,1,909,15,11,4234.031,488.969,171.3750,,,,0.168214,0.116704,-0.009922,,,capture
07:56:13.750124,1,910,14,11,4234.250,503.531,171.1875,-0.153,0.487,0.510,0.168214,0.116704,-0.009922,,,landing
07:56:13.764062,1,910,14,11,4234.250,503.531,171.1875,,,,0.168214,0.116704,-0.009922,,,capture
07:56:14.859724,1,911,13,11,4234.469,518.469,171.0000,-0.167,0.314,0.356,0.168214,0.116704,-0.009922,,,landing
07:56:14.871638,1,911,13,11,4234.469,518.469,171.0000,,,,0.168214,0.116704,-0.009922,,,capture
07:56:22.717608,1,912,12,11,4234.656,533.281,170.7500,,,,0.168430,0.116843,-0.009960,170.7500,79.0,periodic_af
07:56:23.372521,1,912,12,11,4234.656,533.281,170.7500,-0.085,0.298,0.310,0.168430,0.116843,-0.009960,,,landing
07:56:23.390918,1,912,12,11,4234.656,533.281,170.7500,,,,0.168430,0.116843,-0.009960,,,capture
07:56:24.353995,1,913,12,12,4245.125,532.844,170.8438,-0.012,0.333,0.333,0.168430,0.116843,-0.009960,,,landing
07:56:24.381672,1,913,12,12,4245.125,532.844,170.8438,,,,0.168430,0.116843,-0.009960,,,capture
07:56:25.380457,1,914,12,13,4255.281,532.406,170.9375,0.050,-0.442,0.444,0.168430,0.116843,-0.009960,,,landing
07:56:25.404147,1,914,12,13,4255.281,532.406,170.9375,,,,0.168430,0.116843,-0.009960,,,capture
07:56:32.797278,1,915,12,14,4265.500,531.625,171.4688,,,,0.168674,0.116938,-0.009999,171.4688,71.7,periodic_af
07:56:33.451466,1,915,12,14,4265.500,531.625,171.4688,0.470,-0.385,0.607,0.168674,0.116938,-0.009999,,,landing
07:56:33.474646,1,915,12,14,4265.500,531.625,171.4688,,,,0.168674,0.116938,-0.009999,,,capture
07:56:34.520731,1,916,12,15,4276.438,530.844,171.5938,0.155,-0.098,0.183,0.168674,0.116938,-0.009999,,,landing
07:56:34.545379,1,916,12,15,4276.438,530.844,171.5938,,,,0.168674,0.116938,-0.009999,,,capture
07:56:35.420537,1,917,12,16,4287.031,530.406,171.6875,0.231,0.096,0.250,0.168674,0.116938,-0.009999,,,landing
07:56:35.441559,1,917,12,16,4287.031,530.406,171.6875,,,,0.168674,0.116938,-0.009999,,,capture
07:56:43.093572,1,918,12,17,4297.562,530.156,171.8125,,,,0.168944,0.116969,-0.010039,171.8125,86.0,periodic_af
07:56:43.757191,1,918,12,17,4297.562,530.156,171.7812,0.135,0.262,0.295,0.168944,0.116969,-0.010039,,,landing
07:56:43.779191,1,918,12,17,4297.562,530.156,171.7812,,,,0.168944,0.116969,-0.010039,,,capture
07:56:44.702025,1,919,12,18,4308.188,530.062,171.9062,0.166,0.252,0.302,0.168944,0.116969,-0.010039,,,landing
07:56:44.726462,1,919,12,18,4308.188,530.062,171.9062,,,,0.168944,0.116969,-0.010039,,,capture
07:56:45.585665,1,920,13,18,4308.000,515.062,172.0625,0.178,-5.012,5.015,0.168944,0.116969,-0.010039,,,landing
07:56:46.388529,1,920,13,18,4308.188,509.656,172.0625,,,,0.168944,0.116969,-0.010039,,,capture
07:56:53.936255,1,921,14,18,4307.812,494.312,172.5938,,,,0.169219,0.116949,-0.010079,172.5938,86.1,periodic_af
07:56:54.521405,1,921,14,18,4307.812,494.312,172.5938,0.388,0.387,0.548,0.169219,0.116949,-0.010079,,,landing
07:56:54.550503,1,921,14,18,4307.812,494.312,172.5938,,,,0.169219,0.116949,-0.010079,,,capture
07:56:55.758754,1,922,15,18,4307.906,478.781,172.7500,-0.330,0.684,0.760,0.169219,0.116949,-0.010079,,,landing
07:56:55.771661,1,922,15,18,4307.906,478.781,172.7500,,,,0.169219,0.116949,-0.010079,,,capture
07:56:56.856063,1,923,16,18,4307.219,464.125,172.9062,0.045,-0.159,0.166,0.169219,0.116949,-0.010079,,,landing
07:56:56.868190,1,923,16,18,4307.219,464.125,172.9062,,,,0.169219,0.116949,-0.010079,,,capture
07:57:04.798073,1,924,17,18,4306.938,448.531,172.7188,,,,0.169484,0.116898,-0.010118,172.7188,70.4,periodic_af
07:57:05.334249,1,924,17,18,4306.938,448.531,172.6875,0.472,1.565,1.635,0.169484,0.116898,-0.010118,,,landing
07:57:05.359901,1,924,17,18,4306.938,448.531,172.6875,,,,0.169484,0.116898,-0.010118,,,capture
07:57:06.359144,1,925,18,18,4307.125,434.344,172.8438,-0.237,0.740,0.777,0.169484,0.116898,-0.010118,,,landing
07:57:06.371638,1,925,18,18,4307.125,434.344,172.8438,,,,0.169484,0.116898,-0.010118,,,capture
07:57:07.231819,1,926,18,17,4296.625,435.438,172.7188,-0.530,0.534,0.752,0.169484,0.116898,-0.010118,,,landing
07:57:07.257312,1,926,18,17,4296.625,435.438,172.7188,,,,0.169484,0.116898,-0.010118,,,capture
07:57:14.998755,1,927,18,16,4285.844,436.344,172.6250,,,,0.169733,0.116832,-0.010157,172.6250,80.7,periodic_af
07:57:15.656685,1,927,18,16,4285.844,436.344,172.4062,-0.290,0.002,0.290,0.169733,0.116832,-0.010157,,,landing
07:57:15.678238,1,927,18,16,4285.844,436.344,172.4062,,,,0.169733,0.116832,-0.010157,,,capture
07:57:16.656448,1,928,18,15,4275.250,436.719,172.2812,0.103,0.559,0.569,0.169733,0.116832,-0.010157,,,landing
07:57:16.668610,1,928,18,15,4275.250,436.719,172.2812,,,,0.169733,0.116832,-0.010157,,,capture
07:57:17.521552,1,929,18,14,4264.844,437.250,172.1562,-0.099,0.287,0.303,0.169733,0.116832,-0.010157,,,landing
07:57:17.543225,1,929,18,14,4264.844,437.250,172.1562,,,,0.169733,0.116832,-0.010157,,,capture
07:57:25.085557,1,930,18,13,4254.250,437.531,172.4062,,,,0.169957,0.116728,-0.010195,172.4062,78.5,periodic_af
07:57:25.749868,1,930,18,13,4254.250,437.531,172.4062,-0.116,-0.269,0.293,0.169957,0.116728,-0.010195,,,landing
07:57:25.771947,1,930,18,13,4254.250,437.531,172.4062,,,,0.169957,0.116728,-0.010195,,,capture
07:57:26.762617,1,931,18,12,4243.812,437.625,172.2812,-0.351,-0.235,0.423,0.169957,0.116728,-0.010195,,,landing
07:57:26.773829,1,931,18,12,4243.812,437.625,172.2812,,,,0.169957,0.116728,-0.010195,,,capture
07:57:27.851186,1,932,17,12,4243.781,452.781,172.0938,-0.164,6.695,6.697,0.169957,0.116728,-0.010195,,,landing
07:57:28.673672,1,932,17,12,4243.625,459.750,172.0938,,,,0.169957,0.116728,-0.010195,,,capture
07:57:36.194782,1,933,16,12,4244.500,474.562,171.7188,,,,0.170145,0.116587,-0.010233,171.7188,69.4,periodic_af
07:57:36.857318,1,933,16,12,4244.500,474.562,171.7500,0.108,-0.039,0.115,0.170145,0.116587,-0.010233,,,landing
07:57:36.880003,1,933,16,12,4244.500,474.562,171.7500,,,,0.170145,0.116587,-0.010233,,,capture
07:57:37.953183,1,934,15,12,4244.938,489.625,171.5625,-0.088,-0.266,0.280,0.170145,0.116587,-0.010233,,,landing
07:57:37.965282,1,934,15,12,4244.938,489.625,171.5625,,,,0.170145,0.116587,-0.010233,,,capture
07:57:38.948668,1,935,14,12,4245.188,504.469,171.3750,-0.121,-0.389,0.408,0.170145,0.116587,-0.010233,,,landing
07:57:38.972366,1,935,14,12,4245.188,504.469,171.3750,,,,0.170145,0.116587,-0.010233,,,capture
07:57:46.808628,1,936,13,12,4245.406,519.000,171.3125,,,,0.170300,0.116425,-0.010270,171.3125,92.9,periodic_af
07:57:47.430820,1,936,13,12,4245.406,519.000,171.3438,-0.113,-0.104,0.154,0.170300,0.116425,-0.010270,,,landing
07:57:47.453389,1,936,13,12,4245.406,519.000,171.3438,,,,0.170300,0.116425,-0.010270,,,capture
07:57:48.454563,1,937,13,13,4255.750,518.500,171.4688,0.208,-0.091,0.227,0.170300,0.116425,-0.010270,,,landing
07:57:48.466652,1,937,13,13,4255.750,518.500,171.4688,,,,0.170300,0.116425,-0.010270,,,capture
07:57:49.439066,1,938,13,14,4266.250,518.031,171.5625,0.361,-0.021,0.361,0.170300,0.116425,-0.010270,,,landing
07:57:49.461674,1,938,13,14,4266.250,518.031,171.5625,,,,0.170300,0.116425,-0.010270,,,capture
07:57:57.140086,1,939,13,15,4277.125,517.625,171.5000,,,,0.170418,0.116241,-0.010307,171.5000,87.1,periodic_af
07:57:57.756418,1,939,13,15,4277.125,517.625,171.5000,0.090,-0.005,0.090,0.170418,0.116241,-0.010307,,,landing
07:57:57.778202,1,939,13,15,4277.125,517.625,171.5000,,,,0.170418,0.116241,-0.010307,,,capture
07:57:58.754995,1,940,13,16,4287.656,517.250,171.5938,0.149,0.140,0.204,0.170418,0.116241,-0.010307,,,landing
07:57:58.767080,1,940,13,16,4287.656,517.250,171.5938,,,,0.170418,0.116241,-0.010307,,,capture
07:57:59.593869,1,941,13,17,4298.281,517.000,171.6875,0.099,0.214,0.236,0.170418,0.116241,-0.010307,,,landing
07:57:59.610639,1,941,13,17,4298.281,517.000,171.6875,,,,0.170418,0.116241,-0.010307,,,capture
07:58:07.200358,1,942,14,17,4298.062,501.562,172.0625,,,,0.170487,0.116039,-0.010343,172.0625,45.8,periodic_af
07:58:07.870560,1,942,14,17,4298.062,501.562,172.0938,-0.722,-6.585,6.624,0.170487,0.116039,-0.010343,,,landing
07:58:08.664419,1,942,14,17,4297.312,494.656,172.0938,,,,0.170487,0.116039,-0.010343,,,capture
07:58:09.656293,1,943,15,17,4297.250,479.281,172.2500,0.059,-0.325,0.331,0.170487,0.116039,-0.010343,,,landing
07:58:09.668762,1,943,15,17,4297.250,479.281,172.2500,,,,0.170487,0.116039,-0.010343,,,capture
07:58:10.618807,1,944,16,17,4296.969,463.500,172.4062,-0.320,0.125,0.343,0.170487,0.116039,-0.010343,,,landing
07:58:10.640441,1,944,16,17,4296.969,463.500,172.4062,,,,0.170487,0.116039,-0.010343,,,capture
07:58:18.060940,1,945,17,17,4296.312,448.156,172.4375,,,,0.170515,0.115831,-0.010380,172.4375,75.7,periodic_af
07:58:18.617879,1,945,17,17,4296.312,448.156,172.4062,-0.013,0.816,0.816,0.170515,0.115831,-0.010380,,,landing
07:58:18.648928,1,945,17,17,4296.312,448.156,172.4062,,,,0.170515,0.115831,-0.010380,,,capture
07:58:19.657496,1,946,17,16,4285.969,449.344,172.2812,-0.186,0.488,0.523,0.170515,0.115831,-0.010380,,,landing
07:58:19.670633,1,946,17,16,4285.969,449.344,172.2812,,,,0.170515,0.115831,-0.010380,,,capture
07:58:20.671578,1,947,17,15,4275.469,450.250,172.1562,-0.295,-0.023,0.296,0.170515,0.115831,-0.010380,,,landing
07:58:20.697215,1,947,17,15,4275.469,450.250,172.1562,,,,0.170515,0.115831,-0.010380,,,capture
07:58:28.470294,1,948,17,14,4264.875,450.625,172.0625,,,,0.170495,0.115623,-0.010416,172.0625,86.2,periodic_af
07:58:29.021073,1,948,17,14,4264.875,450.625,171.9688,0.110,0.158,0.192,0.170495,0.115623,-0.010416,,,landing
07:58:29.050462,1,948,17,14,4264.875,450.625,171.9688,,,,0.170495,0.115623,-0.010416,,,capture
07:58:30.020596,1,949,17,13,4254.594,451.156,171.8438,-0.255,-0.061,0.262,0.170495,0.115623,-0.010416,,,landing
07:58:30.032970,1,949,17,13,4254.594,451.156,171.8438,,,,0.170495,0.115623,-0.010416,,,capture
07:58:31.013220,1,950,16,13,4254.688,466.438,171.6562,-0.128,7.531,7.532,0.170495,0.115623,-0.010416,,,landing
07:58:31.889861,1,950,16,13,4254.562,474.219,171.6562,,,,0.170495,0.115623,-0.010416,,,capture
07:58:39.726477,1,951,15,13,4255.031,489.406,171.5000,,,,0.170429,0.115428,-0.010453,171.5000,92.3,periodic_af
07:58:40.305354,1,951,15,13,4255.031,489.406,171.5312,0.114,-0.510,0.522,0.170429,0.115428,-0.010453,,,landing
07:58:40.337607,1,951,15,13,4255.031,489.406,171.5312,,,,0.170429,0.115428,-0.010453,,,capture
07:58:41.444928,1,952,14,13,4255.469,504.188,171.3438,0.237,-0.081,0.250,0.170429,0.115428,-0.010453,,,landing
07:58:41.471434,1,952,14,13,4255.469,504.188,171.3438,,,,0.170429,0.115428,-0.010453,,,capture
07:58:42.461485,1,953,14,14,4266.375,503.719,171.4375,0.011,-0.099,0.100,0.170429,0.115428,-0.010453,,,landing
07:58:42.473777,1,953,14,14,4266.375,503.719,171.4375,,,,0.170429,0.115428,-0.010453,,,capture
07:58:49.755771,1,954,14,15,4276.625,503.219,171.5625,,,,0.170313,0.115257,-0.010490,171.5625,95.6,periodic_af
07:58:50.332837,1,954,14,15,4276.625,503.219,171.5312,0.364,-0.066,0.370,0.170313,0.115257,-0.010490,,,landing
07:58:50.367071,1,954,14,15,4276.625,503.219,171.5312,,,,0.170313,0.115257,-0.010490,,,capture
07:58:51.359863,1,955,14,16,4287.406,502.781,171.6250,0.215,-0.003,0.215,0.170313,0.115257,-0.010490,,,landing
07:58:51.371652,1,955,14,16,4287.406,502.781,171.6250,,,,0.170313,0.115257,-0.010490,,,capture
07:58:52.538715,1,956,15,16,4287.281,487.031,171.7812,-0.696,-7.399,7.432,0.170313,0.115257,-0.010490,,,landing
07:58:53.397639,1,956,15,16,4286.656,479.406,171.7812,,,,0.170313,0.115257,-0.010490,,,capture
07:59:01.118543,1,957,16,16,4286.594,463.906,172.1875,,,,0.170159,0.115118,-0.010526,172.1875,75.2,periodic_af
07:59:01.753186,1,957,16,16,4286.594,463.906,172.1875,-0.042,0.064,0.077,0.170159,0.115118,-0.010526,,,landing
07:59:01.776477,1,957,16,16,4286.594,463.906,172.1875,,,,0.170159,0.115118,-0.010526,,,capture
07:59:02.756263,1,958,16,15,4276.406,464.344,172.0625,-0.575,0.062,0.578,0.170159,0.115118,-0.010526,,,landing
07:59:02.768232,1,958,16,15,4276.406,464.344,172.0625,,,,0.170159,0.115118,-0.010526,,,capture
07:59:03.614402,1,959,16,14,4265.562,464.812,171.9375,-0.383,0.009,0.383,0.170159,0.115118,-0.010526,,,landing
07:59:03.635795,1,959,16,14,4265.562,464.812,171.9375,,,,0.170159,0.115118,-0.010526,,,capture
07:59:11.009591,1,960,15,14,4265.531,480.406,171.4062,,,,0.169939,0.115040,-0.010563,171.4062,47.3,periodic_af
07:59:11.636313,1,960,15,14,4265.531,480.406,171.4062,-0.184,7.961,7.963,0.169939,0.115040,-0.010563,,,landing
07:59:12.435380,1,960,15,14,4265.344,488.781,171.4062,,,,0.169939,0.115040,-0.010563,,,capture
07:59:13.323763,1,961,15,15,4275.906,488.500,171.5000,0.452,0.062,0.457,0.169939,0.115040,-0.010563,,,landing
07:59:13.341913,1,961,15,15,4275.906,488.500,171.5000,,,,0.169939,0.115040,-0.010563,,,capture
07:59:14.568571,1,962,14,14,4266.594,504.969,171.2188,-0.280,-0.767,0.816,0.169939,0.115040,-0.010563,,,landing
07:59:14.604424,1,962,14,14,4266.594,504.969,171.2188,,,,0.169939,0.115040,-0.010563,,,return
07:59:21.946535,1,963,13,14,4266.656,519.875,171.0000,,,,0.169687,0.115006,-0.010601,171.0000,87.4,periodic_af
07:59:22.528404,1,963,13,14,4266.656,519.875,171.0312,-0.105,-0.913,0.919,0.169687,0.115006,-0.010601,,,landing
07:59:22.564455,1,963,13,14,4266.656,519.875,171.0312,,,,0.169687,0.115006,-0.010601,,,return
07:59:23.430167,1,964,12,14,4266.906,534.844,170.8438,-0.117,-1.098,1.104,0.169687,0.115006,-0.010601,,,landing
07:59:23.451019,1,964,12,14,4266.906,534.844,170.8438,,,,0.169687,0.115006,-0.010601,,,return
07:59:24.364631,1,965,11,14,4267.125,549.281,170.6562,-0.129,-1.019,1.027,0.169687,0.115006,-0.010601,,,landing
07:59:24.391243,1,965,11,14,4267.125,549.281,170.6562,,,,0.169687,0.115006,-0.010601,,,return
07:59:31.898262,1,966,10,14,4267.344,563.812,170.5938,,,,0.169418,0.115010,-0.010638,170.5938,74.1,periodic_af
07:59:32.559836,1,966,10,14,4267.344,563.812,170.5938,-0.881,-3.491,3.601,0.169418,0.115010,-0.010638,,,landing
07:59:33.233319,1,966,10,14,4266.406,560.250,170.5938,,,,0.169418,0.115010,-0.010638,,,return
07:59:34.118632,1,967,9,14,4267.469,574.625,170.4062,-0.462,0.028,0.463,0.169418,0.115010,-0.010638,,,landing
07:59:34.140705,1,967,9,14,4267.469,574.625,170.4062,,,,0.169418,0.115010,-0.010638,,,return
07:59:35.063564,1,968,8,14,4267.344,590.594,170.2188,0.245,-0.809,0.845,0.169418,0.115010,-0.010638,,,landing
07:59:35.092890,1,968,8,14,4267.344,590.594,170.2188,,,,0.169418,0.115010,-0.010638,,,return
07:59:42.474344,1,969,7,14,4267.906,605.219,169.5938,,,,0.169156,0.115061,-0.010677,169.5938,70.7,periodic_af
07:59:43.025086,1,969,7,14,4267.906,605.219,169.6875,-0.737,-3.374,3.453,0.169156,0.115061,-0.010677,,,landing
07:59:43.727793,1,969,7,14,4267.250,601.844,169.6875,,,,0.169156,0.115061,-0.010677,,,return
07:59:44.626903,1,970,6,14,4267.844,618.156,169.5000,0.368,-1.044,1.107,0.169156,0.115061,-0.010677,,,landing
07:59:44.655034,1,970,6,14,4267.844,618.156,169.5000,,,,0.169156,0.115061,-0.010677,,,return
07:59:45.621701,1,971,5,14,4268.531,632.312,169.3125,-0.086,-1.326,1.329,0.169156,0.115061,-0.010677,,,landing
07:59:45.635895,1,971,5,14,4268.531,632.312,169.3125,,,,0.169156,0.115061,-0.010677,,,return
07:59:53.106645,1,972,4,14,4268.750,646.531,169.4688,,,,0.168902,0.115138,-0.010715,169.4688,84.0,periodic_af
07:59:53.782048,1,972,4,14,4268.750,646.531,169.4688,-0.055,-1.494,1.495,0.168902,0.115138,-0.010715,,,landing
07:59:53.819108,1,972,4,14,4268.750,646.531,169.4688,,,,0.168902,0.115138,-0.010715,,,return
07:59:54.620990,1,973,3,14,4269.031,660.438,169.2812,-0.073,-1.099,1.101,0.168902,0.115138,-0.010715,,,landing
07:59:54.651193,1,973,3,14,4269.031,660.438,169.2812,,,,0.168902,0.115138,-0.010715,,,return
07:59:55.590037,1,974,2,14,4269.281,674.781,169.0938,-0.118,-0.838,0.846,0.168902,0.115138,-0.010715,,,landing
07:59:55.602890,1,974,2,14,4269.281,674.781,169.0938,,,,0.168902,0.115138,-0.010715,,,return
08:00:03.278562,1,975,1,14,4269.469,689.188,169.0625,,,,0.168657,0.115226,-0.010752,169.0625,91.1,periodic_af
08:00:03.825128,1,975,1,14,4269.469,689.188,169.0312,-0.098,-0.461,0.471,0.168657,0.115226,-0.010752,,,landing
08:00:03.857150,1,975,1,14,4269.469,689.188,169.0312,,,,0.168657,0.115226,-0.010752,,,return
08:00:04.747773,1,976,0,14,4269.688,704.062,168.8438,-0.050,-0.560,0.562,0.168657,0.115226,-0.010752,,,landing
08:00:04.761017,1,976,0,14,4269.688,704.062,168.8438,,,,0.168657,0.115226,-0.010752,,,return
08:00:05.672559,1,977,0,13,4258.812,703.875,168.7188,0.013,-0.482,0.482,0.168657,0.115226,-0.010752,,,landing
08:00:05.695227,1,977,0,13,4258.812,703.875,168.7188,,,,0.168657,0.115226,-0.010752,,,return
08:00:13.297866,1,978,0,12,4248.438,703.781,168.7812,,,,0.168417,0.115350,-0.010788,168.7812,63.5,periodic_af
08:00:13.956268,1,978,0,12,4248.438,703.781,168.8438,-0.265,-0.419,0.496,0.168417,0.115350,-0.010788,,,landing
08:00:13.980954,1,978,0,12,4248.438,703.781,168.8438,,,,0.168417,0.115350,-0.010788,,,return
08:00:14.858355,1,979,0,11,4237.750,703.750,168.7188,-0.198,-0.330,0.385,0.168417,0.115350,-0.010788,,,landing
08:00:14.873124,1,979,0,11,4237.750,703.750,168.7188,,,,0.168417,0.115350,-0.010788,,,return
08:00:15.613331,1,980,0,10,4227.000,703.812,168.5938,0.135,-0.408,0.430,0.168417,0.115350,-0.010788,,,landing
08:00:15.637462,1,980,0,10,4227.000,703.812,168.5938,,,,0.168417,0.115350,-0.010788,,,return
08:00:23.056863,1,981,0,9,4216.688,703.781,168.1250,,,,0.168208,0.115505,-0.010823,168.1250,83.9,periodic_af
08:00:23.626938,1,981,0,9,4216.688,703.781,168.0000,-0.205,-0.294,0.359,0.168208,0.115505,-0.010823,,,landing
08:00:23.663283,1,981,0,9,4216.688,703.781,168.0000,,,,0.168208,0.115505,-0.010823,,,return
08:00:24.456226,1,982,0,8,4206.094,703.875,167.8750,-0.191,-0.275,0.335,0.168208,0.115505,-0.010823,,,landing
08:00:24.477438,1,982,0,8,4206.094,703.875,167.8750,,,,0.168208,0.115505,-0.010823,,,return
08:00:25.215104,1,983,0,7,4195.625,703.969,167.7500,-0.339,-0.238,0.414,0.168208,0.115505,-0.010823,,,landing
08:00:25.238993,1,983,0,7,4195.625,703.969,167.7500,,,,0.168208,0.115505,-0.010823,,,return
08:00:32.953859,1,984,0,6,4184.938,704.125,168.0000,,,,0.168007,0.115663,-0.010857,168.0000,80.1,periodic_af
08:00:33.662139,1,984,0,6,4184.938,704.125,168.0000,-0.244,-0.244,0.345,0.168007,0.115663,-0.010857,,,landing
08:00:33.683321,1,984,0,6,4184.938,704.125,168.0000,,,,0.168007,0.115663,-0.010857,,,return
08:00:34.512146,1,985,0,5,4174.469,704.250,167.8750,-0.440,-0.336,0.553,0.168007,0.115663,-0.010857,,,landing
08:00:34.536612,1,985,0,5,4174.469,704.250,167.8750,,,,0.168007,0.115663,-0.010857,,,return
08:00:35.448573,1,986,0,4,4163.562,704.281,167.7500,-0.044,-0.265,0.268,0.168007,0.115663,-0.010857,,,landing
08:00:35.463132,1,986,0,4,4163.562,704.281,167.7500,,,,0.168007,0.115663,-0.010857,,,return
08:00:42.914387,1,987,0,3,4153.000,704.375,168.0000,,,,0.167792,0.115792,-0.010889,168.0000,89.9,periodic_af
08:00:43.603740,1,987,0,3,4153.000,704.375,168.0000,-0.223,-0.331,0.399,0.167792,0.115792,-0.010889,,,landing
08:00:43.637496,1,987,0,3,4153.000,704.375,168.0000,,,,0.167792,0.115792,-0.010889,,,return
08:00:44.559971,1,988,0,2,4142.312,704.406,167.8750,-0.269,-0.253,0.369,0.167792,0.115792,-0.010889,,,landing
08:00:44.573937,1,988,0,2,4142.312,704.406,167.8750,,,,0.167792,0.115792,-0.010889,,,return
08:00:45.463684,1,989,0,1,4131.531,704.531,167.7500,-0.332,-0.468,0.574,0.167792,0.115792,-0.010889,,,landing
08:00:45.490472,1,989,0,1,4131.531,704.531,167.7500,,,,0.167792,0.115792,-0.010889,,,return
08:00:52.997792,1,990,0,0,4120.094,704.062,167.6875,,,,0.167580,0.115893,-0.010919,167.6875,79.5,periodic_af
08:00:53.634375,1,990,0,0,4120.094,704.062,167.5625,0.422,-0.180,0.459,0.167580,0.115893,-0.010919,,,landing
08:00:53.665622,1,990,0,0,4120.094,704.062,167.5625,,,,0.167580,0.115893,-0.010919,,,return
08:01:03.407590,1,990,0,0,4120.094,704.062,167.5938,0.415,-0.182,0.453,0.167580,0.115893,-0.010919,,,landing
08:01:05.058151,2,1,0,0,4120.094,704.062,167.5938,0.417,-0.179,0.454,0.167580,0.115893,-0.010919,,,landing
08:01:05.072687,2,1,0,0,4120.094,704.062,167.5938,,,,0.167580,0.115893,-0.010919,,,capture
08:01:06.056258,2,2,0,1,4131.312,703.906,167.6875,0.065,-0.234,0.242,0.167580,0.115893,-0.010919,,,landing
08:01:06.070314,2,2,0,1,4131.312,703.906,167.6875,,,,0.167580,0.115893,-0.010919,,,capture
08:01:13.731789,2,3,0,2,4142.281,703.688,167.5312,,,,0.167381,0.115980,-0.010948,167.5312,85.9,periodic_af
08:01:14.356329,2,3,0,2,4142.281,703.688,167.5312,-0.217,-0.303,0.373,0.167381,0.115980,-0.010948,,,landing
08:01:14.384130,2,3,0,2,4142.281,703.688,167.5312,,,,0.167381,0.115980,-0.010948,,,capture
08:01:15.356233,2,4,0,3,4152.844,703.406,167.6250,-0.111,-0.206,0.234,0.167381,0.115980,-0.010948,,,landing
08:01:15.368699,2,4,0,3,4152.844,703.406,167.6250,,,,0.167381,0.115980,-0.010948,,,capture
08:01:16.210110,2,5,0,4,4163.438,703.219,167.7188,0.143,-0.010,0.143,0.167381,0.115980,-0.010948,,,landing
08:01:16.230921,2,5,0,4,4163.438,703.219,167.7188,,,,0.167381,0.115980,-0.010948,,,capture
08:01:24.047866,2,6,0,5,4174.125,702.812,168.0625,,,,0.167178,0.116043,-0.010975,168.0625,86.7,periodic_af
08:01:24.657342,2,6,0,5,4174.125,702.812,168.0312,0.054,0.114,0.126,0.167178,0.116043,-0.010975,,,landing
08:01:24.677898,2,6,0,5,4174.125,702.812,168.0312,,,,0.167178,0.116043,-0.010975,,,capture
08:01:25.679738,2,7,0,6,4184.531,702.531,168.1250,-0.131,-0.151,0.200,0.167178,0.116043,-0.010975,,,landing
08:01:25.703406,2,7,0,6,4184.531,702.531,168.1250,,,,0.167178,0.116043,-0.010975,,,capture
08:01:26.616947,2,8,0,7,4194.781,702.000,168.2188,0.319,0.099,0.334,0.167178,0.116043,-0.010975,,,landing
08:01:26.643862,2,8,0,7,4194.781,702.000,168.2188,,,,0.167178,0.116043,-0.010975,,,capture
08:01:34.189418,2,9,0,8,4205.469,701.719,168.0938,,,,0.166974,0.116097,-0.011000,168.0938,65.0,periodic_af
08:01:34.856224,2,9,0,8,4205.469,701.719,168.0625,0.184,0.268,0.325,0.166974,0.116097,-0.011000,,,landing
08:01:34.877262,2,9,0,8,4205.469,701.719,168.0625,,,,0.166974,0.116097,-0.011000,,,capture
08:01:35.878487,2,10,0,9,4215.812,701.625,168.1562,0.469,0.325,0.571,0.166974,0.116097,-0.011000,,,landing
08:01:35.905049,2,10,0,9,4215.812,701.625,168.1562,,,,0.166974,0.116097,-0.011000,,,capture
08:01:36.863156,2,11,0,10,4226.688,701.594,168.2500,0.262,0.274,0.379,0.166974,0.116097,-0.011000,,,landing
08:01:36.876345,2,11,0,10,4226.688,701.594,168.2500,,,,0.166974,0.116097,-0.011000,,,capture
08:01:44.571835,2,12,0,11,4237.219,701.500,168.4688,,,,0.166768,0.116144,-0.011024,168.4688,65.9,periodic_af
08:01:45.151910,2,12,0,11,4237.219,701.500,168.3125,0.148,-0.340,0.371,0.166768,0.116144,-0.011024,,,landing
08:01:45.185612,2,12,0,11,4237.219,701.500,168.3125,,,,0.166768,0.116144,-0.011024,,,capture
08:01:46.161147,2,13,0,12,4247.656,700.781,168.4062,-0.091,-0.271,0.286,0.166768,0.116144,-0.011024,,,landing
08:01:46.172955,2,13,0,12,4247.656,700.781,168.4062,,,,0.166768,0.116144,-0.011024,,,capture
08:01:47.204688,2,14,0,13,4257.812,700.156,168.5000,0.451,0.065,0.455,0.166768,0.116144,-0.011024,,,landing
08:01:47.230765,2,14,0,13,4257.812,700.156,168.5000,,,,0.166768,0.116144,-0.011024,,,capture
08:01:54.680676,2,15,0,14,4268.719,699.844,169.0625,,,,0.166558,0.116181,-0.011046,169.0625,81.9,periodic_af
08:01:55.322617,2,15,0,14,4268.719,699.844,169.0000,0.153,0.221,0.269,0.166558,0.116181,-0.011046,,,landing
08:01:55.351292,2,15,0,14,4268.719,699.844,169.0000,,,,0.166558,0.116181,-0.011046,,,capture
08:01:56.349148,2,16,0,15,4279.531,699.688,169.0938,-0.032,0.318,0.320,0.166558,0.116181,-0.011046,,,landing
08:01:56.363395,2,16,0,15,4279.531,699.688,169.0938,,,,0.166558,0.116181,-0.011046,,,capture
08:01:57.367418,2,17,0,16,4290.219,699.625,169.1875,-0.105,0.296,0.314,0.166558,0.116181,-0.011046,,,landing
08:01:57.378728,2,17,0,16,4290.219,699.625,169.1875,,,,0.166558,0.116181,-0.011046,,,capture
08:02:04.883907,2,18,0,17,4300.375,699.562,169.2188,,,,0.166354,0.116206,-0.011066,169.2188,59.7,periodic_af
08:02:05.555734,2,18,0,17,4300.375,699.562,169.1250,0.254,0.306,0.398,0.166354,0.116206,-0.011066,,,landing
08:02:05.575322,2,18,0,17,4300.375,699.562,169.1250,,,,0.166354,0.116206,-0.011066,,,capture
08:02:06.567550,2,19,0,18,4311.000,699.500,169.2188,0.320,0.292,0.433,0.166354,0.116206,-0.011066,,,landing
08:02:06.591024,2,19,0,18,4311.000,699.500,169.2188,,,,0.166354,0.116206,-0.011066,,,capture
08:02:07.655451,2,20,0,19,4321.812,699.406,169.3125,0.121,0.267,0.293,0.166354,0.116206,-0.011066,,,landing
08:02:07.668978,2,20,0,19,4321.812,699.406,169.3125,,,,0.166354,0.116206,-0.011066,,,capture
08:02:15.424595,2,21,0,20,4332.469,699.312,169.6562,,,,0.166150,0.116224,-0.011086,169.6562,86.6,periodic_af
08:02:16.055040,2,21,0,20,4332.469,699.312,169.6562,0.027,0.258,0.259,0.166150,0.116224,-0.011086,,,landing
08:02:16.073877,2,21,0,20,4332.469,699.312,169.6562,,,,0.166150,0.116224,-0.011086,,,capture
08:02:17.057306,2,22,0,21,4342.938,699.188,169.7500,0.283,0.286,0.402,0.166150,0.116224,-0.011086,,,landing
08:02:17.069461,2,22,0,21,4342.938,699.188,169.7500,,,,0.166150,0.116224,-0.011086,,,capture
08:02:18.061444,2,23,0,22,4353.406,699.094,169.8438,0.435,0.263,0.508,0.166150,0.116224,-0.011086,,,landing
08:02:18.073470,2,23,0,22,4353.406,699.094,169.8438,,,,0.166150,0.116224,-0.011086,,,capture
08:02:26.021775,2,24,0,23,4364.250,699.000,170.0625,,,,0.165928,0.116263,-0.011104,170.0625,85.1,periodic_af
08:02:26.657329,2,24,0,23,4364.250,699.000,170.0938,0.263,0.217,0.341,0.165928,0.116263,-0.011104,,,landing
08:02:26.677830,2,24,0,23,4364.250,699.000,170.0938,,,,0.165928,0.116263,-0.011104,,,capture
08:02:27.643225,2,25,0,24,4374.938,698.844,170.1875,0.532,0.416,0.675,0.165928,0.116263,-0.011104,,,landing
08:02:27.677050,2,25,0,24,4374.938,698.844,170.1875,,,,0.165928,0.116263,-0.011104,,,capture
08:02:28.657700,2,26,0,25,4385.906,699.281,170.2812,0.067,-0.056,0.087,0.165928,0.116263,-0.011104,,,landing
08:02:28.669899,2,26,0,25,4385.906,699.281,170.2812,,,,0.165928,0.116263,-0.011104,,,capture
08:02:36.199960,2,27,0,26,4396.469,698.844,170.1875,,,,0.165698,0.116319,-0.011120,170.1875,81.8,periodic_af
08:02:36.861769,2,27,0,26,4396.469,698.844,169.6875,0.078,0.043,0.089,0.165698,0.116319,-0.011120,,,landing
08:02:36.884962,2,27,0,26,4396.469,698.844,169.6875,,,,0.165698,0.116319,-0.011120,,,capture
08:02:37.855860,2,28,0,27,4407.094,698.531,169.7812,0.169,0.234,0.289,0.165698,0.116319,-0.011120,,,landing
08:02:37.868014,2,28,0,27,4407.094,698.531,169.7812,,,,0.165698,0.116319,-0.011120,,,capture
08:02:38.851710,2,29,0,28,4417.656,698.406,169.8750,0.218,0.294,0.366,0.165698,0.116319,-0.011120,,,landing
08:02:38.863602,2,29,0,28,4417.656,698.406,169.8750,,,,0.165698,0.116319,-0.011120,,,capture
08:02:46.548676,2,30,0,29,4428.125,698.344,170.1562,,,,0.165481,0.116386,-0.011135,170.1562,80.4,periodic_af
08:02:47.119467,2,30,0,29,4428.125,698.344,170.1250,0.345,0.256,0.430,0.165481,0.116386,-0.011135,,,landing
08:02:47.147066,2,30,0,29,4428.125,698.344,170.1250,,,,0.165481,0.116386,-0.011135,,,capture
08:02:48.159953,2,31,0,30,4439.156,698.219,170.2188,0.005,0.276,0.276,0.165481,0.116386,-0.011135,,,landing
08:02:48.172488,2,31,0,30,4439.156,698.219,170.2188,,,,0.165481,0.116386,-0.011135,,,capture
08:02:49.295647,2,32,1,30,4438.844,682.750,170.3750,0.098,-5.148,5.149,0.165481,0.116386,-0.011135,,,landing
08:02:50.119327,2,32,1,30,4438.938,677.062,170.3750,,,,0.165481,0.116386,-0.011135,,,capture
08:02:57.690627,2,33,2,30,4438.781,661.812,170.8750,,,,0.165260,0.116468,-0.011148,170.8750,80.0,periodic_af
08:02:58.254029,2,33,2,30,4438.781,661.812,170.9375,-0.224,0.929,0.956,0.165260,0.116468,-0.011148,,,landing
08:02:58.323160,2,33,2,30,4438.781,661.812,170.9375,,,,0.165260,0.116468,-0.011148,,,capture
08:02:59.491149,2,34,3,30,4438.250,646.875,171.0938,0.542,3.003,3.051,0.165260,0.116468,-0.011148,,,landing
08:03:00.136426,2,34,3,30,4439.031,650.125,171.0938,,,,0.165260,0.116468,-0.011148,,,capture
08:03:01.149635,2,35,4,30,4438.750,634.781,171.2500,-0.275,0.508,0.578,0.165260,0.116468,-0.011148,,,landing
08:03:01.164323,2,35,4,30,4438.750,634.781,171.2500,,,,0.165260,0.116468,-0.011148,,,capture
08:03:08.918372,2,36,5,30,4438.156,619.594,170.9375,,,,0.165056,0.116544,-0.011161,170.9375,102.9,periodic_af
08:03:09.556951,2,36,5,30,4438.156,619.594,170.8750,-0.281,1.484,1.510,0.165056,0.116544,-0.011161,,,landing
08:03:09.579670,2,36,5,30,4438.156,619.594,170.8750,,,,0.165056,0.116544,-0.011161,,,capture
08:03:10.568786,2,37,6,30,4437.531,605.406,171.0312,0.562,2.993,3.045,0.165056,0.116544,-0.011161,,,landing
08:03:11.249822,2,37,6,30,4438.219,608.156,171.0312,,,,0.165056,0.116544,-0.011161,,,capture
08:03:12.374974,2,38,7,30,4437.594,592.094,171.1875,-0.120,0.876,0.884,0.165056,0.116544,-0.011161,,,landing
08:03:12.401663,2,38,7,30,4437.594,592.094,171.1875,,,,0.165056,0.116544,-0.011161,,,capture
08:03:20.018995,2,39,8,30,4437.156,577.531,171.7188,,,,0.164870,0.116648,-0.011172,171.7188,88.8,periodic_af
08:03:20.605848,2,39,8,30,4437.156,577.531,171.7188,-0.144,1.307,1.315,0.164870,0.116648,-0.011172,,,landing
08:03:20.631048,2,39,8,30,4437.156,577.531,171.7188,,,,0.164870,0.116648,-0.011172,,,capture
08:03:21.656301,2,40,9,30,4436.688,563.125,171.8750,0.689,3.122,3.197,0.164870,0.116648,-0.011172,,,landing
08:03:22.338176,2,40,9,30,4437.562,566.000,171.8750,,,,0.164870,0.116648,-0.011172,,,capture
08:03:23.357240,2,41,10,30,4436.844,551.906,172.0312,0.379,0.207,0.432,0.164870,0.116648,-0.011172,,,landing
08:03:23.369193,2,41,10,30,4436.844,551.906,172.0312,,,,0.164870,0.116648,-0.011172,,,capture
08:03:31.051591,2,42,11,30,4436.906,536.750,171.9375,,,,0.164709,0.116761,-0.011182,171.9375,102.7,periodic_af
08:03:31.661669,2,42,11,30,4436.906,536.750,171.9375,-0.246,0.013,0.246,0.164709,0.116761,-0.011182,,,landing
08:03:31.682125,2,42,11,30,4436.906,536.750,171.9375,,,,0.164709,0.116761,-0.011182,,,capture
08:03:32.632726,2,43,12,30,4436.344,521.219,172.0938,-0.037,0.936,0.937,0.164709,0.116761,-0.011182,,,landing
08:03:32.659416,2,43,12,30,4436.344,521.219,172.0938,,,,0.164709,0.116761,-0.011182,,,capture
08:03:33.654500,2,44,13,30,4436.000,506.562,172.2500,0.111,0.475,0.488,0.164709,0.116761,-0.011182,,,landing
08:03:33.666740,2,44,13,30,4436.000,506.562,172.2500,,,,0.164709,0.116761,-0.011182,,,capture
08:03:41.201292,2,45,14,30,4435.781,491.656,172.8750,,,,0.164557,0.116897,-0.011191,172.8750,106.4,periodic_af
08:03:41.800636,2,45,14,30,4435.781,491.656,172.8750,-0.121,0.078,0.144,0.164557,0.116897,-0.011191,,,landing
08:03:41.828944,2,45,14,30,4435.781,491.656,172.8750,,,,0.164557,0.116897,-0.011191,,,capture
08:03:42.862373,2,46,15,30,4435.344,476.250,173.0312,0.031,0.542,0.543,0.164557,0.116897,-0.011191,,,landing
08:03:42.874824,2,46,15,30,4435.344,476.250,173.0312,,,,0.164557,0.116897,-0.011191,,,capture
08:03:43.807032,2,47,16,30,4435.062,461.250,173.1875,0.116,0.580,0.592,0.164557,0.116897,-0.011191,,,landing
08:03:43.827593,2,47,16,30,4435.062,461.250,173.1875,,,,0.164557,0.116897,-0.011191,,,capture
08:03:51.601211,2,48,17,30,4434.844,446.469,172.8750,,,,0.164410,0.117025,-0.011199,172.8750,107.2,periodic_af
08:03:52.259171,2,48,17,30,4434.844,446.469,172.8750,0.322,0.930,0.984,0.164410,0.117025,-0.011199,,,landing
08:03:52.280606,2,48,17,30,4434.844,446.469,172.8750,,,,0.164410,0.117025,-0.011199,,,capture
08:03:53.369466,2,49,18,30,4434.844,432.062,173.0312,0.055,1.234,1.236,0.164410,0.117025,-0.011199,,,landing
08:03:53.383666,2,49,18,30,4434.844,432.062,173.0312,,,,0.164410,0.117025,-0.011199,,,capture
08:03:54.466799,2,50,19,30,4434.562,417.875,173.1875,0.028,1.516,1.516,0.164410,0.117025,-0.011199,,,landing
08:03:54.494919,2,50,19,30,4434.562,417.875,173.1875,,,,0.164410,0.117025,-0.011199,,,capture
08:04:02.309733,2,51,20,30,4434.281,404.125,173.0000,,,,0.164255,0.117123,-0.011207,173.0000,82.8,periodic_af
08:04:02.961188,2,51,20,30,4434.281,404.125,172.9688,-0.022,1.622,1.622,0.164255,0.117123,-0.011207,,,landing
08:04:02.980074,2,51,20,30,4434.281,404.125,172.9688,,,,0.164255,0.117123,-0.011207,,,capture
08:04:04.178811,2,52,21,30,4433.938,390.406,173.1250,-0.035,1.414,1.415,0.164255,0.117123,-0.011207,,,landing
08:04:04.206613,2,52,21,30,4433.938,390.406,173.1250,,,,0.164255,0.117123,-0.011207,,,capture
08:04:05.266881,2,53,22,30,4433.562,376.344,173.2812,0.648,2.901,2.972,0.164255,0.117123,-0.011207,,,landing
08:04:05.976053,2,53,22,30,4434.312,379.219,173.2812,,,,0.164255,0.117123,-0.011207,,,capture
08:04:13.497852,2,54,23,30,4433.500,364.406,173.5625,,,,0.164111,0.117203,-0.011215,173.5625,107.8,periodic_af
08:04:14.156069,2,54,23,30,4433.500,364.406,173.2812,0.021,0.303,0.303,0.164111,0.117203,-0.011215,,,landing
08:04:14.176167,2,54,23,30,4433.500,364.406,173.2812,,,,0.164111,0.117203,-0.011215,,,capture
08:04:15.176112,2,55,24,30,4433.219,349.500,173.4375,-0.122,0.985,0.993,0.164111,0.117203,-0.011215,,,landing
08:04:15.200429,2,55,24,30,4433.219,349.500,173.4375,,,,0.164111,0.117203,-0.011215,,,capture
08:04:16.284212,2,56,25,30,4432.781,335.125,173.5938,0.102,1.003,1.009,0.164111,0.117203,-0.011215,,,landing
08:04:16.310489,2,56,25,30,4432.781,335.125,173.5938,,,,0.164111,0.117203,-0.011215,,,capture
08:04:23.809258,2,57,26,30,4432.562,320.969,174.1875,,,,0.163954,0.117281,-0.011224,174.1875,104.7,periodic_af
08:04:24.416610,2,57,26,30,4432.562,320.969,174.1875,0.223,0.945,0.971,0.163954,0.117281,-0.011224,,,landing
08:04:24.443578,2,57,26,30,4432.562,320.969,174.1875,,,,0.163954,0.117281,-0.011224,,,capture
08:04:25.460177,2,58,27,30,4432.469,306.500,174.3438,0.101,0.640,0.648,0.163954,0.117281,-0.011224,,,landing
08:04:25.472269,2,58,27,30,4432.469,306.500,174.3438,,,,0.163954,0.117281,-0.011224,,,capture
08:04:26.441414,2,59,28,30,4432.250,292.000,174.5000,-0.161,0.185,0.245,0.163954,0.117281,-0.011224,,,landing
08:04:26.467188,2,59,28,30,4432.250,292.000,174.5000,,,,0.163954,0.117281,-0.011224,,,capture
08:04:34.272026,2,60,29,30,4431.781,277.219,174.3125,,,,0.163783,0.117334,-0.011233,174.3125,102.5,periodic_af
08:04:34.825393,2,60,29,30,4431.781,277.219,174.2500,0.000,0.296,0.296,0.163783,0.117334,-0.011233,,,landing
08:04:34.851762,2,60,29,30,4431.781,277.219,174.2500,,,,0.163783,0.117334,-0.011233,,,capture
08:04:35.805202,2,61,30,30,4431.469,262.281,174.4062,0.338,0.838,0.904,0.163783,0.117334,-0.011233,,,landing
08:04:35.825124,2,61,30,30,4431.469,262.281,174.4062,,,,0.163783,0.117334,-0.011233,,,capture
08:04:36.857705,2,62,30,29,4421.000,263.094,174.2812,-0.085,0.340,0.350,0.163783,0.117334,-0.011233,,,landing
08:04:36.870634,2,62,30,29,4421.000,263.094,174.2812,,,,0.163783,0.117334,-0.011233,,,capture
08:04:44.519687,2,63,30,28,4410.219,263.812,174.5938,,,,0.163625,0.117388,-0.011242,174.5938,89.6,periodic_af
08:04:45.094546,2,63,30,28,4410.219,263.812,174.5938,0.089,-0.209,0.227,0.163625,0.117388,-0.011242,,,landing
08:04:45.124403,2,63,30,28,4410.219,263.812,174.5938,,,,0.163625,0.117388,-0.011242,,,capture
08:04:46.254217,2,64,30,27,4399.781,263.969,174.4688,-0.122,-0.240,0.270,0.163625,0.117388,-0.011242,,,landing
08:04:46.269852,2,64,30,27,4399.781,263.969,174.4688,,,,0.163625,0.117388,-0.011242,,,capture
08:04:47.256591,2,65,30,26,4389.406,264.094,174.3438,-0.035,0.315,0.317,0.163625,0.117388,-0.011242,,,landing
08:04:47.267901,2,65,30,26,4389.406,264.094,174.3438,,,,0.163625,0.117388,-0.011242,,,capture
08:04:54.999523,2,66,30,25,4378.594,264.375,173.7500,,,,0.163463,0.117411,-0.011250,173.7500,101.3,periodic_af
08:04:55.510213,2,66,30,25,4378.594,264.375,173.7500,0.215,0.351,0.412,0.163463,0.117411,-0.011250,,,landing
08:04:55.537628,2,66,30,25,4378.594,264.375,173.7500,,,,0.163463,0.117411,-0.011250,,,capture
08:04:56.466937,2,67,30,24,4368.156,264.750,173.6250,-0.100,-0.097,0.140,0.163463,0.117411,-0.011250,,,landing
08:04:56.481967,2,67,30,24,4368.156,264.750,173.6250,,,,0.163463,0.117411,-0.011250,,,capture
08:04:57.354976,2,68,30,23,4357.156,264.625,173.5000,0.175,0.060,0.185,0.163463,0.117411,-0.011250,,,landing
08:04:57.382127,2,68,30,23,4357.156,264.625,173.5000,,,,0.163463,0.117411,-0.011250,,,capture
08:05:04.752346,2,69,30,22,4346.719,264.656,173.8125,,,,0.163320,0.117426,-0.011257,173.8125,86.4,periodic_af
08:05:05.354186,2,69,30,22,4346.719,264.656,173.8125,0.042,0.142,0.148,0.163320,0.117426,-0.011257,,,landing
08:05:05.377570,2,69,30,22,4346.719,264.656,173.8125,,,,0.163320,0.117426,-0.011257,,,capture
08:05:06.402958,2,70,30,21,4336.188,264.781,173.6875,-0.200,0.212,0.291,0.163320,0.117426,-0.011257,,,landing
08:05:06.416809,2,70,30,21,4336.188,264.781,173.6875,,,,0.163320,0.117426,-0.011257,,,capture
08:05:07.403363,2,71,30,20,4325.250,264.969,173.5625,0.065,0.172,0.184,0.163320,0.117426,-0.011257,,,landing
08:05:07.434273,2,71,30,20,4325.250,264.969,173.5625,,,,0.163320,0.117426,-0.011257,,,capture
08:05:15.003843,2,72,30,19,4314.250,265.094,173.7812,,,,0.163227,0.117427,-0.011262,173.7812,83.4,periodic_af
08:05:15.659690,2,72,30,19,4314.250,265.094,173.7812,0.297,-0.159,0.337,0.163227,0.117427,-0.011262,,,landing
08:05:15.681456,2,72,30,19,4314.250,265.094,173.7812,,,,0.163227,0.117427,-0.011262,,,capture
08:05:16.681534,2,73,30,18,4303.906,264.906,173.6562,0.174,0.371,0.410,0.163227,0.117427,-0.011262,,,landing
08:05:16.724377,2,73,30,18,4303.906,264.906,173.6562,,,,0.163227,0.117427,-0.011262,,,capture
08:05:17.707705,2,74,30,17,4293.406,265.250,173.5312,0.033,0.254,0.257,0.163227,0.117427,-0.011262,,,landing
08:05:17.731781,2,74,30,17,4293.406,265.250,173.5312,,,,0.163227,0.117427,-0.011262,,,capture
08:05:25.229758,2,75,30,16,4282.562,265.469,173.1875,,,,0.163160,0.117405,-0.011265,173.1875,97.3,periodic_af
08:05:25.861555,2,75,30,16,4282.562,265.469,173.1875,0.427,0.100,0.438,0.163160,0.117405,-0.011265,,,landing
08:05:25.920840,2,75,30,16,4282.562,265.469,173.1875,,,,0.163160,0.117405,-0.011265,,,capture
08:05:26.803590,2,76,30,15,4272.062,265.531,173.0625,0.232,0.114,0.259,0.163160,0.117405,-0.011265,,,landing
08:05:26.825685,2,76,30,15,4272.062,265.531,173.0625,,,,0.163160,0.117405,-0.011265,,,capture
08:05:27.758746,2,77,30,14,4261.406,265.625,172.9375,0.226,-0.163,0.279,0.163160,0.117405,-0.011265,,,landing
08:05:27.770409,2,77,30,14,4261.406,265.625,172.9375,,,,0.163160,0.117405,-0.011265,,,capture
08:05:35.234964,2,78,30,13,4251.156,265.438,173.2500,,,,0.163149,0.117352,-0.011266,173.2500,101.0,periodic_af
08:05:35.823465,2,78,30,13,4251.156,265.438,173.2500,-0.071,0.351,0.358,0.163149,0.117352,-0.011266,,,landing
08:05:35.848861,2,78,30,13,4251.156,265.438,173.2500,,,,0.163149,0.117352,-0.011266,,,capture
08:05:36.863558,2,79,30,12,4239.938,265.750,173.1250,0.277,-0.106,0.296,0.163149,0.117352,-0.011266,,,landing
08:05:36.888997,2,79,30,12,4239.938,265.750,173.1250,,,,0.163149,0.117352,-0.011266,,,capture
08:05:37.954610,2,80,30,11,4229.250,265.625,173.0000,0.608,-0.039,0.609,0.163149,0.117352,-0.011266,,,landing
08:05:37.967218,2,80,30,11,4229.250,265.625,173.0000,,,,0.163149,0.117352,-0.011266,,,capture
08:05:45.388761,2,81,30,10,4219.156,265.562,172.7500,,,,0.163175,0.117291,-0.011265,172.7500,86.6,periodic_af
08:05:45.893757,2,81,30,10,4219.156,265.562,172.8125,0.083,0.005,0.083,0.163175,0.117291,-0.011265,,,landing
08:05:45.914712,2,81,30,10,4219.156,265.562,172.8125,,,,0.163175,0.117291,-0.011265,,,capture
08:05:46.795638,2,82,30,9,4208.281,265.531,172.6875,0.250,0.125,0.279,0.163175,0.117291,-0.011265,,,landing
08:05:46.817122,2,82,30,9,4208.281,265.531,172.6875,,,,0.163175,0.117291,-0.011265,,,capture
08:05:47.795896,2,83,30,8,4197.375,265.625,172.5625,0.539,0.169,0.564,0.163175,0.117291,-0.011265,,,landing
08:05:47.820616,2,83,30,8,4197.375,265.625,172.5625,,,,0.163175,0.117291,-0.011265,,,capture
08:05:55.429499,2,84,30,7,4187.094,265.781,172.0938,,,,0.163215,0.117228,-0.011264,172.0938,98.0,periodic_af
08:05:56.042509,2,84,30,7,4187.094,265.781,172.0000,0.250,0.248,0.353,0.163215,0.117228,-0.011264,,,landing
08:05:56.082283,2,84,30,7,4187.094,265.781,172.0000,,,,0.163215,0.117228,-0.011264,,,capture
08:05:57.011932,2,85,30,6,4176.469,266.000,171.8750,0.183,0.129,0.224,0.163215,0.117228,-0.011264,,,landing
08:05:57.032561,2,85,30,6,4176.469,266.000,171.8750,,,,0.163215,0.117228,-0.011264,,,capture
08:05:57.901382,2,86,30,5,4165.500,266.125,171.7500,0.522,0.093,0.530,0.163215,0.117228,-0.011264,,,landing
08:05:57.927838,2,86,30,5,4165.500,266.125,171.7500,,,,0.163215,0.117228,-0.011264,,,capture
08:06:05.629371,2,87,30,4,4155.000,266.188,171.5938,,,,0.163247,0.117146,-0.011262,171.5938,101.8,periodic_af
08:06:06.260496,2,87,30,4,4155.000,266.188,171.5938,0.506,0.124,0.521,0.163247,0.117146,-0.011262,,,landing
08:06:06.282268,2,87,30,4,4155.000,266.188,171.5938,,,,0.163247,0.117146,-0.011262,,,capture
08:06:07.257319,2,88,30,3,4144.750,266.281,171.4688,-0.005,0.151,0.151,0.163247,0.117146,-0.011262,,,landing
08:06:07.284970,2,88,30,3,4144.750,266.281,171.4688,,,,0.163247,0.117146,-0.011262,,,capture
08:06:08.247652,2,89,30,2,4134.000,266.406,171.3438,0.084,0.140,0.163,0.163247,0.117146,-0.011262,,,landing
08:06:08.264203,2,89,30,2,4134.000,266.406,171.3438,,,,0.163247,0.117146,-0.011262,,,capture
08:06:15.698085,2,90,30,1,4123.469,266.531,171.2500,,,,0.163267,0.117041,-0.011259,171.2500,93.4,periodic_af
08:06:16.317096,2,90,30,1,4123.469,266.531,171.0938,-0.077,0.163,0.180,0.163267,0.117041,-0.011259,,,landing
08:06:16.344500,2,90,30,1,4123.469,266.531,171.0938,,,,0.163267,0.117041,-0.011259,,,capture
08:06:17.423244,2,91,30,0,4112.656,266.688,170.9688,0.090,0.089,0.126,0.163267,0.117041,-0.011259,,,landing
08:06:17.435164,2,91,30,0,4112.656,266.688,170.9688,,,,0.163267,0.117041,-0.011259,,,capture
08:06:18.589335,2,92,29,0,4113.062,281.344,170.7812,0.066,0.977,0.979,0.163267,0.117041,-0.011259,,,landing
08:06:18.601273,2,92,29,0,4113.062,281.344,170.7812,,,,0.163267,0.117041,-0.011259,,,capture
08:06:26.001842,2,93,28,0,4113.438,297.062,170.9375,,,,0.163298,0.116923,-0.011255,170.9375,73.2,periodic_af
08:06:26.653800,2,93,28,0,4113.438,297.062,170.9375,-0.074,1.135,1.137,0.163298,0.116923,-0.011255,,,landing
08:06:26.675137,2,93,28,0,4113.438,297.062,170.9375,,,,0.163298,0.116923,-0.011255,,,capture
08:06:27.697520,2,94,27,0,4113.688,313.094,170.7500,-0.026,1.164,1.164,0.163298,0.116923,-0.011255,,,landing
08:06:27.716921,2,94,27,0,4113.688,313.094,170.7500,,,,0.163298,0.116923,-0.011255,,,capture
08:06:28.750120,2,95,26,0,4113.969,329.219,170.5625,0.273,5.044,5.052,0.163298,0.116923,-0.011255,,,landing
08:06:29.419225,2,95,26,0,4114.250,333.906,170.5625,,,,0.163298,0.116923,-0.011255,,,capture
08:06:37.111947,2,96,25,0,4114.062,348.750,170.2500,,,,0.163314,0.116799,-0.011250,170.2500,94.3,periodic_af
08:06:37.760716,2,96,25,0,4114.062,348.750,170.2500,0.282,-0.236,0.367,0.163314,0.116799,-0.011250,,,landing
08:06:37.781957,2,96,25,0,4114.062,348.750,170.2500,,,,0.163314,0.116799,-0.011250,,,capture
08:06:38.750821,2,97,24,0,4114.250,362.531,170.0625,0.390,0.218,0.446,0.163314,0.116799,-0.011250,,,landing
08:06:38.784529,2,97,24,0,4114.250,362.531,170.0625,,,,0.163314,0.116799,-0.011250,,,capture
08:06:39.853238,2,98,23,0,4114.562,376.812,169.8750,0.338,-0.271,0.433,0.163314,0.116799,-0.011250,,,landing
08:06:39.865523,2,98,23,0,4114.562,376.812,169.8750,,,,0.163314,0.116799,-0.011250,,,capture
08:06:47.452209,2,99,22,0,4114.844,390.625,169.8125,,,,0.163309,0.116668,-0.011243,169.8125,84.6,periodic_af
08:06:48.033792,2,99,22,0,4114.844,390.625,169.8125,0.379,-0.310,0.490,0.163309,0.116668,-0.011243,,,landing
08:06:48.104283,2,99,22,0,4114.844,390.625,169.8125,,,,0.163309,0.116668,-0.011243,,,capture
08:06:49.119891,2,100,21,0,4115.156,404.500,169.6250,0.341,-0.265,0.432,0.163309,0.116668,-0.011243,,,landing
08:06:49.147305,2,100,21,0,4115.156,404.500,169.6250,,,,0.163309,0.116668,-0.011243,,,capture
08:06:50.196770,2,101,20,0,4115.438,418.094,169.4375,0.294,0.248,0.385,0.163309,0.116668,-0.011243,,,landing
08:06:50.221860,2,101,20,0,4115.438,418.094,169.4375,,,,0.163309,0.116668,-0.011243,,,capture
08:06:57.747547,2,102,19,0,4115.625,432.281,169.2812,,,,0.163281,0.116542,-0.011236,169.2812,79.0,periodic_af
08:06:58.348486,2,102,19,0,4115.625,432.281,169.1875,0.363,-0.097,0.375,0.163281,0.116542,-0.011236,,,landing
08:06:58.371033,2,102,19,0,4115.625,432.281,169.1875,,,,0.163281,0.116542,-0.011236,,,capture
08:06:59.315702,2,103,18,0,4115.938,446.375,169.0000,0.530,0.197,0.565,0.163281,0.116542,-0.011236,,,landing
08:06:59.334840,2,103,18,0,4115.938,446.375,169.0000,,,,0.163281,0.116542,-0.011236,,,capture
08:07:00.357876,2,104,17,0,4116.781,461.312,168.8125,-0.268,-0.816,0.859,0.163281,0.116542,-0.011236,,,landing
08:07:00.369890,2,104,17,0,4116.781,461.312,168.8125,,,,0.163281,0.116542,-0.011236,,,capture
08:07:07.817672,2,105,16,0,4116.812,475.250,169.0938,,,,0.163233,0.116404,-0.011226,169.0938,72.2,periodic_af
08:07:08.456304,2,105,16,0,4116.812,475.250,169.0938,-0.023,0.183,0.184,0.163233,0.116404,-0.011226,,,landing
08:07:08.479365,2,105,16,0,4116.812,475.250,169.0938,,,,0.163233,0.116404,-0.011226,,,capture
08:07:09.552482,2,106,15,0,4116.719,489.625,168.9062,0.010,0.157,0.157,0.163233,0.116404,-0.011226,,,landing
08:07:09.564739,2,106,15,0,4116.719,489.625,168.9062,,,,0.163233,0.116404,-0.011226,,,capture
08:07:10.514570,2,107,14,0,4117.031,504.500,168.7188,0.196,0.314,0.371,0.163233,0.116404,-0.011226,,,landing
08:07:10.536416,2,107,14,0,4117.031,504.500,168.7188,,,,0.163233,0.116404,-0.011226,,,capture
08:07:18.061216,2,108,13,0,4117.125,518.844,168.7188,,,,0.163165,0.116252,-0.011214,168.7188,69.8,periodic_af
08:07:18.615481,2,108,13,0,4117.125,518.844,168.6250,0.121,0.175,0.213,0.163165,0.116252,-0.011214,,,landing
08:07:18.641954,2,108,13,0,4117.125,518.844,168.6250,,,,0.163165,0.116252,-0.011214,,,capture
08:07:19.653286,2,109,12,0,4117.531,534.344,168.4375,0.085,-0.204,0.221,0.163165,0.116252,-0.011214,,,landing
08:07:19.666932,2,109,12,0,4117.531,534.344,168.4375,,,,0.163165,0.116252,-0.011214,,,capture
08:07:20.757401,2,110,11,0,4117.531,548.062,168.2500,0.084,0.169,0.188,0.163165,0.116252,-0.011214,,,landing
08:07:20.769917,2,110,11,0,4117.531,548.062,168.2500,,,,0.163165,0.116252,-0.011214,,,capture
08:07:28.497294,2,111,10,0,4117.906,563.125,168.0312,,,,0.163082,0.116096,-0.011201,168.0312,79.4,periodic_af
08:07:29.144705,2,111,10,0,4117.906,563.125,167.9062,0.187,-0.459,0.496,0.163082,0.116096,-0.011201,,,landing
08:07:29.175845,2,111,10,0,4117.906,563.125,167.9062,,,,0.163082,0.116096,-0.011201,,,capture
08:07:30.171529,2,112,9,0,4118.031,576.719,167.7188,0.307,-0.220,0.378,0.163082,0.116096,-0.011201,,,landing
08:07:30.205600,2,112,9,0,4118.031,576.719,167.7188,,,,0.163082,0.116096,-0.011201,,,capture
08:07:31.093680,2,113,8,0,4118.281,590.594,167.5312,0.270,-0.118,0.295,0.163082,0.116096,-0.011201,,,landing
08:07:31.110909,2,113,8,0,4118.281,590.594,167.5312,,,,0.163082,0.116096,-0.011201,,,capture
08:07:39.051166,2,114,7,0,4118.469,604.938,167.5625,,,,0.162993,0.115921,-0.011187,167.5625,72.6,periodic_af
08:07:39.691904,2,114,7,0,4118.469,604.938,167.5625,0.301,-1.011,1.055,0.162993,0.115921,-0.011187,,,landing
08:07:39.723009,2,114,7,0,4118.469,604.938,167.5625,,,,0.162993,0.115921,-0.011187,,,capture
08:07:40.733827,2,115,6,0,4119.062,618.688,167.4062,0.238,-0.628,0.672,0.162993,0.115921,-0.011187,,,landing
08:07:40.767187,2,115,6,0,4119.062,618.688,167.4062,,,,0.162993,0.115921,-0.011187,,,capture
08:07:41.835199,2,116,5,0,4119.594,632.781,167.2500,-0.071,-0.940,0.942,0.162993,0.115921,-0.011187,,,landing
08:07:41.861429,2,116,5,0,4119.594,632.781,167.2500,,,,0.162993,0.115921,-0.011187,,,capture
08:07:49.357274,2,117,4,0,4119.812,646.625,167.0312,,,,0.162896,0.115726,-0.011174,167.0312,65.8,periodic_af
08:07:49.914000,2,117,4,0,4119.812,646.625,166.9375,0.159,-0.677,0.695,0.162896,0.115726,-0.011174,,,landing
08:07:49.942328,2,117,4,0,4119.812,646.625,166.9375,,,,0.162896,0.115726,-0.011174,,,capture
08:07:50.916247,2,118,3,0,4120.250,660.969,166.7500,-0.206,-0.964,0.986,0.162896,0.115726,-0.011174,,,landing
08:07:50.938044,2,118,3,0,4120.250,660.969,166.7500,,,,0.162896,0.115726,-0.011174,,,capture
08:07:51.808828,2,119,2,0,4120.312,674.688,166.5625,-0.227,-0.342,0.410,0.162896,0.115726,-0.011174,,,landing
08:07:51.830394,2,119,2,0,4120.312,674.688,166.5625,,,,0.162896,0.115726,-0.011174,,,capture
08:07:59.281942,2,120,1,0,4120.031,689.062,166.1562,,,,0.162803,0.115547,-0.011161,166.1562,82.4,periodic_af
08:07:59.826071,2,120,1,0,4120.031,689.062,166.1875,0.253,-0.192,0.318,0.162803,0.115547,-0.011161,,,landing
08:07:59.856069,2,120,1,0,4120.031,689.062,166.1875,,,,0.162803,0.115547,-0.011161,,,capture
08:08:00.866214,2,121,1,1,4130.812,688.906,166.2812,0.224,-0.256,0.340,0.162803,0.115547,-0.011161,,,landing
08:08:00.877201,2,121,1,1,4130.812,688.906,166.2812,,,,0.162803,0.115547,-0.011161,,,capture
08:08:01.804721,2,122,1,2,4141.844,688.656,166.3750,0.019,-0.021,0.028,0.162803,0.115547,-0.011161,,,landing
08:08:01.830662,2,122,1,2,4141.844,688.656,166.3750,,,,0.162803,0.115547,-0.011161,,,capture
08:08:09.426637,2,123,1,3,4152.344,688.656,166.5938,,,,0.162709,0.115382,-0.011148,166.5938,77.4,periodic_af
08:08:10.056662,2,123,1,3,4152.344,688.656,166.6562,0.169,-0.063,0.181,0.162709,0.115382,-0.011148,,,landing
08:08:10.194359,2,123,1,3,4152.344,688.656,166.6562,,,,0.162709,0.115382,-0.011148,,,capture
08:08:11.146908,2,124,1,4,4163.188,688.375,166.7500,0.039,-0.153,0.158,0.162709,0.115382,-0.011148,,,landing
08:08:11.157998,2,124,1,4,4163.188,688.375,166.7500,,,,0.162709,0.115382,-0.011148,,,capture
08:08:12.057890,2,125,1,5,4174.156,688.250,166.8438,-0.316,-0.134,0.343,0.162709,0.115382,-0.011148,,,landing
08:08:12.069870,2,125,1,5,4174.156,688.250,166.8438,,,,0.162709,0.115382,-0.011148,,,capture
08:08:19.717711,2,126,1,6,4184.656,688.156,167.2812,,,,0.162598,0.115219,-0.011134,167.2812,73.7,periodic_af
08:08:20.324097,2,126,1,6,4184.656,688.156,167.2812,-0.193,-0.206,0.282,0.162598,0.115219,-0.011134,,,landing
08:08:20.350532,2,126,1,6,4184.656,688.156,167.2812,,,,0.162598,0.115219,-0.011134,,,capture
08:08:21.220953,2,127,1,7,4195.219,687.969,167.3750,-0.084,-0.147,0.169,0.162598,0.115219,-0.011134,,,landing
08:08:21.244887,2,127,1,7,4195.219,687.969,167.3750,,,,0.162598,0.115219,-0.011134,,,capture
08:08:22.118283,2,128,1,8,4205.750,687.844,167.4688,-0.038,-0.151,0.156,0.162598,0.115219,-0.011134,,,landing
08:08:22.140374,2,128,1,8,4205.750,687.844,167.4688,,,,0.162598,0.115219,-0.011134,,,capture
08:08:29.673743,2,129,1,9,4216.500,687.719,167.2188,,,,0.162482,0.115055,-0.011121,167.2188,74.5,periodic_af
08:08:30.217711,2,129,1,9,4216.500,687.719,167.2188,-0.222,-0.161,0.274,0.162482,0.115055,-0.011121,,,landing
08:08:30.245987,2,129,1,9,4216.500,687.719,167.2188,,,,0.162482,0.115055,-0.011121,,,capture
08:08:31.226652,2,130,1,10,4227.094,687.594,167.3125,-0.110,-0.128,0.169,0.162482,0.115055,-0.011121,,,landing
08:08:31.246511,2,130,1,10,4227.094,687.594,167.3125,,,,0.162482,0.115055,-0.011121,,,capture
08:08:32.263395,2,131,1,11,4237.844,687.469,167.4062,-0.573,-0.311,0.652,0.162482,0.115055,-0.011121,,,landing
08:08:32.275463,2,131,1,11,4237.844,687.469,167.4062,,,,0.162482,0.115055,-0.011121,,,capture
08:08:40.143905,2,132,1,12,4248.062,687.188,167.7188,,,,0.162351,0.114891,-0.011108,167.7188,76.4,periodic_af
08:08:40.643517,2,132,1,12,4248.062,687.188,167.7188,-0.232,-0.252,0.342,0.162351,0.114891,-0.011108,,,landing
08:08:40.676383,2,132,1,12,4248.062,687.188,167.7188,,,,0.162351,0.114891,-0.011108,,,capture
08:08:41.680611,2,133,1,13,4258.188,686.562,167.8125,0.292,0.242,0.379,0.162351,0.114891,-0.011108,,,landing
08:08:41.714663,2,133,1,13,4258.188,686.562,167.8125,,,,0.162351,0.114891,-0.011108,,,capture
08:08:42.739128,2,134,1,14,4268.688,686.250,167.9062,0.078,-0.134,0.155,0.162351,0.114891,-0.011108,,,landing
08:08:42.750114,2,134,1,14,4268.688,686.250,167.9062,,,,0.162351,0.114891,-0.011108,,,capture
08:08:50.502985,2,135,1,15,4279.062,685.750,168.1250,,,,0.162206,0.114739,-0.011095,168.1250,71.6,periodic_af
08:08:51.156791,2,135,1,15,4279.062,685.750,168.1562,0.392,0.133,0.414,0.162206,0.114739,-0.011095,,,landing
08:08:51.176732,2,135,1,15,4279.062,685.750,168.1562,,,,0.162206,0.114739,-0.011095,,,capture
08:08:52.117674,2,136,1,16,4289.906,685.500,168.2500,-0.058,0.312,0.317,0.162206,0.114739,-0.011095,,,landing
08:08:52.141669,2,136,1,16,4289.906,685.500,168.2500,,,,0.162206,0.114739,-0.011095,,,capture
08:08:53.055783,2,137,1,17,4300.344,685.438,168.3438,0.149,0.395,0.422,0.162206,0.114739,-0.011095,,,landing
08:08:53.068282,2,137,1,17,4300.344,685.438,168.3438,,,,0.162206,0.114739,-0.011095,,,capture
08:09:00.678215,2,138,1,18,4310.656,685.438,168.3750,,,,0.162057,0.114606,-0.011081,168.3750,83.2,periodic_af
08:09:01.208375,2,138,1,18,4310.656,685.438,168.3125,0.448,0.294,0.535,0.162057,0.114606,-0.011081,,,landing
08:09:01.235688,2,138,1,18,4310.656,685.438,168.3125,,,,0.162057,0.114606,-0.011081,,,capture
08:09:02.278961,2,139,1,19,4321.656,685.375,168.4062,0.079,0.283,0.294,0.162057,0.114606,-0.011081,,,landing
08:09:02.311704,2,139,1,19,4321.656,685.375,168.4062,,,,0.162057,0.114606,-0.011081,,,capture
08:09:03.226208,2,140,1,20,4332.562,685.281,168.5000,-0.176,0.224,0.285,0.162057,0.114606,-0.011081,,,landing
08:09:03.251195,2,140,1,20,4332.562,685.281,168.5000,,,,0.162057,0.114606,-0.011081,,,capture
08:09:11.151023,2,141,1,21,4342.781,685.125,168.7500,,,,0.161904,0.114494,-0.011067,168.7500,82.6,periodic_af
08:09:11.732625,2,141,1,21,4342.781,685.125,168.7188,0.261,0.248,0.360,0.161904,0.114494,-0.011067,,,landing
08:09:11.772733,2,141,1,21,4342.781,685.125,168.7188,,,,0.161904,0.114494,-0.011067,,,capture
08:09:12.723331,2,142,1,22,4353.500,685.000,168.8125,0.267,0.442,0.517,0.161904,0.114494,-0.011067,,,landing
08:09:12.747204,2,142,1,22,4353.500,685.000,168.8125,,,,0.161904,0.114494,-0.011067,,,capture
08:09:13.596000,2,143,1,23,4364.062,685.469,168.9062,0.401,-0.122,0.419,0.161904,0.114494,-0.011067,,,landing
08:09:13.611718,2,143,1,23,4364.062,685.469,168.9062,,,,0.161904,0.114494,-0.011067,,,capture
08:09:21.314820,2,144,1,24,4374.719,684.969,168.7500,,,,0.161750,0.114394,-0.011054,168.7500,78.5,periodic_af
08:09:22.005989,2,144,1,24,4374.719,684.969,168.8125,0.624,0.206,0.657,0.161750,0.114394,-0.011054,,,landing
08:09:22.026850,2,144,1,24,4374.719,684.969,168.8125,,,,0.161750,0.114394,-0.011054,,,capture
08:09:23.063388,2,145,1,25,4385.844,685.188,168.9062,0.189,0.009,0.189,0.161750,0.114394,-0.011054,,,landing
08:09:23.094522,2,145,1,25,4385.844,685.188,168.9062,,,,0.161750,0.114394,-0.011054,,,capture
08:09:24.060282,2,146,1,26,4396.188,685.219,169.0000,0.323,-0.303,0.443,0.161750,0.114394,-0.011054,,,landing
08:09:24.080037,2,146,1,26,4396.188,685.219,169.0000,,,,0.161750,0.114394,-0.011054,,,capture
08:09:31.647507,2,147,1,27,4407.000,684.562,169.0625,,,,0.161586,0.114310,-0.011042,169.0625,70.6,periodic_af
08:09:32.226294,2,147,1,27,4407.000,684.562,168.7188,0.118,0.006,0.118,0.161586,0.114310,-0.011042,,,landing
08:09:32.294188,2,147,1,27,4407.000,684.562,168.7188,,,,0.161586,0.114310,-0.011042,,,capture
08:09:33.272233,2,148,1,28,4417.625,684.188,168.8125,0.255,0.543,0.600,0.161586,0.114310,-0.011042,,,landing
08:09:33.296976,2,148,1,28,4417.625,684.188,168.8125,,,,0.161586,0.114310,-0.011042,,,capture
08:09:34.259443,2,149,1,29,4428.656,684.750,168.9062,-0.290,-0.067,0.298,0.161586,0.114310,-0.011042,,,landing
08:09:34.271874,2,149,1,29,4428.656,684.750,168.9062,,,,0.161586,0.114310,-0.011042,,,capture
08:09:42.242371,2,150,2,29,4428.094,669.688,169.5312,,,,0.161415,0.114251,-0.011030,169.5312,50.1,periodic_af
08:09:42.792046,2,150,2,29,4428.094,669.688,169.5312,0.038,-5.721,5.722,0.161415,0.114251,-0.011030,,,landing
08:09:43.527611,2,150,2,29,4428.125,663.656,169.5312,,,,0.161415,0.114251,-0.011030,,,capture
08:09:44.470796,2,151,3,29,4427.750,649.062,169.6875,-0.012,0.229,0.229,0.161415,0.114251,-0.011030,,,landing
08:09:44.497233,2,151,3,29,4427.750,649.062,169.6875,,,,0.161415,0.114251,-0.011030,,,capture
08:09:45.599033,2,152,4,29,4427.469,634.188,169.8438,0.006,0.802,0.802,0.161415,0.114251,-0.011030,,,landing
08:09:45.610716,2,152,4,29,4427.469,634.188,169.8438,,,,0.161415,0.114251,-0.011030,,,capture
08:09:53.265884,2,153,5,29,4427.219,619.562,169.7812,,,,0.161241,0.114204,-0.011020,169.7812,71.9,periodic_af
08:09:53.869174,2,153,5,29,4427.219,619.562,169.7812,-0.026,1.482,1.482,0.161241,0.114204,-0.011020,,,landing
08:09:53.894539,2,153,5,29,4427.219,619.562,169.7812,,,,0.161241,0.114204,-0.011020,,,capture
08:09:54.966123,2,154,6,29,4426.938,605.969,169.9375,0.105,1.308,1.312,0.161241,0.114204,-0.011020,,,landing
08:09:54.977327,2,154,6,29,4426.938,605.969,169.9375,,,,0.161241,0.114204,-0.011020,,,capture
08:09:55.946454,2,155,7,29,4426.781,592.000,170.0938,0.233,1.110,1.134,0.161241,0.114204,-0.011020,,,landing
08:09:55.974347,2,155,7,29,4426.781,592.000,170.0938,,,,0.161241,0.114204,-0.011020,,,capture
08:10:03.529328,2,156,8,29,4426.750,578.000,170.6250,,,,0.161069,0.114188,-0.011010,170.6250,70.2,periodic_af
08:10:04.121845,2,156,8,29,4426.750,578.000,170.6250,-0.191,0.961,0.979,0.161069,0.114188,-0.011010,,,landing
08:10:04.152735,2,156,8,29,4426.750,578.000,170.6250,,,,0.161069,0.114188,-0.011010,,,capture
08:10:05.252615,2,157,9,29,4426.281,563.969,170.7812,-0.015,1.130,1.130,0.161069,0.114188,-0.011010,,,landing
08:10:05.278836,2,157,9,29,4426.281,563.969,170.7812,,,,0.161069,0.114188,-0.011010,,,capture
08:10:06.220802,2,158,10,29,4426.000,550.156,170.9375,0.046,0.937,0.938,0.161069,0.114188,-0.011010,,,landing
08:10:06.243199,2,158,10,29,4426.000,550.156,170.9375,,,,0.161069,0.114188,-0.011010,,,capture
08:10:13.823196,2,159,11,29,4425.781,536.031,171.2188,,,,0.160904,0.114203,-0.010999,171.2188,80.0,periodic_af
08:10:14.462365,2,159,11,29,4425.781,536.031,171.2500,-0.001,0.651,0.651,0.160904,0.114203,-0.010999,,,landing
08:10:14.478873,2,159,11,29,4425.781,536.031,171.2500,,,,0.160904,0.114203,-0.010999,,,capture
08:10:15.509808,2,160,12,29,4425.500,521.781,171.4062,0.052,0.191,0.198,0.160904,0.114203,-0.010999,,,landing
08:10:15.536018,2,160,12,29,4425.500,521.781,171.4062,,,,0.160904,0.114203,-0.010999,,,capture
08:10:16.423893,2,161,13,29,4425.281,507.156,171.5625,0.043,-0.080,0.091,0.160904,0.114203,-0.010999,,,landing
08:10:16.449236,2,161,13,29,4425.281,507.156,171.5625,,,,0.160904,0.114203,-0.010999,,,capture
08:10:24.126614,2,162,14,29,4425.062,491.906,171.4688,,,,0.160751,0.114233,-0.010987,171.4688,91.6,periodic_af
08:10:24.767185,2,162,14,29,4425.062,491.906,171.4688,0.081,0.195,0.211,0.160751,0.114233,-0.010987,,,landing
08:10:24.795130,2,162,14,29,4425.062,491.906,171.4688,,,,0.160751,0.114233,-0.010987,,,capture
08:10:25.862172,2,163,15,29,4424.875,477.438,171.6250,0.021,-0.180,0.181,0.160751,0.114233,-0.010987,,,landing
08:10:25.874712,2,163,15,29,4424.875,477.438,171.6250,,,,0.160751,0.114233,-0.010987,,,capture
08:10:26.972972,2,164,16,29,4424.625,462.344,171.7812,0.199,0.637,0.668,0.160751,0.114233,-0.010987,,,landing
08:10:26.992900,2,164,16,29,4424.625,462.344,171.7812,,,,0.160751,0.114233,-0.010987,,,capture
08:10:34.854222,2,165,17,29,4424.562,447.969,171.9062,,,,0.160613,0.114273,-0.010975,171.9062,100.4,periodic_af
08:10:35.374185,2,165,17,29,4424.562,447.969,171.8750,-0.255,0.570,0.625,0.160613,0.114273,-0.010975,,,landing
08:10:35.404888,2,165,17,29,4424.562,447.969,171.8750,,,,0.160613,0.114273,-0.010975,,,capture
08:10:36.472335,2,166,18,29,4424.031,433.406,172.0312,0.293,1.394,1.424,0.160613,0.114273,-0.010975,,,landing
08:10:36.484800,2,166,18,29,4424.031,433.406,172.0312,,,,0.160613,0.114273,-0.010975,,,capture
08:10:37.458815,2,167,19,29,4424.062,419.812,172.1875,-0.146,0.904,0.915,0.160613,0.114273,-0.010975,,,landing
08:10:37.471865,2,167,19,29,4424.062,419.812,172.1875,,,,0.160613,0.114273,-0.010975,,,capture
08:10:45.361069,2,168,20,29,4423.656,405.938,172.4062,,,,0.160493,0.114330,-0.010963,172.4062,100.3,periodic_af
08:10:45.920711,2,168,20,29,4423.656,405.938,172.2500,-0.123,1.116,1.122,0.160493,0.114330,-0.010963,,,landing
08:10:45.946420,2,168,20,29,4423.656,405.938,172.2500,,,,0.160493,0.114330,-0.010963,,,capture
08:10:46.960198,2,169,21,29,4423.250,392.094,172.4062,0.103,1.220,1.225,0.160493,0.114330,-0.010963,,,landing
08:10:46.972694,2,169,21,29,4423.250,392.094,172.4062,,,,0.160493,0.114330,-0.010963,,,capture
08:10:48.066701,2,170,22,29,4423.062,378.312,172.5625,0.059,1.357,1.358,0.160493,0.114330,-0.010963,,,landing
08:10:48.078252,2,170,22,29,4423.062,378.312,172.5625,,,,0.160493,0.114330,-0.010963,,,capture
08:10:55.618002,2,171,23,29,4422.844,364.750,172.5000,,,,0.160376,0.114379,-0.010951,172.5000,96.3,periodic_af
08:10:56.255580,2,171,23,29,4422.844,364.750,172.5000,0.363,1.872,1.907,0.160376,0.114379,-0.010951,,,landing
08:10:56.277387,2,171,23,29,4422.844,364.750,172.5000,,,,0.160376,0.114379,-0.010951,,,capture
08:10:57.374949,2,172,24,29,4423.312,351.844,172.6562,-0.169,0.569,0.594,0.160376,0.114379,-0.010951,,,landing
08:10:57.401560,2,172,24,29,4423.312,351.844,172.6562,,,,0.160376,0.114379,-0.010951,,,capture
08:10:58.322053,2,173,25,29,4423.219,337.938,172.8125,-0.326,0.091,0.339,0.160376,0.114379,-0.010951,,,landing
08:10:58.351463,2,173,25,29,4423.219,337.938,172.8125,,,,0.160376,0.114379,-0.010951,,,capture
08:11:05.905742,2,174,26,29,4422.969,323.344,173.3750,,,,0.160270,0.114426,-0.010937,173.3750,110.0,periodic_af
08:11:06.550433,2,174,26,29,4422.969,323.344,173.3750,-0.429,0.206,0.475,0.160270,0.114426,-0.010937,,,landing
08:11:06.572013,2,174,26,29,4422.969,323.344,173.3750,,,,0.160270,0.114426,-0.010937,,,capture
08:11:07.649110,2,175,27,29,4422.625,309.156,173.5312,-0.325,-0.290,0.436,0.160270,0.114426,-0.010937,,,landing
08:11:07.663948,2,175,27,29,4422.625,309.156,173.5312,,,,0.160270,0.114426,-0.010937,,,capture
08:11:08.761595,2,176,28,29,4422.375,294.312,173.6875,-0.190,-0.020,0.192,0.160270,0.114426,-0.010937,,,landing
08:11:08.773497,2,176,28,29,4422.375,294.312,173.6875,,,,0.160270,0.114426,-0.010937,,,capture
08:11:16.329023,2,177,29,29,4421.844,279.344,173.6562,,,,0.160168,0.114470,-0.010922,173.6562,95.1,periodic_af
08:11:16.959905,2,177,29,29,4421.844,279.344,173.6875,-0.119,0.014,0.120,0.160168,0.114470,-0.010922,,,landing
08:11:16.982018,2,177,29,29,4421.844,279.344,173.6875,,,,0.160168,0.114470,-0.010922,,,capture
08:11:17.957980,2,178,29,28,4411.031,279.312,173.5625,0.024,0.204,0.206,0.160168,0.114470,-0.010922,,,landing
08:11:17.969708,2,178,29,28,4411.031,279.312,173.5625,,,,0.160168,0.114470,-0.010922,,,capture
08:11:18.810276,2,179,29,27,4400.719,279.875,173.4375,-0.358,-0.031,0.359,0.160168,0.114470,-0.010922,,,landing
08:11:18.830535,2,179,29,27,4400.719,279.875,173.4375,,,,0.160168,0.114470,-0.010922,,,capture
08:11:26.396453,2,180,29,26,4389.656,280.250,173.6562,,,,0.160088,0.114524,-0.010904,173.6562,104.8,periodic_af
08:11:27.047302,2,180,29,26,4389.656,280.250,173.6562,0.089,-0.220,0.237,0.160088,0.114524,-0.010904,,,landing
08:11:27.113470,2,180,29,26,4389.656,280.250,173.6562,,,,0.160088,0.114524,-0.010904,,,capture
08:11:28.067669,2,181,29,25,4379.469,280.406,173.5312,-0.224,-0.040,0.228,0.160088,0.114524,-0.010904,,,landing
08:11:28.094611,2,181,29,25,4379.469,280.406,173.5312,,,,0.160088,0.114524,-0.010904,,,capture
08:11:29.003161,2,182,29,24,4368.406,280.344,173.4062,0.091,-0.101,0.136,0.160088,0.114524,-0.010904,,,landing
08:11:29.029727,2,182,29,24,4368.406,280.344,173.4062,,,,0.160088,0.114524,-0.010904,,,capture
08:11:36.738930,2,183,29,23,4358.219,280.625,173.1562,,,,0.160026,0.114583,-0.010886,173.1562,93.8,periodic_af
08:11:37.391998,2,183,29,23,4358.219,280.625,173.1250,-0.298,-0.010,0.298,0.160026,0.114583,-0.010886,,,landing
08:11:37.411263,2,183,29,23,4358.219,280.625,173.1250,,,,0.160026,0.114583,-0.010886,,,capture
08:11:38.315927,2,184,29,22,4347.125,280.594,173.0000,-0.077,-0.103,0.129,0.160026,0.114583,-0.010886,,,landing
08:11:38.344901,2,184,29,22,4347.125,280.594,173.0000,,,,0.160026,0.114583,-0.010886,,,capture
08:11:39.354425,2,185,29,21,4336.125,280.469,172.8750,0.210,0.088,0.228,0.160026,0.114583,-0.010886,,,landing
08:11:39.367627,2,185,29,21,4336.125,280.469,172.8750,,,,0.160026,0.114583,-0.010886,,,capture
08:11:47.105827,2,186,29,20,4325.500,280.531,172.6875,,,,0.159982,0.114643,-0.010866,172.6875,80.3,periodic_af
08:11:47.771056,2,186,29,20,4325.500,280.531,172.3125,0.195,0.195,0.275,0.159982,0.114643,-0.010866,,,landing
08:11:47.801901,2,186,29,20,4325.500,280.531,172.3125,,,,0.159982,0.114643,-0.010866,,,capture
08:11:48.614382,2,187,29,19,4315.156,280.688,172.1875,-0.051,0.207,0.213,0.159982,0.114643,-0.010866,,,landing
08:11:48.637741,2,187,29,19,4315.156,280.688,172.1875,,,,0.159982,0.114643,-0.010866,,,capture
08:11:49.541167,2,188,29,18,4304.250,280.875,172.0625,0.164,0.169,0.235,0.159982,0.114643,-0.010866,,,landing
08:11:49.563613,2,188,29,18,4304.250,280.875,172.0625,,,,0.159982,0.114643,-0.010866,,,capture
08:11:56.938499,2,189,29,17,4293.594,281.000,172.3438,,,,0.159955,0.114702,-0.010847,172.3438,71.6,periodic_af
08:11:57.518358,2,189,29,17,4293.594,281.000,172.3438,0.201,0.137,0.243,0.159955,0.114702,-0.010847,,,landing
08:11:57.543603,2,189,29,17,4293.594,281.000,172.3438,,,,0.159955,0.114702,-0.010847,,,capture
08:11:58.538284,2,190,29,16,4283.188,281.125,172.2188,0.093,0.081,0.123,0.159955,0.114702,-0.010847,,,landing
08:11:58.565571,2,190,29,16,4283.188,281.125,172.2188,,,,0.159955,0.114702,-0.010847,,,capture
08:11:59.557328,2,191,29,15,4272.406,281.188,172.0938,0.197,0.130,0.236,0.159955,0.114702,-0.010847,,,landing
08:11:59.569074,2,191,29,15,4272.406,281.188,172.0938,,,,0.159955,0.114702,-0.010847,,,capture
08:12:07.260255,2,192,29,14,4261.906,281.281,172.2188,,,,0.159964,0.114744,-0.010827,172.2188,102.7,periodic_af
08:12:07.895371,2,192,29,14,4261.906,281.281,172.2188,0.118,0.168,0.206,0.159964,0.114744,-0.010827,,,landing
08:12:07.913192,2,192,29,14,4261.906,281.281,172.2188,,,,0.159964,0.114744,-0.010827,,,capture
08:12:08.847287,2,193,29,13,4251.125,281.438,172.0938,0.016,-0.009,0.018,0.159964,0.114744,-0.010827,,,landing
08:12:08.876578,2,193,29,13,4251.125,281.438,172.0938,,,,0.159964,0.114744,-0.010827,,,capture
08:12:09.858121,2,194,29,12,4240.281,281.406,171.9688,0.366,0.116,0.385,0.159964,0.114744,-0.010827,,,landing
08:12:09.870682,2,194,29,12,4240.281,281.406,171.9688,,,,0.159964,0.114744,-0.010827,,,capture
08:12:17.599960,2,195,29,11,4229.656,281.500,171.5000,,,,0.160004,0.114753,-0.010809,171.5000,106.2,periodic_af
08:12:18.289647,2,195,29,11,4229.656,281.500,170.6562,0.434,0.069,0.440,0.160004,0.114753,-0.010809,,,landing
08:12:18.319061,2,195,29,11,4229.656,281.500,170.6562,,,,0.160004,0.114753,-0.010809,,,capture
08:12:19.381311,2,196,29,10,4219.188,281.562,170.5312,0.384,0.044,0.387,0.160004,0.114753,-0.010809,,,landing
08:12:19.401263,2,196,29,10,4219.188,281.562,170.5312,,,,0.160004,0.114753,-0.010809,,,capture
08:12:20.488947,2,197,29,9,4208.438,281.625,170.4062,0.481,0.085,0.489,0.160004,0.114753,-0.010809,,,landing
08:12:20.517510,2,197,29,9,4208.438,281.625,170.4062,,,,0.160004,0.114753,-0.010809,,,capture
08:12:28.009600,2,198,29,8,4198.250,281.688,170.7188,,,,0.160040,0.114757,-0.010792,170.7188,85.8,periodic_af
08:12:28.728186,2,198,29,8,4198.250,281.688,170.7188,0.063,0.107,0.124,0.160040,0.114757,-0.010792,,,landing
08:12:28.758909,2,198,29,8,4198.250,281.688,170.7188,,,,0.160040,0.114757,-0.010792,,,capture
08:12:29.723379,2,199,29,7,4187.469,281.750,170.5938,0.195,0.125,0.232,0.160040,0.114757,-0.010792,,,landing
08:12:29.755505,2,199,29,7,4187.469,281.750,170.5938,,,,0.160040,0.114757,-0.010792,,,capture
08:12:30.748705,2,200,29,6,4176.781,281.875,170.4688,0.246,0.118,0.273,0.160040,0.114757,-0.010792,,,landing
08:12:30.761288,2,200,29,6,4176.781,281.875,170.4688,,,,0.160040,0.114757,-0.010792,,,capture
08:12:38.423745,2,201,29,5,4166.219,281.969,170.3125,,,,0.160065,0.114774,-0.010777,170.3125,96.8,periodic_af
08:12:39.061294,2,201,29,5,4166.219,281.969,170.3438,0.263,0.104,0.283,0.160065,0.114774,-0.010777,,,landing
08:12:39.079231,2,201,29,5,4166.219,281.969,170.3438,,,,0.160065,0.114774,-0.010777,,,capture
08:12:40.057725,2,202,29,4,4155.812,282.031,170.2188,-0.056,0.139,0.150,0.160065,0.114774,-0.010777,,,landing
08:12:40.070926,2,202,29,4,4155.812,282.031,170.2188,,,,0.160065,0.114774,-0.010777,,,capture
08:12:40.892239,2,203,29,3,4145.219,282.156,170.0938,-0.141,0.167,0.218,0.160065,0.114774,-0.010777,,,landing
08:12:40.904493,2,203,29,3,4145.219,282.156,170.0938,,,,0.160065,0.114774,-0.010777,,,capture
08:12:48.429126,2,204,29,2,4134.625,282.312,170.3438,,,,0.160100,0.114787,-0.010761,170.3438,67.3,periodic_af
08:12:49.016162,2,204,29,2,4134.625,282.312,170.3438,0.005,0.332,0.332,0.160100,0.114787,-0.010761,,,landing
08:12:49.079757,2,204,29,2,4134.625,282.312,170.3438,,,,0.160100,0.114787,-0.010761,,,capture
08:12:50.057946,2,205,29,1,4123.906,282.625,170.2188,0.074,0.102,0.126,0.160100,0.114787,-0.010761,,,landing
08:12:50.069863,2,205,29,1,4123.906,282.625,170.2188,,,,0.160100,0.114787,-0.010761,,,capture
08:12:51.064984,2,206,28,1,4123.906,297.312,170.0625,-0.087,1.273,1.276,0.160100,0.114787,-0.010761,,,landing
08:12:51.078009,2,206,28,1,4123.906,297.312,170.0625,,,,0.160100,0.114787,-0.010761,,,capture
08:12:58.541499,2,207,27,1,4124.156,313.094,169.9688,,,,0.160146,0.114777,-0.010746,169.9688,56.3,periodic_af
08:12:59.171198,2,207,27,1,4124.156,313.094,169.9688,0.630,2.664,2.738,0.160146,0.114777,-0.010746,,,landing
08:12:59.835891,2,207,27,1,4125.031,315.750,169.9688,,,,0.160146,0.114777,-0.010746,,,capture
08:13:00.852992,2,208,26,1,4124.656,330.281,169.8125,0.246,4.634,4.640,0.160146,0.114777,-0.010746,,,landing
08:13:01.539812,2,208,26,1,4124.906,334.938,169.8125,,,,0.160146,0.114777,-0.010746,,,capture
08:13:02.558601,2,209,25,1,4124.812,349.688,169.6562,0.223,-0.375,0.436,0.160146,0.114777,-0.010746,,,landing
08:13:02.571637,2,209,25,1,4124.812,349.688,169.6562,,,,0.160146,0.114777,-0.010746,,,capture
08:13:10.126060,2,210,24,1,4124.969,363.219,169.1562,,,,0.160185,0.114761,-0.010731,169.1562,84.7,periodic_af
08:13:10.760324,2,210,24,1,4124.969,363.219,169.1562,0.226,-0.129,0.260,0.160185,0.114761,-0.010731,,,landing
08:13:10.780522,2,210,24,1,4124.969,363.219,169.1562,,,,0.160185,0.114761,-0.010731,,,capture
08:13:11.853062,2,211,23,1,4125.531,377.719,169.0000,0.149,-0.560,0.580,0.160185,0.114761,-0.010731,,,landing
08:13:11.866159,2,211,23,1,4125.531,377.719,169.0000,,,,0.160185,0.114761,-0.010731,,,capture
08:13:12.889629,2,212,22,1,4125.625,391.062,168.8438,0.318,-0.129,0.344,0.160185,0.114761,-0.010731,,,landing
08:13:12.900629,2,212,22,1,4125.625,391.062,168.8438,,,,0.160185,0.114761,-0.010731,,,capture
08:13:20.524307,2,213,21,1,4125.844,405.031,168.2188,,,,0.160209,0.114762,-0.010719,168.2188,80.0,periodic_af
08:13:21.151537,2,213,21,1,4125.844,405.031,168.2188,0.453,-0.336,0.564,0.160209,0.114762,-0.010719,,,landing
08:13:21.171548,2,213,21,1,4125.844,405.031,168.2188,,,,0.160209,0.114762,-0.010719,,,capture
08:13:22.371718,2,214,20,1,4126.219,418.719,168.0312,0.326,-0.015,0.327,0.160209,0.114762,-0.010719,,,landing
08:13:22.384649,2,214,20,1,4126.219,418.719,168.0312,,,,0.160209,0.114762,-0.010719,,,capture
08:13:23.464635,2,215,19,1,4126.438,432.750,167.8750,0.346,0.060,0.351,0.160209,0.114762,-0.010719,,,landing
08:13:23.490634,2,215,19,1,4126.438,432.750,167.8750,,,,0.160209,0.114762,-0.010719,,,capture
08:13:31.228010,2,216,18,1,4126.688,446.812,167.8438,,,,0.160228,0.114774,-0.010708,167.8438,57.0,periodic_af
08:13:31.863139,2,216,18,1,4126.688,446.812,167.8438,0.430,0.125,0.448,0.160228,0.114774,-0.010708,,,landing
08:13:31.881284,2,216,18,1,4126.688,446.812,167.8438,,,,0.160228,0.114774,-0.010708,,,capture
08:13:32.854965,2,217,17,1,4127.406,461.281,167.6875,-0.307,0.014,0.308,0.160228,0.114774,-0.010708,,,landing
08:13:32.866878,2,217,17,1,4127.406,461.281,167.6875,,,,0.160228,0.114774,-0.010708,,,capture
08:13:33.955963,2,218,16,1,4127.438,475.844,167.5312,-0.128,0.278,0.306,0.160228,0.114774,-0.010708,,,landing
08:13:33.967944,2,218,16,1,4127.438,475.844,167.5312,,,,0.160228,0.114774,-0.010708,,,capture
08:13:41.835503,2,219,15,1,4127.625,490.719,167.5938,,,,0.160245,0.114785,-0.010698,167.5938,78.1,periodic_af
08:13:42.456385,2,219,15,1,4127.625,490.719,167.5938,-0.078,0.119,0.142,0.160245,0.114785,-0.010698,,,landing
08:13:42.479163,2,219,15,1,4127.625,490.719,167.5938,,,,0.160245,0.114785,-0.010698,,,capture
08:13:43.548302,2,220,14,1,4127.875,505.844,167.4375,0.112,-0.034,0.117,0.160245,0.114785,-0.010698,,,landing
08:13:43.562374,2,220,14,1,4127.875,505.844,167.4375,,,,0.160245,0.114785,-0.010698,,,capture
08:13:44.657099,2,221,13,1,4127.906,519.812,167.2812,0.060,0.382,0.387,0.160245,0.114785,-0.010698,,,landing
08:13:44.669789,2,221,13,1,4127.906,519.812,167.2812,,,,0.160245,0.114785,-0.010698,,,capture
08:13:52.659200,2,222,12,1,4128.281,534.875,167.3438,,,,0.160253,0.114783,-0.010688,167.3438,77.6,periodic_af
08:13:53.219752,2,222,12,1,4128.281,534.875,167.3125,0.090,0.196,0.216,0.160253,0.114783,-0.010688,,,landing
08:13:53.248472,2,222,12,1,4128.281,534.875,167.3125,,,,0.160253,0.114783,-0.010688,,,capture
08:13:54.249804,2,223,11,1,4128.281,549.438,167.1562,0.293,0.084,0.304,0.160253,0.114783,-0.010688,,,landing
08:13:54.262105,2,223,11,1,4128.281,549.438,167.1562,,,,0.160253,0.114783,-0.010688,,,capture
08:13:55.357655,2,224,10,1,4128.500,563.562,167.0000,0.284,0.030,0.286,0.160253,0.114783,-0.010688,,,landing
08:13:55.380773,2,224,10,1,4128.500,563.562,167.0000,,,,0.160253,0.114783,-0.010688,,,capture
08:14:02.798233,2,225,9,1,4128.688,577.531,166.6250,,,,0.160253,0.114782,-0.010679,166.6250,73.3,periodic_af
08:14:03.469274,2,225,9,1,4128.688,577.531,166.6562,0.373,-0.128,0.394,0.160253,0.114782,-0.010679,,,landing
08:14:03.498580,2,225,9,1,4128.688,577.531,166.6562,,,,0.160253,0.114782,-0.010679,,,capture
08:14:04.419807,2,226,8,1,4128.969,591.344,166.5000,0.318,-0.140,0.347,0.160253,0.114782,-0.010679,,,landing
08:14:04.445874,2,226,8,1,4128.969,591.344,166.5000,,,,0.160253,0.114782,-0.010679,,,capture
08:14:05.300091,2,227,7,1,4129.188,605.125,166.3438,0.351,-0.152,0.383,0.160253,0.114782,-0.010679,,,landing
08:14:05.323051,2,227,7,1,4129.188,605.125,166.3438,,,,0.160253,0.114782,-0.010679,,,capture
08:14:12.827495,2,228,6,1,4129.844,619.438,165.7500,,,,0.160255,0.114799,-0.010672,165.7500,74.3,periodic_af
08:14:13.471452,2,228,6,1,4129.844,619.438,165.7812,0.234,-0.662,0.702,0.160255,0.114799,-0.010672,,,landing
08:14:13.500202,2,228,6,1,4129.844,619.438,165.7812,,,,0.160255,0.114799,-0.010672,,,capture
08:14:14.420521,2,229,5,1,4130.406,633.469,165.5938,-0.136,-0.884,0.894,0.160255,0.114799,-0.010672,,,landing
08:14:14.442325,2,229,5,1,4130.406,633.469,165.5938,,,,0.160255,0.114799,-0.010672,,,capture
08:14:15.451910,2,230,4,1,4130.594,647.281,165.4062,-0.255,-0.892,0.928,0.160255,0.114799,-0.010672,,,landing
08:14:15.465812,2,230,4,1,4130.594,647.281,165.4062,,,,0.160255,0.114799,-0.010672,,,capture
08:14:23.190318,2,231,3,1,4130.281,660.938,165.4375,,,,0.160265,0.114813,-0.010665,165.4375,72.6,periodic_af
08:14:23.759023,2,231,3,1,4130.281,660.938,165.4062,0.171,-0.389,0.425,0.160265,0.114813,-0.010665,,,landing
08:14:23.791823,2,231,3,1,4130.281,660.938,165.4062,,,,0.160265,0.114813,-0.010665,,,capture
08:14:24.857595,2,232,2,1,4130.375,674.594,165.2188,0.352,0.612,0.706,0.160265,0.114813,-0.010665,,,landing
08:14:24.870492,2,232,2,1,4130.375,674.594,165.2188,,,,0.160265,0.114813,-0.010665,,,capture
08:14:25.864413,2,233,2,2,4141.219,675.156,165.3125,0.252,-0.070,0.262,0.160265,0.114813,-0.010665,,,landing
08:14:25.875993,2,233,2,2,4141.219,675.156,165.3125,,,,0.160265,0.114813,-0.010665,,,capture
08:14:33.251315,2,234,2,3,4152.125,675.062,165.4375,,,,0.160289,0.114813,-0.010657,165.4375,71.6,periodic_af
08:14:33.803659,2,234,2,3,4152.125,675.062,165.3125,-0.031,-0.261,0.263,0.160289,0.114813,-0.010657,,,landing
08:14:33.836365,2,234,2,3,4152.125,675.062,165.3125,,,,0.160289,0.114813,-0.010657,,,capture
08:14:34.852781,2,235,2,4,4162.844,674.812,165.4062,-0.036,-0.331,0.332,0.160289,0.114813,-0.010657,,,landing
08:14:34.865032,2,235,2,4,4162.844,674.812,165.4062,,,,0.160289,0.114813,-0.010657,,,capture
08:14:35.840134,2,236,2,5,4173.438,674.500,165.5000,0.006,-0.285,0.285,0.160289,0.114813,-0.010657,,,landing
08:14:35.850846,2,236,2,5,4173.438,674.500,165.5000,,,,0.160289,0.114813,-0.010657,,,capture
08:14:43.284967,2,237,2,6,4184.156,674.250,165.7500,,,,0.160317,0.114810,-0.010649,165.7500,93.5,periodic_af
08:14:43.907978,2,237,2,6,4184.156,674.250,165.6875,-0.100,-0.167,0.194,0.160317,0.114810,-0.010649,,,landing
08:14:43.979988,2,237,2,6,4184.156,674.250,165.6875,,,,0.160317,0.114810,-0.010649,,,capture
08:14:44.943055,2,238,2,7,4195.000,674.125,165.7812,-0.066,0.071,0.097,0.160317,0.114810,-0.010649,,,landing
08:14:44.979429,2,238,2,7,4195.000,674.125,165.7812,,,,0.160317,0.114810,-0.010649,,,capture
08:14:45.939689,2,239,2,8,4205.250,673.781,165.8750,0.109,-0.025,0.111,0.160317,0.114810,-0.010649,,,landing
08:14:45.951137,2,239,2,8,4205.250,673.781,165.8750,,,,0.160317,0.114810,-0.010649,,,capture
08:14:53.672293,2,240,2,9,4215.812,673.781,166.2188,,,,0.160342,0.114803,-0.010641,166.2188,73.0,periodic_af
08:14:54.264114,2,240,2,9,4215.812,673.781,166.1875,0.088,-0.081,0.120,0.160342,0.114803,-0.010641,,,landing
08:14:54.280919,2,240,2,9,4215.812,673.781,166.1875,,,,0.160342,0.114803,-0.010641,,,capture
08:14:55.259781,2,241,2,10,4226.469,673.719,166.2812,0.058,-0.106,0.121,0.160342,0.114803,-0.010641,,,landing
08:14:55.272243,2,241,2,10,4226.469,673.719,166.2812,,,,0.160342,0.114803,-0.010641,,,capture
08:14:56.223437,2,242,2,11,4237.156,673.656,166.3750,-0.100,-0.043,0.109,0.160342,0.114803,-0.010641,,,landing
08:14:56.246645,2,242,2,11,4237.156,673.656,166.3750,,,,0.160342,0.114803,-0.010641,,,capture
08:15:04.006210,2,243,2,12,4247.875,673.656,166.7188,,,,0.160358,0.114796,-0.010633,166.7188,86.0,periodic_af
08:15:04.654612,2,243,2,12,4247.875,673.656,166.7812,-0.225,-0.152,0.271,0.160358,0.114796,-0.010633,,,landing
08:15:04.671931,2,243,2,12,4247.875,673.656,166.7812,,,,0.160358,0.114796,-0.010633,,,capture
08:15:05.651602,2,244,2,13,4258.312,673.531,166.8750,-0.024,-0.130,0.132,0.160358,0.114796,-0.010633,,,landing
08:15:05.663891,2,244,2,13,4258.312,673.531,166.8750,,,,0.160358,0.114796,-0.010633,,,capture
08:15:06.695783,2,245,2,14,4269.031,673.438,166.9688,-0.075,-0.157,0.174,0.160358,0.114796,-0.010633,,,landing
08:15:06.725527,2,245,2,14,4269.031,673.438,166.9688,,,,0.160358,0.114796,-0.010633,,,capture
08:15:14.510703,2,246,2,15,4279.844,673.312,166.8750,,,,0.160375,0.114794,-0.010626,166.8750,93.4,periodic_af
08:15:15.156757,2,246,2,15,4279.844,673.312,166.7500,-0.305,-0.171,0.350,0.160375,0.114794,-0.010626,,,landing
08:15:15.180462,2,246,2,15,4279.844,673.312,166.7500,,,,0.160375,0.114794,-0.010626,,,capture
08:15:16.148511,2,247,2,16,4290.000,673.156,166.8438,0.115,-0.149,0.188,0.160375,0.114794,-0.010626,,,landing
08:15:16.161188,2,247,2,16,4290.000,673.156,166.8438,,,,0.160375,0.114794,-0.010626,,,capture
08:15:17.154661,2,248,2,17,4300.094,672.625,166.9375,0.216,-0.218,0.307,0.160375,0.114794,-0.010626,,,landing
08:15:17.167051,2,248,2,17,4300.094,672.625,166.9375,,,,0.160375,0.114794,-0.010626,,,capture
08:15:24.993347,2,249,2,18,4310.688,671.906,167.1562,,,,0.160393,0.114796,-0.010619,167.1562,97.5,periodic_af
08:15:25.659362,2,249,2,18,4310.688,671.906,167.1875,0.427,0.446,0.618,0.160393,0.114796,-0.010619,,,landing
08:15:25.679353,2,249,2,18,4310.688,671.906,167.1875,,,,0.160393,0.114796,-0.010619,,,capture
08:15:26.760039,2,250,2,19,4321.344,671.844,167.2812,0.363,0.481,0.603,0.160393,0.114796,-0.010619,,,landing
08:15:26.772772,2,250,2,19,4321.344,671.844,167.2812,,,,0.160393,0.114796,-0.010619,,,capture
08:15:27.752661,2,251,2,20,4332.031,671.844,167.3750,0.146,0.142,0.204,0.160393,0.114796,-0.010619,,,landing
08:15:27.764827,2,251,2,20,4332.031,671.844,167.3750,,,,0.160393,0.114796,-0.010619,,,capture
08:15:35.320512,2,252,2,21,4342.531,671.500,167.2812,,,,0.160428,0.114799,-0.010615,167.2812,74.9,periodic_af
08:15:35.974721,2,252,2,21,4342.531,671.500,166.8438,0.417,0.576,0.711,0.160428,0.114799,-0.010615,,,landing
08:15:36.004909,2,252,2,21,4342.531,671.500,166.8438,,,,0.160428,0.114799,-0.010615,,,capture
08:15:36.979240,2,253,2,22,4353.000,671.594,166.9375,0.715,0.382,0.811,0.160428,0.114799,-0.010615,,,landing
08:15:37.003409,2,253,2,22,4353.000,671.594,166.9375,,,,0.160428,0.114799,-0.010615,,,capture
08:15:37.976984,2,254,2,23,4364.062,671.500,167.0312,0.316,0.361,0.480,0.160428,0.114799,-0.010615,,,landing
08:15:38.001169,2,254,2,23,4364.062,671.500,167.0312,,,,0.160428,0.114799,-0.010615,,,capture
08:15:45.505687,2,255,2,24,4374.281,671.375,167.5000,,,,0.160475,0.114793,-0.010611,167.5000,64.8,periodic_af
08:15:46.168301,2,255,2,24,4374.281,671.375,167.5000,0.559,0.094,0.567,0.160475,0.114793,-0.010611,,,landing
08:15:46.198999,2,255,2,24,4374.281,671.375,167.5000,,,,0.160475,0.114793,-0.010611,,,capture
08:15:47.206555,2,256,2,25,4385.188,670.969,167.5938,0.287,0.351,0.453,0.160475,0.114793,-0.010611,,,landing
08:15:47.231449,2,256,2,25,4385.188,670.969,167.5938,,,,0.160475,0.114793,-0.010611,,,capture
08:15:48.132879,2,257,2,26,4395.812,670.844,167.6875,0.317,0.383,0.497,0.160475,0.114793,-0.010611,,,landing
08:15:48.159864,2,257,2,26,4395.812,670.844,167.6875,,,,0.160475,0.114793,-0.010611,,,capture
08:15:55.775804,2,258,2,27,4406.344,670.750,167.8438,,,,0.160519,0.114780,-0.010607,167.8438,73.9,periodic_af
08:15:56.317876,2,258,2,27,4406.344,670.750,167.8125,0.599,0.549,0.813,0.160519,0.114780,-0.010607,,,landing
08:15:56.345563,2,258,2,27,4406.344,670.750,167.8125,,,,0.160519,0.114780,-0.010607,,,capture
08:15:57.362249,2,259,2,28,4416.719,670.812,167.9062,0.912,0.415,1.002,0.160519,0.114780,-0.010607,,,landing
08:15:57.374144,2,259,2,28,4416.719,670.812,167.9062,,,,0.160519,0.114780,-0.010607,,,capture
08:15:58.313438,2,260,3,28,4417.719,656.781,168.0625,-0.331,-5.607,5.617,0.160519,0.114780,-0.010607,,,landing
08:15:59.099245,2,260,3,28,4417.375,651.094,168.0625,,,,0.160519,0.114780,-0.010607,,,capture
08:16:06.892996,2,261,4,28,4417.250,636.312,168.4375,,,,0.160557,0.114770,-0.010604,168.4375,84.5,periodic_af
08:16:07.411819,2,261,4,28,4417.250,636.312,168.4688,-0.406,0.010,0.406,0.160557,0.114770,-0.010604,,,landing
08:16:07.440741,2,261,4,28,4417.250,636.312,168.4688,,,,0.160557,0.114770,-0.010604,,,capture
08:16:08.666809,2,262,5,28,4416.531,621.406,168.6250,-0.009,1.296,1.296,0.160557,0.114770,-0.010604,,,landing
08:16:08.702972,2,262,5,28,4416.531,621.406,168.6250,,,,0.160557,0.114770,-0.010604,,,capture
08:16:09.707693,2,263,6,28,4416.219,607.812,168.7812,0.086,1.073,1.077,0.160557,0.114770,-0.010604,,,landing
08:16:09.731362,2,263,6,28,4416.219,607.812,168.7812,,,,0.160557,0.114770,-0.010604,,,capture
08:16:17.219938,2,264,7,28,4416.000,594.094,169.1562,,,,0.160571,0.114788,-0.010598,169.1562,92.4,periodic_af
08:16:17.756436,2,264,7,28,4416.000,594.094,169.1562,0.015,0.388,0.388,0.160571,0.114788,-0.010598,,,landing
08:16:17.786945,2,264,7,28,4416.000,594.094,169.1562,,,,0.160571,0.114788,-0.010598,,,capture
08:16:18.722608,2,265,8,28,4415.719,579.500,169.3125,0.107,0.544,0.554,0.160571,0.114788,-0.010598,,,landing
08:16:18.747389,2,265,8,28,4415.719,579.500,169.3125,,,,0.160571,0.114788,-0.010598,,,capture
08:16:19.759458,2,266,9,28,4415.531,565.312,169.4688,0.048,0.938,0.939,0.160571,0.114788,-0.010598,,,landing
08:16:19.771911,2,266,9,28,4415.531,565.312,169.4688,,,,0.160571,0.114788,-0.010598,,,capture
08:16:27.269915,2,267,10,28,4415.281,551.531,169.4062,,,,0.160578,0.114812,-0.010592,169.4062,87.6,periodic_af
08:16:27.877804,2,267,10,28,4415.281,551.531,169.4062,0.086,0.617,0.623,0.160578,0.114812,-0.010592,,,landing
08:16:27.906232,2,267,10,28,4415.281,551.531,169.4062,,,,0.160578,0.114812,-0.010592,,,capture
08:16:28.781901,2,268,11,28,4415.062,537.125,169.5625,0.120,0.526,0.539,0.160578,0.114812,-0.010592,,,landing
08:16:28.801908,2,268,11,28,4415.062,537.125,169.5625,,,,0.160578,0.114812,-0.010592,,,capture
08:16:29.770402,2,269,12,28,4414.875,522.781,169.7188,0.074,0.054,0.092,0.160578,0.114812,-0.010592,,,landing
08:16:29.795134,2,269,12,28,4414.875,522.781,169.7188,,,,0.160578,0.114812,-0.010592,,,capture
08:16:37.270146,2,270,13,28,4414.656,507.875,170.2500,,,,0.160584,0.114855,-0.010585,170.2500,98.1,periodic_af
08:16:37.933445,2,270,13,28,4414.656,507.875,170.2500,0.194,0.245,0.312,0.160584,0.114855,-0.010585,,,landing
08:16:37.956421,2,270,13,28,4414.656,507.875,170.2500,,,,0.160584,0.114855,-0.010585,,,capture
08:16:38.895903,2,271,14,28,4414.938,493.438,170.4062,0.048,0.078,0.092,0.160584,0.114855,-0.010585,,,landing
08:16:38.923517,2,271,14,28,4414.938,493.438,170.4062,,,,0.160584,0.114855,-0.010585,,,capture
08:16:39.968416,2,272,15,28,4415.062,478.875,170.5625,-0.089,-0.004,0.089,0.160584,0.114855,-0.010585,,,landing
08:16:39.994844,2,272,15,28,4415.062,478.875,170.5625,,,,0.160584,0.114855,-0.010585,,,capture
08:16:47.684379,2,273,16,28,4415.031,464.344,170.5000,,,,0.160591,0.114904,-0.010578,170.5000,82.7,periodic_af
08:16:48.208322,2,273,16,28,4415.031,464.344,170.5000,-0.098,-0.230,0.250,0.160591,0.114904,-0.010578,,,landing
08:16:48.233623,2,273,16,28,4415.031,464.344,170.5000,,,,0.160591,0.114904,-0.010578,,,capture
08:16:49.218217,2,274,17,28,4414.625,449.281,170.6562,-0.093,0.143,0.170,0.160591,0.114904,-0.010578,,,landing
08:16:49.244609,2,274,17,28,4414.625,449.281,170.6562,,,,0.160591,0.114904,-0.010578,,,capture
08:16:50.321302,2,275,18,28,4414.219,434.406,170.8125,-0.402,0.507,0.647,0.160591,0.114904,-0.010578,,,landing
08:16:50.347377,2,275,18,28,4414.219,434.406,170.8125,,,,0.160591,0.114904,-0.010578,,,capture
08:16:58.041515,2,276,19,28,4413.531,419.906,170.9375,,,,0.160602,0.114972,-0.010570,170.9375,86.7,periodic_af
08:16:58.650732,2,276,19,28,4413.531,419.906,170.8438,-0.284,1.049,1.087,0.160602,0.114972,-0.010570,,,landing
08:16:58.671077,2,276,19,28,4413.531,419.906,170.8438,,,,0.160602,0.114972,-0.010570,,,capture
08:16:59.858652,2,277,20,28,4413.312,406.438,171.0000,-0.246,0.757,0.796,0.160602,0.114972,-0.010570,,,landing
08:16:59.870590,2,277,20,28,4413.312,406.438,171.0000,,,,0.160602,0.114972,-0.010570,,,capture
08:17:00.959919,2,278,21,28,4413.156,392.625,171.1562,-0.318,0.846,0.904,0.160602,0.114972,-0.010570,,,landing
08:17:00.971891,2,278,21,28,4413.156,392.625,171.1562,,,,0.160602,0.114972,-0.010570,,,capture
08:17:08.569633,2,279,22,28,4412.938,378.969,171.4688,,,,0.160621,0.115049,-0.010561,171.4688,89.7,periodic_af
08:17:09.124417,2,279,22,28,4412.938,378.969,171.6250,-0.377,0.880,0.957,0.160621,0.115049,-0.010561,,,landing
08:17:09.152002,2,279,22,28,4412.938,378.969,171.6250,,,,0.160621,0.115049,-0.010561,,,capture
08:17:10.157831,2,280,23,28,4412.656,365.062,171.7812,-0.390,1.033,1.104,0.160621,0.115049,-0.010561,,,landing
08:17:10.170560,2,280,23,28,4412.656,365.062,171.7812,,,,0.160621,0.115049,-0.010561,,,capture
08:17:11.160087,2,281,24,28,4412.344,351.969,171.9375,-0.117,0.355,0.374,0.160621,0.115049,-0.010561,,,landing
08:17:11.171979,2,281,24,28,4412.344,351.969,171.9375,,,,0.160621,0.115049,-0.010561,,,capture
08:17:18.698225,2,282,25,28,4412.312,337.531,171.8750,,,,0.160642,0.115125,-0.010552,171.8750,99.0,periodic_af
08:17:19.363428,2,282,25,28,4412.312,337.531,171.1562,-0.321,0.438,0.543,0.160642,0.115125,-0.010552,,,landing
08:17:19.488107,2,282,25,28,4412.312,337.531,171.1562,,,,0.160642,0.115125,-0.010552,,,capture
08:17:20.497063,2,283,26,28,4411.531,323.531,171.3125,0.331,-0.124,0.353,0.160642,0.115125,-0.010552,,,landing
08:17:20.522226,2,283,26,28,4411.531,323.531,171.3125,,,,0.160642,0.115125,-0.010552,,,capture
08:17:21.629575,2,284,27,28,4411.438,308.719,171.4688,0.201,-0.098,0.224,0.160642,0.115125,-0.010552,,,landing
08:17:21.641793,2,284,27,28,4411.438,308.719,171.4688,,,,0.160642,0.115125,-0.010552,,,capture
08:17:29.324894,2,285,28,28,4411.219,294.000,172.0625,,,,0.160661,0.115196,-0.010544,172.0625,83.6,periodic_af
08:17:29.919615,2,285,28,28,4411.219,294.000,172.0625,0.021,0.046,0.051,0.160661,0.115196,-0.010544,,,landing
08:17:29.950080,2,285,28,28,4411.219,294.000,172.0625,,,,0.160661,0.115196,-0.010544,,,capture
08:17:30.958586,2,286,28,27,4400.375,294.031,171.9375,0.175,0.093,0.199,0.160661,0.115196,-0.010544,,,landing
08:17:30.970483,2,286,28,27,4400.375,294.031,171.9375,,,,0.160661,0.115196,-0.010544,,,capture
08:17:31.861130,2,287,28,26,4390.062,294.781,171.8125,-0.193,-0.043,0.198,0.160661,0.115196,-0.010544,,,landing
08:17:31.873001,2,287,28,26,4390.062,294.781,171.8125,,,,0.160661,0.115196,-0.010544,,,capture
08:17:39.374755,2,288,28,25,4379.500,295.219,171.6250,,,,0.160673,0.115260,-0.010537,171.6250,97.0,periodic_af
08:17:40.063525,2,288,28,25,4379.500,295.219,171.5938,0.158,0.020,0.159,0.160673,0.115260,-0.010537,,,landing
08:17:40.082233,2,288,28,25,4379.500,295.219,171.5938,,,,0.160673,0.115260,-0.010537,,,capture
08:17:40.926210,2,289,28,24,4369.281,295.750,171.4688,-0.242,-0.386,0.455,0.160673,0.115260,-0.010537,,,landing
08:17:40.945101,2,289,28,24,4369.281,295.750,171.4688,,,,0.160673,0.115260,-0.010537,,,capture
08:17:41.968368,2,290,28,23,4358.688,295.844,171.3438,-0.336,-0.382,0.509,0.160673,0.115260,-0.010537,,,landing
08:17:41.996204,2,290,28,23,4358.688,295.844,171.3438,,,,0.160673,0.115260,-0.010537,,,capture
08:17:49.506449,2,291,28,22,4348.000,295.938,171.6250,,,,0.160703,0.115324,-0.010529,171.6250,99.6,periodic_af
08:17:50.140472,2,291,28,22,4348.000,295.938,171.6250,-0.595,-0.540,0.803,0.160703,0.115324,-0.010529,,,landing
08:17:50.180731,2,291,28,22,4348.000,295.938,171.6250,,,,0.160703,0.115324,-0.010529,,,capture
08:17:51.156860,2,292,28,21,4337.312,295.844,171.5000,-0.618,-0.418,0.747,0.160703,0.115324,-0.010529,,,landing
08:17:51.169392,2,292,28,21,4337.312,295.844,171.5000,,,,0.160703,0.115324,-0.010529,,,capture
08:17:52.165365,2,293,28,20,4326.344,295.875,171.3750,-0.065,-0.172,0.184,0.160703,0.115324,-0.010529,,,landing
08:17:52.195595,2,293,28,20,4326.344,295.875,171.3750,,,,0.160703,0.115324,-0.010529,,,capture
08:17:59.632639,2,294,28,19,4315.531,296.156,171.3125,,,,0.160746,0.115385,-0.010520,171.3125,98.9,periodic_af
08:18:00.286326,2,294,28,19,4315.531,296.156,171.3125,-0.351,-0.545,0.648,0.160746,0.115385,-0.010520,,,landing
08:18:00.312361,2,294,28,19,4315.531,296.156,171.3125,,,,0.160746,0.115385,-0.010520,,,capture
08:18:01.110589,2,295,28,18,4304.625,296.031,171.1875,0.123,-0.282,0.308,0.160746,0.115385,-0.010520,,,landing
08:18:01.121081,2,295,28,18,4304.625,296.031,171.1875,,,,0.160746,0.115385,-0.010520,,,capture
08:18:02.159228,2,296,28,17,4294.406,296.188,171.0625,-0.014,-0.126,0.127,0.160746,0.115385,-0.010520,,,landing
08:18:02.171525,2,296,28,17,4294.406,296.188,171.0625,,,,0.160746,0.115385,-0.010520,,,capture
08:18:09.727507,2,297,28,16,4283.875,296.500,171.3438,,,,0.160813,0.115443,-0.010509,171.3438,96.6,periodic_af
08:18:10.323167,2,297,28,16,4283.875,296.500,171.3438,-0.227,-0.531,0.578,0.160813,0.115443,-0.010509,,,landing
08:18:10.357294,2,297,28,16,4283.875,296.500,171.3438,,,,0.160813,0.115443,-0.010509,,,capture
08:18:11.330576,2,298,28,15,4273.281,296.375,171.2188,-0.113,-0.239,0.264,0.160813,0.115443,-0.010509,,,landing
08:18:11.353048,2,298,28,15,4273.281,296.375,171.2188,,,,0.160813,0.115443,-0.010509,,,capture
08:18:12.206948,2,299,28,14,4262.562,296.562,171.0938,-0.033,-0.217,0.220,0.160813,0.115443,-0.010509,,,landing
08:18:12.233197,2,299,28,14,4262.562,296.562,171.0938,,,,0.160813,0.115443,-0.010509,,,capture
08:18:20.227003,2,300,28,13,4252.000,296.781,170.8438,,,,0.160904,0.115484,-0.010498,170.8438,88.5,periodic_af
08:18:20.860643,2,300,28,13,4252.000,296.781,170.8438,-0.126,-0.311,0.335,0.160904,0.115484,-0.010498,,,landing
08:18:20.885290,2,300,28,13,4252.000,296.781,170.8438,,,,0.160904,0.115484,-0.010498,,,capture
08:18:21.830760,2,301,28,12,4241.812,296.875,170.7188,-0.588,-0.327,0.672,0.160904,0.115484,-0.010498,,,landing
08:18:21.865962,2,301,28,12,4241.812,296.875,170.7188,,,,0.160904,0.115484,-0.010498,,,capture
08:18:22.852405,2,302,28,11,4230.719,296.969,170.5938,0.016,-0.407,0.407,0.160904,0.115484,-0.010498,,,landing
08:18:22.864367,2,302,28,11,4230.719,296.969,170.5938,,,,0.160904,0.115484,-0.010498,,,capture
08:18:30.407121,2,303,28,10,4220.375,296.969,170.0312,,,,0.161002,0.115502,-0.010485,170.0312,87.9,periodic_af
08:18:31.057061,2,303,28,10,4220.375,296.969,170.0000,-0.619,-0.765,0.984,0.161002,0.115502,-0.010485,,,landing
08:18:31.077413,2,303,28,10,4220.375,296.969,170.0000,,,,0.161002,0.115502,-0.010485,,,capture
08:18:32.159075,2,304,28,9,4209.156,296.156,169.8750,-0.003,-0.116,0.116,0.161002,0.115502,-0.010485,,,landing
08:18:32.171546,2,304,28,9,4209.156,296.156,169.8750,,,,0.161002,0.115502,-0.010485,,,capture
08:18:33.010882,2,305,28,8,4198.500,296.000,169.7500,0.029,0.120,0.124,0.161002,0.115502,-0.010485,,,landing
08:18:33.032637,2,305,28,8,4198.500,296.000,169.7500,,,,0.161002,0.115502,-0.010485,,,capture
08:18:40.721158,2,306,28,7,4187.625,296.094,169.7500,,,,0.161104,0.115504,-0.010471,169.7500,74.7,periodic_af
08:18:41.353408,2,306,28,7,4187.625,296.094,169.7500,0.059,0.062,0.086,0.161104,0.115504,-0.010471,,,landing
08:18:41.372716,2,306,28,7,4187.625,296.094,169.7500,,,,0.161104,0.115504,-0.010471,,,capture
08:18:42.311316,2,307,28,6,4176.844,296.125,169.6250,0.182,0.150,0.236,0.161104,0.115504,-0.010471,,,landing
08:18:42.331890,2,307,28,6,4176.844,296.125,169.6250,,,,0.161104,0.115504,-0.010471,,,capture
08:18:43.251435,2,308,28,5,4166.125,296.250,169.5000,0.272,0.187,0.331,0.161104,0.115504,-0.010471,,,landing
08:18:43.263897,2,308,28,5,4166.125,296.250,169.5000,,,,0.161104,0.115504,-0.010471,,,capture
08:18:50.845804,2,309,28,4,4155.625,296.406,169.5000,,,,0.161207,0.115470,-0.010456,169.5000,88.5,periodic_af
08:18:51.432727,2,309,28,4,4155.625,296.406,169.4375,0.102,0.228,0.250,0.161207,0.115470,-0.010456,,,landing
08:18:51.460299,2,309,28,4,4155.625,296.406,169.4375,,,,0.161207,0.115470,-0.010456,,,capture
08:18:52.484727,2,310,28,3,4144.969,296.625,169.3125,0.342,0.303,0.457,0.161207,0.115470,-0.010456,,,landing
08:18:52.509539,2,310,28,3,4144.969,296.625,169.3125,,,,0.161207,0.115470,-0.010456,,,capture
08:18:53.503349,2,311,28,2,4134.562,296.906,169.1875,0.097,0.147,0.176,0.161207,0.115470,-0.010456,,,landing
08:18:53.527844,2,311,28,2,4134.562,296.906,169.1875,,,,0.161207,0.115470,-0.010456,,,capture
08:19:01.253057,2,312,27,2,4134.625,311.188,169.0000,,,,0.161305,0.115417,-0.010439,169.0000,45.8,periodic_af
08:19:01.795345,2,312,27,2,4134.625,311.188,168.9688,0.532,3.343,3.385,0.161305,0.115417,-0.010439,,,landing
08:19:02.575697,2,312,27,2,4135.281,314.344,168.9688,,,,0.161305,0.115417,-0.010439,,,capture
08:19:03.541744,2,313,26,2,4135.031,328.875,168.7812,0.388,5.695,5.708,0.161305,0.115417,-0.010439,,,landing
08:19:04.372944,2,313,26,2,4135.531,334.344,168.7812,,,,0.161305,0.115417,-0.010439,,,capture
08:19:05.457311,2,314,25,2,4135.250,348.969,168.6250,0.215,0.151,0.263,0.161305,0.115417,-0.010439,,,landing
08:19:05.469556,2,314,25,2,4135.250,348.969,168.6250,,,,0.161305,0.115417,-0.010439,,,capture
08:19:13.250282,2,315,24,2,4135.375,363.406,168.0000,,,,0.161385,0.115372,-0.010423,168.0000,85.3,periodic_af
08:19:13.812168,2,315,24,2,4135.375,363.406,168.0000,0.545,-0.279,0.612,0.161385,0.115372,-0.010423,,,landing
08:19:13.834616,2,315,24,2,4135.375,363.406,168.0000,,,,0.161385,0.115372,-0.010423,,,capture
08:19:14.950717,2,316,23,2,4135.875,377.062,167.8438,0.256,-0.216,0.335,0.161385,0.115372,-0.010423,,,landing
08:19:14.963410,2,316,23,2,4135.875,377.062,167.8438,,,,0.161385,0.115372,-0.010423,,,capture
08:19:16.056265,2,317,22,2,4136.031,390.812,167.6875,0.389,-0.223,0.448,0.161385,0.115372,-0.010423,,,landing
08:19:16.068308,2,317,22,2,4136.031,390.812,167.6875,,,,0.161385,0.115372,-0.010423,,,capture
08:19:23.745069,2,318,21,2,4136.344,404.812,167.5938,,,,0.161456,0.115335,-0.010408,167.5938,91.1,periodic_af
08:19:24.317301,2,318,21,2,4136.344,404.812,167.4062,0.363,-0.527,0.640,0.161456,0.115335,-0.010408,,,landing
08:19:24.344147,2,318,21,2,4136.344,404.812,167.4062,,,,0.161456,0.115335,-0.010408,,,capture
08:19:25.361588,2,319,20,2,4136.625,418.219,167.2500,0.313,0.042,0.316,0.161456,0.115335,-0.010408,,,landing
08:19:25.373358,2,319,20,2,4136.625,418.219,167.2500,,,,0.161456,0.115335,-0.010408,,,capture
08:19:26.371684,2,320,19,2,4136.844,432.312,167.0625,0.387,0.050,0.391,0.161456,0.115335,-0.010408,,,landing
08:19:26.406774,2,320,19,2,4136.844,432.312,167.0625,,,,0.161456,0.115335,-0.010408,,,capture
08:19:33.932280,2,321,18,2,4137.156,446.531,167.0000,,,,0.161511,0.115306,-0.010394,167.0000,71.9,periodic_af
08:19:34.512232,2,321,18,2,4137.156,446.531,167.0000,0.406,-0.141,0.429,0.161511,0.115306,-0.010394,,,landing
08:19:34.541991,2,321,18,2,4137.156,446.531,167.0000,,,,0.161511,0.115306,-0.010394,,,capture
08:19:35.555072,2,322,17,2,4137.469,460.500,166.8438,0.004,0.161,0.161,0.161511,0.115306,-0.010394,,,landing
08:19:35.568133,2,322,17,2,4137.469,460.500,166.8438,,,,0.161511,0.115306,-0.010394,,,capture
08:19:36.512622,2,323,16,2,4137.875,475.094,166.6875,-0.166,0.418,0.449,0.161511,0.115306,-0.010394,,,landing
08:19:36.539767,2,323,16,2,4137.875,475.094,166.6875,,,,0.161511,0.115306,-0.010394,,,capture
08:19:44.284571,2,324,15,2,4138.125,489.969,166.4375,,,,0.161544,0.115291,-0.010379,166.4375,87.6,periodic_af
08:19:45.008733,2,324,15,2,4138.125,489.969,166.4062,-0.174,0.363,0.403,0.161544,0.115291,-0.010379,,,landing
08:19:45.039399,2,324,15,2,4138.125,489.969,166.4062,,,,0.161544,0.115291,-0.010379,,,capture
08:19:46.174283,2,325,14,2,4138.344,504.594,166.2500,-0.165,0.369,0.404,0.161544,0.115291,-0.010379,,,landing
08:19:46.200792,2,325,14,2,4138.344,504.594,166.2500,,,,0.161544,0.115291,-0.010379,,,capture
08:19:47.224434,2,326,13,2,4138.594,519.406,166.0625,-0.230,0.278,0.361,0.161544,0.115291,-0.010379,,,landing
08:19:47.248969,2,326,13,2,4138.594,519.406,166.0625,,,,0.161544,0.115291,-0.010379,,,capture
08:19:55.091342,2,327,12,2,4138.750,534.438,166.0625,,,,0.161561,0.115288,-0.010364,166.0625,91.4,periodic_af
08:19:55.779962,2,327,12,2,4138.750,534.438,165.7500,0.070,0.087,0.112,0.161561,0.115288,-0.010364,,,landing
08:19:55.852509,2,327,12,2,4138.750,534.438,165.7500,,,,0.161561,0.115288,-0.010364,,,capture
08:19:56.947034,2,328,11,2,4138.719,548.969,165.5625,0.277,-0.090,0.292,0.161561,0.115288,-0.010364,,,landing
08:19:56.959361,2,328,11,2,4138.719,548.969,165.5625,,,,0.161561,0.115288,-0.010364,,,capture
08:19:57.957129,2,329,10,2,4138.906,562.938,165.3750,0.384,0.009,0.384,0.161561,0.115288,-0.010364,,,landing
08:19:57.969334,2,329,10,2,4138.906,562.938,165.3750,,,,0.161561,0.115288,-0.010364,,,capture
08:20:05.602113,2,330,9,2,4139.188,577.344,165.6250,,,,0.161561,0.115299,-0.010348,165.6250,76.6,periodic_af
08:20:06.286563,2,330,9,2,4139.188,577.344,165.6250,0.402,-0.623,0.742,0.161561,0.115299,-0.010348,,,landing
08:20:06.306768,2,330,9,2,4139.188,577.344,165.6250,,,,0.161561,0.115299,-0.010348,,,capture
08:20:07.353266,2,331,8,2,4139.500,590.812,165.4688,0.222,-0.284,0.360,0.161561,0.115299,-0.010348,,,landing
08:20:07.366050,2,331,8,2,4139.500,590.812,165.4688,,,,0.161561,0.115299,-0.010348,,,capture
08:20:08.452594,2,332,7,2,4139.625,604.781,165.3125,0.308,-0.359,0.473,0.161561,0.115299,-0.010348,,,landing
08:20:08.486032,2,332,7,2,4139.625,604.781,165.3125,,,,0.161561,0.115299,-0.010348,,,capture
08:20:16.117188,2,333,6,2,4139.875,618.594,165.0000,,,,0.161555,0.115326,-0.010332,165.0000,75.3,periodic_af
08:20:16.766062,2,333,6,2,4139.875,618.594,164.9688,0.324,-0.536,0.627,0.161555,0.115326,-0.010332,,,landing
08:20:16.796028,2,333,6,2,4139.875,618.594,164.9688,,,,0.161555,0.115326,-0.010332,,,capture
08:20:17.861070,2,334,5,2,4140.094,632.281,164.7812,0.383,-0.455,0.595,0.161555,0.115326,-0.010332,,,landing
08:20:17.873576,2,334,5,2,4140.094,632.281,164.7812,,,,0.161555,0.115326,-0.010332,,,capture
08:20:18.847652,2,335,4,2,4140.406,645.938,164.5938,0.288,-0.121,0.313,0.161555,0.115326,-0.010332,,,landing
08:20:18.859616,2,335,4,2,4140.406,645.938,164.5938,,,,0.161555,0.115326,-0.010332,,,capture
08:20:26.522415,2,336,3,2,4140.625,659.719,164.4375,,,,0.161550,0.115371,-0.010316,164.4375,86.2,periodic_af
08:20:27.186632,2,336,3,2,4140.625,659.719,164.3750,0.032,0.085,0.091,0.161550,0.115371,-0.010316,,,landing
08:20:27.205158,2,336,3,2,4140.625,659.719,164.3750,,,,0.161550,0.115371,-0.010316,,,capture
08:20:28.152074,2,337,3,3,4150.906,659.844,164.4688,0.502,-0.227,0.551,0.161550,0.115371,-0.010316,,,landing
08:20:28.166844,2,337,3,3,4150.906,659.844,164.4688,,,,0.161550,0.115371,-0.010316,,,capture
08:20:29.200175,2,338,3,4,4162.281,659.625,164.5625,0.010,-0.094,0.095,0.161550,0.115371,-0.010316,,,landing
08:20:29.232334,2,338,3,4,4162.281,659.625,164.5625,,,,0.161550,0.115371,-0.010316,,,capture
08:20:37.219348,2,339,3,5,4172.969,659.562,164.5938,,,,0.161555,0.115436,-0.010301,164.5938,83.5,periodic_af
08:20:37.781107,2,339,3,5,4172.969,659.562,164.5312,-0.096,-0.165,0.190,0.161555,0.115436,-0.010301,,,landing
08:20:37.813200,2,339,3,5,4172.969,659.562,164.5312,,,,0.161555,0.115436,-0.010301,,,capture
08:20:38.867013,2,340,3,6,4183.719,659.438,164.6250,-0.195,-0.183,0.267,0.161555,0.115436,-0.010301,,,landing
08:20:38.883844,2,340,3,6,4183.719,659.438,164.6250,,,,0.161555,0.115436,-0.010301,,,capture
08:20:39.831117,2,341,3,7,4194.375,659.281,164.7188,-0.181,-0.202,0.271,0.161555,0.115436,-0.010301,,,landing
08:20:39.858525,2,341,3,7,4194.375,659.281,164.7188,,,,0.161555,0.115436,-0.010301,,,capture
08:20:47.500468,2,342,3,8,4204.938,659.094,165.1875,,,,0.161563,0.115514,-0.010285,165.1875,74.9,periodic_af
08:20:48.154780,2,342,3,8,4204.938,659.094,165.1875,-0.176,-0.190,0.259,0.161563,0.115514,-0.010285,,,landing
08:20:48.176268,2,342,3,8,4204.938,659.094,165.1875,,,,0.161563,0.115514,-0.010285,,,capture
08:20:49.107912,2,343,3,9,4215.031,658.469,165.2812,-0.048,-0.260,0.265,0.161563,0.115514,-0.010285,,,landing
08:20:49.133468,2,343,3,9,4215.031,658.469,165.2812,,,,0.161563,0.115514,-0.010285,,,capture
08:20:50.055382,2,344,3,10,4225.531,657.781,165.3750,0.023,0.141,0.143,0.161563,0.115514,-0.010285,,,landing
08:20:50.078717,2,344,3,10,4225.531,657.781,165.3750,,,,0.161563,0.115514,-0.010285,,,capture
08:20:57.329045,2,345,3,11,4235.844,657.500,165.6562,,,,0.161571,0.115593,-0.010269,165.6562,87.4,periodic_af
08:20:57.954617,2,345,3,11,4235.844,657.500,165.7188,0.206,0.417,0.465,0.161571,0.115593,-0.010269,,,landing
08:20:57.976369,2,345,3,11,4235.844,657.500,165.7188,,,,0.161571,0.115593,-0.010269,,,capture
08:20:58.891228,2,346,3,12,4246.500,657.500,165.8125,0.107,0.411,0.425,0.161571,0.115593,-0.010269,,,landing
08:20:58.911074,2,346,3,12,4246.500,657.500,165.8125,,,,0.161571,0.115593,-0.010269,,,capture
08:20:59.823313,2,347,3,13,4257.094,657.469,165.9062,0.184,0.329,0.377,0.161571,0.115593,-0.010269,,,landing
08:20:59.844675,2,347,3,13,4257.094,657.469,165.9062,,,,0.161571,0.115593,-0.010269,,,capture
08:21:07.639451,2,348,3,14,4267.812,657.375,165.9688,,,,0.161582,0.115677,-0.010253,165.9688,89.3,periodic_af
08:21:08.250998,2,348,3,14,4267.812,657.375,165.9688,0.116,0.311,0.332,0.161582,0.115677,-0.010253,,,landing
08:21:08.271953,2,348,3,14,4267.812,657.375,165.9688,,,,0.161582,0.115677,-0.010253,,,capture
08:21:09.249055,2,349,3,15,4278.250,657.250,166.0625,0.306,0.356,0.470,0.161582,0.115677,-0.010253,,,landing
08:21:09.289360,2,349,3,15,4278.250,657.250,166.0625,,,,0.161582,0.115677,-0.010253,,,capture
08:21:10.441877,2,350,3,16,4289.000,657.188,166.1562,0.160,0.338,0.374,0.161582,0.115677,-0.010253,,,landing
08:21:10.471174,2,350,3,16,4289.000,657.188,166.1562,,,,0.161582,0.115677,-0.010253,,,capture
08:21:18.026859,2,351,3,17,4299.344,657.094,166.3125,,,,0.161601,0.115764,-0.010236,166.3125,83.0,periodic_af
08:21:18.687942,2,351,3,17,4299.344,657.094,166.3750,0.412,0.339,0.533,0.161601,0.115764,-0.010236,,,landing
08:21:18.718794,2,351,3,17,4299.344,657.094,166.3750,,,,0.161601,0.115764,-0.010236,,,capture
08:21:19.758003,2,352,3,18,4310.062,657.000,166.4688,0.253,0.353,0.434,0.161601,0.115764,-0.010236,,,landing
08:21:19.770908,2,352,3,18,4310.062,657.000,166.4688,,,,0.161601,0.115764,-0.010236,,,capture
08:21:20.707559,2,353,3,19,4320.562,656.938,166.5625,0.351,0.322,0.477,0.161601,0.115764,-0.010236,,,landing
08:21:20.727701,2,353,3,19,4320.562,656.938,166.5625,,,,0.161601,0.115764,-0.010236,,,capture
08:21:28.535181,2,354,3,20,4331.156,656.844,166.4688,,,,0.161627,0.115846,-0.010219,166.4688,63.1,periodic_af
08:21:29.155306,2,354,3,20,4331.156,656.844,166.1250,0.424,0.253,0.493,0.161627,0.115846,-0.010219,,,landing
08:21:29.177049,2,354,3,20,4331.156,656.844,166.1250,,,,0.161627,0.115846,-0.010219,,,capture
08:21:30.118255,2,355,3,21,4341.812,656.688,166.2188,0.351,0.339,0.488,0.161627,0.115846,-0.010219,,,landing
08:21:30.141463,2,355,3,21,4341.812,656.688,166.2188,,,,0.161627,0.115846,-0.010219,,,capture
08:21:31.092426,2,356,3,22,4352.750,656.594,166.3125,0.128,0.264,0.293,0.161627,0.115846,-0.010219,,,landing
08:21:31.126564,2,356,3,22,4352.750,656.594,166.3125,,,,0.161627,0.115846,-0.010219,,,capture
08:21:38.583590,2,357,3,23,4363.344,656.438,166.2812,,,,0.161679,0.115902,-0.010204,166.2812,76.1,periodic_af
08:21:39.256695,2,357,3,23,4363.344,656.438,166.1250,0.246,0.266,0.362,0.161679,0.115902,-0.010204,,,landing
08:21:39.277500,2,357,3,23,4363.344,656.438,166.1250,,,,0.161679,0.115902,-0.010204,,,capture
08:21:40.218458,2,358,3,24,4374.000,656.281,166.2188,0.263,0.353,0.440,0.161679,0.115902,-0.010204,,,landing
08:21:40.242016,2,358,3,24,4374.000,656.281,166.2188,,,,0.161679,0.115902,-0.010204,,,capture
08:21:41.161856,2,359,3,25,4384.812,656.219,166.3125,0.114,0.294,0.315,0.161679,0.115902,-0.010204,,,landing
08:21:41.172861,2,359,3,25,4384.812,656.219,166.3125,,,,0.161679,0.115902,-0.010204,,,capture
08:21:48.588681,2,360,3,26,4395.406,656.094,166.4375,,,,0.161755,0.115924,-0.010191,166.4375,79.0,periodic_af
08:21:49.230428,2,360,3,26,4395.406,656.094,166.3438,0.173,0.272,0.322,0.161755,0.115924,-0.010191,,,landing
08:21:49.262645,2,360,3,26,4395.406,656.094,166.3438,,,,0.161755,0.115924,-0.010191,,,capture
08:21:50.292853,2,361,3,27,4405.969,656.000,166.4375,0.184,0.236,0.299,0.161755,0.115924,-0.010191,,,landing
08:21:50.313823,2,361,3,27,4405.969,656.000,166.4375,,,,0.161755,0.115924,-0.010191,,,capture
08:21:51.378413,2,362,4,27,4405.750,641.438,166.5938,0.280,-5.572,5.579,0.161755,0.115924,-0.010191,,,landing
08:21:52.192872,2,362,4,27,4405.969,635.312,166.5938,,,,0.161755,0.115924,-0.010191,,,capture
08:21:59.715408,2,363,5,27,4405.594,620.875,167.1562,,,,0.161844,0.115919,-0.010179,167.1562,87.5,periodic_af
08:22:00.310453,2,363,5,27,4405.594,620.875,167.1562,0.005,0.943,0.943,0.161844,0.115919,-0.010179,,,landing
08:22:00.336016,2,363,5,27,4405.594,620.875,167.1562,,,,0.161844,0.115919,-0.010179,,,capture
08:22:01.290443,2,364,6,27,4405.219,607.031,167.3125,0.171,0.951,0.966,0.161844,0.115919,-0.010179,,,landing
08:22:01.314240,2,364,6,27,4405.219,607.031,167.3125,,,,0.161844,0.115919,-0.010179,,,capture
08:22:02.250487,2,365,7,27,4405.000,593.031,167.4688,0.179,1.129,1.143,0.161844,0.115919,-0.010179,,,landing
08:22:02.263240,2,365,7,27,4405.000,593.031,167.4688,,,,0.161844,0.115919,-0.010179,,,capture
08:22:10.094516,2,366,8,27,4404.812,579.281,167.1875,,,,0.161945,0.115868,-0.010167,167.1875,86.2,periodic_af
08:22:10.760266,2,366,8,27,4404.812,579.281,167.2188,0.129,0.406,0.426,0.161945,0.115868,-0.010167,,,landing
08:22:10.779380,2,366,8,27,4404.812,579.281,167.2188,,,,0.161945,0.115868,-0.010167,,,capture
08:22:11.774257,2,367,9,27,4404.562,564.688,167.3750,0.114,1.088,1.094,0.161945,0.115868,-0.010167,,,landing
08:22:11.795201,2,367,9,27,4404.562,564.688,167.3750,,,,0.161945,0.115868,-0.010167,,,capture
08:22:12.700919,2,368,10,27,4404.312,550.844,167.5312,0.143,0.839,0.851,0.161945,0.115868,-0.010167,,,landing
08:22:12.725971,2,368,10,27,4404.312,550.844,167.5312,,,,0.161945,0.115868,-0.010167,,,capture
08:22:20.356921,2,369,11,27,4404.094,536.688,168.0625,,,,0.162043,0.115793,-0.010156,168.0625,74.6,periodic_af
08:22:20.918790,2,369,11,27,4404.094,536.688,168.0625,0.159,0.599,0.620,0.162043,0.115793,-0.010156,,,landing
08:22:20.950796,2,369,11,27,4404.094,536.688,168.0625,,,,0.162043,0.115793,-0.010156,,,capture
08:22:22.056286,2,370,12,27,4403.875,522.500,168.2188,0.380,0.277,0.470,0.162043,0.115793,-0.010156,,,landing
08:22:22.070963,2,370,12,27,4403.875,522.500,168.2188,,,,0.162043,0.115793,-0.010156,,,capture
08:22:23.048099,2,371,13,27,4404.344,508.312,168.3750,0.024,-0.277,0.278,0.162043,0.115793,-0.010156,,,landing
08:22:23.062915,2,371,13,27,4404.344,508.312,168.3750,,,,0.162043,0.115793,-0.010156,,,capture
08:22:30.706268,2,372,14,27,4404.438,493.312,168.3750,,,,0.162130,0.115693,-0.010145,168.3750,85.4,periodic_af
08:22:31.359959,2,372,14,27,4404.438,493.312,168.1875,-0.432,0.048,0.435,0.162130,0.115693,-0.010145,,,landing
08:22:31.378866,2,372,14,27,4404.438,493.312,168.1875,,,,0.162130,0.115693,-0.010145,,,capture
08:22:32.426905,2,373,15,27,4403.625,478.562,168.3438,0.157,-0.103,0.187,0.162130,0.115693,-0.010145,,,landing
08:22:32.457912,2,373,15,27,4403.625,478.562,168.3438,,,,0.162130,0.115693,-0.010145,,,capture
08:22:33.565315,2,374,16,27,4403.344,463.531,168.5000,-0.153,-0.107,0.187,0.162130,0.115693,-0.010145,,,landing
08:22:33.589247,2,374,16,27,4403.344,463.531,168.5000,,,,0.162130,0.115693,-0.010145,,,capture
08:22:41.318296,2,375,17,27,4402.812,448.500,168.5938,,,,0.162209,0.115575,-0.010138,168.5938,81.8,periodic_af
08:22:41.967884,2,375,17,27,4402.812,448.500,168.5938,0.023,0.214,0.215,0.162209,0.115575,-0.010138,,,landing
08:22:41.993187,2,375,17,27,4402.812,448.500,168.5938,,,,0.162209,0.115575,-0.010138,,,capture
08:22:43.014451,2,376,18,27,4402.469,433.969,168.7500,0.054,0.496,0.499,0.162209,0.115575,-0.010138,,,landing
08:22:43.033389,2,376,18,27,4402.469,433.969,168.7500,,,,0.162209,0.115575,-0.010138,,,capture
08:22:44.108188,2,377,19,27,4402.156,419.438,168.9062,0.112,1.164,1.170,0.162209,0.115575,-0.010138,,,landing
08:22:44.138766,2,377,19,27,4402.156,419.438,168.9062,,,,0.162209,0.115575,-0.010138,,,capture
08:22:51.850453,2,378,20,27,4401.906,405.781,168.9062,,,,0.162269,0.115433,-0.010132,168.9062,81.5,periodic_af
08:22:52.421384,2,378,20,27,4401.906,405.781,168.8750,0.027,1.108,1.108,0.162269,0.115433,-0.010132,,,landing
08:22:52.447154,2,378,20,27,4401.906,405.781,168.8750,,,,0.162269,0.115433,-0.010132,,,capture
08:22:53.457397,2,379,21,27,4401.562,392.031,169.0312,0.147,1.171,1.181,0.162269,0.115433,-0.010132,,,landing
08:22:53.474229,2,379,21,27,4401.562,392.031,169.0312,,,,0.162269,0.115433,-0.010132,,,capture
08:22:54.656244,2,380,22,27,4401.344,378.531,169.1875,0.340,1.751,1.784,0.162269,0.115433,-0.010132,,,landing
08:22:54.670231,2,380,22,27,4401.344,378.531,169.1875,,,,0.162269,0.115433,-0.010132,,,capture
08:23:02.826056,2,381,23,27,4401.781,365.594,169.6875,,,,0.162310,0.115281,-0.010128,169.6875,95.0,periodic_af
08:23:03.411802,2,381,23,27,4401.781,365.594,169.6875,-0.054,0.724,0.726,0.162310,0.115281,-0.010128,,,landing
08:23:03.442007,2,381,23,27,4401.781,365.594,169.6875,,,,0.162310,0.115281,-0.010128,,,capture
08:23:04.567013,2,382,24,27,4401.812,351.531,169.8438,-0.325,0.741,0.809,0.162310,0.115281,-0.010128,,,landing
08:23:04.577907,2,382,24,27,4401.812,351.531,169.8438,,,,0.162310,0.115281,-0.010128,,,capture
08:23:05.524017,2,383,25,27,4401.562,337.844,170.0000,-0.402,0.067,0.407,0.162310,0.115281,-0.010128,,,landing
08:23:05.548290,2,383,25,27,4401.562,337.844,170.0000,,,,0.162310,0.115281,-0.010128,,,capture
08:23:13.643647,2,384,26,27,4401.250,323.406,170.1250,,,,0.162334,0.115119,-0.010126,170.1250,93.6,periodic_af
08:23:14.261780,2,384,26,27,4401.250,323.406,170.1250,-0.410,0.129,0.430,0.162334,0.115119,-0.010126,,,landing
08:23:14.279476,2,384,26,27,4401.250,323.406,170.1250,,,,0.162334,0.115119,-0.010126,,,capture
08:23:15.356949,2,385,27,27,4400.438,308.531,170.2812,0.014,-0.018,0.023,0.162334,0.115119,-0.010126,,,landing
08:23:15.369312,2,385,27,27,4400.438,308.531,170.2812,,,,0.162334,0.115119,-0.010126,,,capture
08:23:16.357287,2,386,27,26,4390.219,308.938,170.1562,-0.291,0.208,0.358,0.162334,0.115119,-0.010126,,,landing
08:23:16.369356,2,386,27,26,4390.219,308.938,170.1562,,,,0.162334,0.115119,-0.010126,,,capture
08:23:23.940913,2,387,27,25,4379.250,309.125,170.2812,,,,0.162352,0.114956,-0.010125,170.2812,103.2,periodic_af
08:23:24.576463,2,387,27,25,4379.250,309.125,170.2500,0.035,0.227,0.230,0.162352,0.114956,-0.010125,,,landing
08:23:24.613770,2,387,27,25,4379.250,309.125,170.2500,,,,0.162352,0.114956,-0.010125,,,capture
08:23:25.658079,2,388,27,24,4368.406,309.312,170.1250,0.142,0.196,0.242,0.162352,0.114956,-0.010125,,,landing
08:23:25.670142,2,388,27,24,4368.406,309.312,170.1250,,,,0.162352,0.114956,-0.010125,,,capture
08:23:26.632713,2,389,27,23,4357.656,309.500,170.0000,0.034,-0.043,0.055,0.162352,0.114956,-0.010125,,,landing
08:23:26.657545,2,389,27,23,4357.656,309.500,170.0000,,,,0.162352,0.114956,-0.010125,,,capture
08:23:34.190558,2,390,27,22,4347.438,309.875,169.8438,,,,0.162355,0.114797,-0.010125,169.8438,95.6,periodic_af
08:23:34.698324,2,390,27,22,4347.438,309.875,169.7500,-0.247,-0.071,0.257,0.162355,0.114797,-0.010125,,,landing
08:23:34.730550,2,390,27,22,4347.438,309.875,169.7500,,,,0.162355,0.114797,-0.010125,,,capture
08:23:35.955203,2,391,27,21,4336.406,309.781,169.6250,0.090,0.052,0.104,0.162355,0.114797,-0.010125,,,landing
08:23:35.967462,2,391,27,21,4336.406,309.781,169.6250,,,,0.162355,0.114797,-0.010125,,,capture
08:23:36.989953,2,392,27,20,4325.656,309.812,169.5000,0.037,-0.076,0.085,0.162355,0.114797,-0.010125,,,landing
08:23:37.001126,2,392,27,20,4325.656,309.812,169.5000,,,,0.162355,0.114797,-0.010125,,,capture
08:23:44.556481,2,393,27,19,4315.438,310.156,169.5625,,,,0.162351,0.114645,-0.010126,169.5625,86.0,periodic_af
08:23:45.131183,2,393,27,19,4315.438,310.156,169.1875,-0.195,0.012,0.196,0.162351,0.114645,-0.010126,,,landing
08:23:45.156375,2,393,27,19,4315.438,310.156,169.1875,,,,0.162351,0.114645,-0.010126,,,capture
08:23:46.170121,2,394,27,18,4304.562,310.156,169.0625,0.023,0.091,0.094,0.162351,0.114645,-0.010126,,,landing
08:23:46.196984,2,394,27,18,4304.562,310.156,169.0625,,,,0.162351,0.114645,-0.010126,,,capture
08:23:47.164651,2,395,27,17,4293.719,310.219,168.9375,0.026,0.006,0.026,0.162351,0.114645,-0.010126,,,landing
08:23:47.192319,2,395,27,17,4293.719,310.219,168.9375,,,,0.162351,0.114645,-0.010126,,,capture
08:23:54.961913,2,396,27,16,4282.875,310.188,169.1875,,,,0.162338,0.114501,-0.010127,169.1875,89.3,periodic_af
08:23:55.515742,2,396,27,16,4282.875,310.188,169.1875,0.653,0.122,0.665,0.162338,0.114501,-0.010127,,,landing
08:23:55.541944,2,396,27,16,4282.875,310.188,169.1875,,,,0.162338,0.114501,-0.010127,,,capture
08:23:56.458096,2,397,27,15,4272.594,310.281,169.0625,0.203,0.185,0.274,0.162338,0.114501,-0.010127,,,landing
08:23:56.470275,2,397,27,15,4272.594,310.281,169.0625,,,,0.162338,0.114501,-0.010127,,,capture
08:23:57.456943,2,398,27,14,4262.000,310.438,168.9375,0.186,0.180,0.259,0.162338,0.114501,-0.010127,,,landing
08:23:57.469639,2,398,27,14,4262.000,310.438,168.9375,,,,0.162338,0.114501,-0.010127,,,capture
08:24:05.252652,2,399,27,13,4251.406,310.594,168.7812,,,,0.162317,0.114370,-0.010128,168.7812,83.6,periodic_af
08:24:05.831113,2,399,27,13,4251.406,310.594,168.6875,0.102,0.119,0.157,0.162317,0.114370,-0.010128,,,landing
08:24:05.860394,2,399,27,13,4251.406,310.594,168.6875,,,,0.162317,0.114370,-0.010128,,,capture
08:24:06.864258,2,400,27,12,4241.031,310.688,168.5625,-0.128,0.085,0.154,0.162317,0.114370,-0.010128,,,landing
08:24:06.876369,2,400,27,12,4241.031,310.688,168.5625,,,,0.162317,0.114370,-0.010128,,,capture
08:24:07.860740,2,401,27,11,4230.156,310.750,168.4375,0.230,0.059,0.238,0.162317,0.114370,-0.010128,,,landing
08:24:07.873451,2,401,27,11,4230.156,310.750,168.4375,,,,0.162317,0.114370,-0.010128,,,capture
08:24:15.746196,2,402,27,10,4219.281,310.781,168.3750,,,,0.162290,0.114258,-0.010129,168.3750,95.6,periodic_af
08:24:16.454582,2,402,27,10,4219.281,310.781,168.3438,0.555,0.052,0.557,0.162290,0.114258,-0.010129,,,landing
08:24:16.476590,2,402,27,10,4219.281,310.781,168.3438,,,,0.162290,0.114258,-0.010129,,,capture
08:24:17.493503,2,403,27,9,4209.094,310.812,168.2188,0.112,0.098,0.149,0.162290,0.114258,-0.010129,,,landing
08:24:17.504634,2,403,27,9,4209.094,310.812,168.2188,,,,0.162290,0.114258,-0.010129,,,capture
08:24:18.413587,2,404,27,8,4198.469,310.875,168.0938,0.103,0.114,0.153,0.162290,0.114258,-0.010129,,,landing
08:24:18.441396,2,404,27,8,4198.469,310.875,168.0938,,,,0.162290,0.114258,-0.010129,,,capture
08:24:26.133465,2,405,27,7,4187.656,310.969,167.9062,,,,0.162251,0.114161,-0.010132,167.9062,83.7,periodic_af
08:24:26.758294,2,405,27,7,4187.656,310.969,167.8750,0.292,0.088,0.305,0.162251,0.114161,-0.010132,,,landing
08:24:26.778036,2,405,27,7,4187.656,310.969,167.8750,,,,0.162251,0.114161,-0.010132,,,capture
08:24:27.757919,2,406,27,6,4176.969,311.031,167.7500,0.353,0.132,0.377,0.162251,0.114161,-0.010132,,,landing
08:24:27.769985,2,406,27,6,4176.969,311.031,167.7500,,,,0.162251,0.114161,-0.010132,,,capture
08:24:28.652948,2,407,27,5,4166.688,311.125,167.6250,-0.012,0.108,0.109,0.162251,0.114161,-0.010132,,,landing
08:24:28.665028,2,407,27,5,4166.688,311.125,167.6250,,,,0.162251,0.114161,-0.010132,,,capture
08:24:36.261303,2,408,27,4,4156.156,311.219,167.6250,,,,0.162208,0.114081,-0.010134,167.6250,89.2,periodic_af
08:24:36.855891,2,408,27,4,4156.156,311.219,167.5625,-0.148,0.145,0.207,0.162208,0.114081,-0.010134,,,landing
08:24:36.877085,2,408,27,4,4156.156,311.219,167.5625,,,,0.162208,0.114081,-0.010134,,,capture
08:24:37.888325,2,409,27,3,4145.344,311.344,167.4375,-0.027,0.156,0.159,0.162208,0.114081,-0.010134,,,landing
08:24:37.899520,2,409,27,3,4145.344,311.344,167.4375,,,,0.162208,0.114081,-0.010134,,,capture
08:24:38.930304,2,410,26,3,4145.250,326.156,167.2812,0.532,4.367,4.399,0.162208,0.114081,-0.010134,,,landing
08:24:40.466797,2,410,26,3,4145.875,333.344,167.2812,,,,0.162208,0.114081,-0.010134,,,capture
08:24:48.081411,2,411,25,3,4145.906,348.406,166.7188,,,,0.162148,0.114033,-0.010138,166.7188,76.1,periodic_af
08:24:48.618924,2,411,25,3,4145.906,348.406,166.7500,0.101,0.237,0.258,0.162148,0.114033,-0.010138,,,landing
08:24:48.646923,2,411,25,3,4145.906,348.406,166.7500,,,,0.162148,0.114033,-0.010138,,,capture
08:24:49.761134,2,412,24,3,4145.938,363.031,166.5938,0.307,-0.259,0.402,0.162148,0.114033,-0.010138,,,landing
08:24:49.772904,2,412,24,3,4145.938,363.031,166.5938,,,,0.162148,0.114033,-0.010138,,,capture
08:24:50.716957,2,413,23,3,4146.188,376.969,166.4062,0.337,-0.475,0.582,0.162148,0.114033,-0.010138,,,landing
08:24:50.739630,2,413,23,3,4146.188,376.969,166.4062,,,,0.162148,0.114033,-0.010138,,,capture
08:24:58.615898,2,414,22,3,4146.406,390.375,166.2812,,,,0.162081,0.114009,-0.010144,166.2812,85.1,periodic_af
08:24:59.261579,2,414,22,3,4146.406,390.375,166.3438,0.410,-0.096,0.421,0.162081,0.114009,-0.010144,,,landing
08:24:59.282615,2,414,22,3,4146.406,390.375,166.3438,,,,0.162081,0.114009,-0.010144,,,capture
08:25:00.195876,2,415,21,3,4146.750,404.188,166.1875,0.310,-0.081,0.320,0.162081,0.114009,-0.010144,,,landing
08:25:00.220788,2,415,21,3,4146.750,404.188,166.1875,,,,0.162081,0.114009,-0.010144,,,capture
08:25:01.175718,2,416,20,3,4146.969,418.062,166.0312,0.389,-0.127,0.409,0.162081,0.114009,-0.010144,,,landing
08:25:01.204391,2,416,20,3,4146.969,418.062,166.0312,,,,0.162081,0.114009,-0.010144,,,capture
08:25:08.742881,2,417,19,3,4147.250,431.938,165.6250,,,,0.162013,0.114010,-0.010151,165.6250,98.4,periodic_af
08:25:09.364287,2,417,19,3,4147.250,431.938,165.7188,0.451,-0.031,0.453,0.162013,0.114010,-0.010151,,,landing
08:25:09.492731,2,417,19,3,4147.250,431.938,165.7188,,,,0.162013,0.114010,-0.010151,,,capture
08:25:10.476217,2,418,18,3,4147.625,445.781,165.5625,-0.007,0.131,0.131,0.162013,0.114010,-0.010151,,,landing
08:25:10.501706,2,418,18,3,4147.625,445.781,165.5625,,,,0.162013,0.114010,-0.010151,,,capture
08:25:11.580430,2,419,17,3,4148.031,460.219,165.4062,0.093,0.284,0.299,0.162013,0.114010,-0.010151,,,landing
08:25:11.592297,2,419,17,3,4148.031,460.219,165.4062,,,,0.162013,0.114010,-0.010151,,,capture
08:25:19.190892,2,420,16,3,4148.062,474.500,165.2188,,,,0.161949,0.114032,-0.010160,165.2188,78.8,periodic_af
08:25:19.724650,2,420,16,3,4148.062,474.500,165.1875,0.012,0.778,0.779,0.161949,0.114032,-0.010160,,,landing
08:25:19.751081,2,420,16,3,4148.062,474.500,165.1875,,,,0.161949,0.114032,-0.010160,,,capture
08:25:20.924228,2,421,15,3,4148.500,489.938,165.0312,0.044,0.331,0.334,0.161949,0.114032,-0.010160,,,landing
08:25:20.935536,2,421,15,3,4148.500,489.938,165.0312,,,,0.161949,0.114032,-0.010160,,,capture
08:25:21.966601,2,422,14,3,4148.469,504.656,164.8750,0.016,0.135,0.136,0.161949,0.114032,-0.010160,,,landing
08:25:21.988646,2,422,14,3,4148.469,504.656,164.8750,,,,0.161949,0.114032,-0.010160,,,capture
08:25:29.572794,2,423,13,3,4148.906,519.562,164.9062,,,,0.161892,0.114066,-0.010169,164.9062,85.8,periodic_af
08:25:30.113877,2,423,13,3,4148.906,519.562,164.9375,0.129,0.058,0.141,0.161892,0.114066,-0.010169,,,landing
08:25:30.137031,2,423,13,3,4148.906,519.562,164.9375,,,,0.161892,0.114066,-0.010169,,,capture
08:25:31.114021,2,424,12,3,4148.938,533.812,164.7500,-0.005,0.285,0.285,0.161892,0.114066,-0.010169,,,landing
08:25:31.138371,2,424,12,3,4148.938,533.812,164.7500,,,,0.161892,0.114066,-0.010169,,,capture
08:25:32.019724,2,425,11,3,4149.344,548.406,164.5938,0.047,0.263,0.267,0.161892,0.114066,-0.010169,,,landing
08:25:32.041833,2,425,11,3,4149.344,548.406,164.5938,,,,0.161892,0.114066,-0.010169,,,capture
08:25:40.015232,2,426,10,3,4149.312,563.062,163.9688,,,,0.161855,0.114127,-0.010180,163.9688,76.9,periodic_af
08:25:40.651181,2,426,10,3,4149.312,563.062,163.9688,0.309,-0.464,0.557,0.161855,0.114127,-0.010180,,,landing
08:25:40.708636,2,426,10,3,4149.312,563.062,163.9688,,,,0.161855,0.114127,-0.010180,,,capture
08:25:41.587969,2,427,9,3,4149.531,576.531,163.8125,0.334,-0.051,0.338,0.161855,0.114127,-0.010180,,,landing
08:25:41.606354,2,427,9,3,4149.531,576.531,163.8125,,,,0.161855,0.114127,-0.010180,,,capture
08:25:42.645236,2,428,8,3,4149.781,590.938,163.6562,0.288,-0.735,0.790,0.161855,0.114127,-0.010180,,,landing
08:25:42.661047,2,428,8,3,4149.781,590.938,163.6562,,,,0.161855,0.114127,-0.010180,,,capture
08:25:50.423844,2,429,7,3,4149.969,604.094,163.7500,,,,0.161837,0.114202,-0.010192,163.7500,91.7,periodic_af
08:25:51.069660,2,429,7,3,4149.969,604.094,163.7500,0.390,-0.059,0.395,0.161837,0.114202,-0.010192,,,landing
08:25:51.089860,2,429,7,3,4149.969,604.094,163.7500,,,,0.161837,0.114202,-0.010192,,,capture
08:25:52.166568,2,430,6,3,4150.312,618.281,163.5625,0.567,-0.501,0.757,0.161837,0.114202,-0.010192,,,landing
08:25:52.192180,2,430,6,3,4150.312,618.281,163.5625,,,,0.161837,0.114202,-0.010192,,,capture
08:25:53.290380,2,431,5,3,4151.281,632.625,163.4062,-0.367,-1.158,1.215,0.161837,0.114202,-0.010192,,,landing
08:25:53.301669,2,431,5,3,4151.281,632.625,163.4062,,,,0.161837,0.114202,-0.010192,,,capture
08:26:01.062209,2,432,4,3,4150.844,645.844,163.2188,,,,0.161837,0.114287,-0.010206,163.2188,72.7,periodic_af
08:26:01.618016,2,432,4,3,4150.844,645.844,163.1875,0.179,-1.009,1.025,0.161837,0.114287,-0.010206,,,landing
08:26:01.645825,2,432,4,3,4150.844,645.844,163.1875,,,,0.161837,0.114287,-0.010206,,,capture
08:26:02.657618,2,433,4,4,4162.062,644.875,163.2812,-0.272,-0.447,0.523,0.161837,0.114287,-0.010206,,,landing
08:26:02.670100,2,433,4,4,4162.062,644.875,163.2812,,,,0.161837,0.114287,-0.010206,,,capture
08:26:03.657438,2,434,4,5,4172.438,644.469,163.3750,-0.027,-0.144,0.147,0.161837,0.114287,-0.010206,,,landing
08:26:03.669715,2,434,4,5,4172.438,644.469,163.3750,,,,0.161837,0.114287,-0.010206,,,capture
08:26:11.359617,2,435,4,6,4183.281,644.375,163.7188,,,,0.161845,0.114376,-0.010219,163.7188,65.1,periodic_af
08:26:11.897197,2,435,4,6,4183.281,644.375,163.6562,-0.218,-0.140,0.259,0.161845,0.114376,-0.010219,,,landing
08:26:11.928799,2,435,4,6,4183.281,644.375,163.6562,,,,0.161845,0.114376,-0.010219,,,capture
08:26:12.911246,2,436,4,7,4194.062,644.250,163.7500,-0.391,-0.113,0.407,0.161845,0.114376,-0.010219,,,landing
08:26:12.927540,2,436,4,7,4194.062,644.250,163.7500,,,,0.161845,0.114376,-0.010219,,,capture
08:26:13.858941,2,437,4,8,4204.344,644.156,163.8438,-0.041,-0.121,0.128,0.161845,0.114376,-0.010219,,,landing
08:26:13.870879,2,437,4,8,4204.344,644.156,163.8438,,,,0.161845,0.114376,-0.010219,,,capture
08:26:21.447557,2,438,4,9,4214.938,644.062,163.7812,,,,0.161871,0.114465,-0.010234,163.7812,79.7,periodic_af
08:26:22.056057,2,438,4,9,4214.938,644.062,163.7188,-0.052,-0.093,0.106,0.161871,0.114465,-0.010234,,,landing
08:26:22.076363,2,438,4,9,4214.938,644.062,163.7188,,,,0.161871,0.114465,-0.010234,,,capture
08:26:23.054534,2,439,4,10,4225.719,644.000,163.8125,-0.054,0.118,0.130,0.161871,0.114465,-0.010234,,,landing
08:26:23.067384,2,439,4,10,4225.719,644.000,163.8125,,,,0.161871,0.114465,-0.010234,,,capture
08:26:24.052556,2,440,4,11,4236.094,643.656,163.9062,-0.075,0.180,0.195,0.161871,0.114465,-0.010234,,,landing
08:26:24.081786,2,440,4,11,4236.094,643.656,163.9062,,,,0.161871,0.114465,-0.010234,,,capture
08:26:31.915403,2,441,4,12,4246.531,643.875,164.4688,,,,0.161902,0.114549,-0.010248,164.4688,75.6,periodic_af
08:26:32.517639,2,441,4,12,4246.531,643.875,164.4688,0.058,-0.005,0.059,0.161902,0.114549,-0.010248,,,landing
08:26:32.548310,2,441,4,12,4246.531,643.875,164.4688,,,,0.161902,0.114549,-0.010248,,,capture
08:26:33.763235,2,442,4,13,4257.094,643.875,164.5625,0.178,-0.123,0.216,0.161902,0.114549,-0.010248,,,landing
08:26:33.774798,2,442,4,13,4257.094,643.875,164.5625,,,,0.161902,0.114549,-0.010248,,,capture
08:26:34.754068,2,443,4,14,4268.375,643.781,164.6562,-0.318,0.129,0.343,0.161902,0.114549,-0.010248,,,landing
08:26:34.766191,2,443,4,14,4268.375,643.781,164.6562,,,,0.161902,0.114549,-0.010248,,,capture
08:26:42.183136,2,444,4,15,4278.500,643.438,164.6875,,,,0.161941,0.114626,-0.010262,164.6875,73.7,periodic_af
08:26:42.723304,2,444,4,15,4278.500,643.438,164.7188,0.007,0.026,0.027,0.161941,0.114626,-0.010262,,,landing
08:26:42.748644,2,444,4,15,4278.500,643.438,164.7188,,,,0.161941,0.114626,-0.010262,,,capture
08:26:43.616798,2,445,4,16,4288.875,643.469,164.8125,0.326,-0.010,0.326,0.161941,0.114626,-0.010262,,,landing
08:26:43.641000,2,445,4,16,4288.875,643.469,164.8125,,,,0.161941,0.114626,-0.010262,,,capture
08:26:44.660201,2,446,4,17,4299.344,643.125,164.9062,-0.103,-0.096,0.140,0.161941,0.114626,-0.010262,,,landing
08:26:44.671321,2,446,4,17,4299.344,643.125,164.9062,,,,0.161941,0.114626,-0.010262,,,capture
08:26:52.295456,2,447,4,18,4309.406,642.531,165.0312,,,,0.161984,0.114695,-0.010277,165.0312,86.5,periodic_af
08:26:52.928569,2,447,4,18,4309.406,642.531,165.0312,0.372,0.338,0.503,0.161984,0.114695,-0.010277,,,landing
08:26:52.959754,2,447,4,18,4309.406,642.531,165.0312,,,,0.161984,0.114695,-0.010277,,,capture
08:26:54.038255,2,448,4,19,4320.125,642.406,165.1250,0.303,0.447,0.540,0.161984,0.114695,-0.010277,,,landing
08:26:54.067016,2,448,4,19,4320.125,642.406,165.1250,,,,0.161984,0.114695,-0.010277,,,capture
08:26:54.890389,2,449,4,20,4330.812,642.406,165.2188,0.511,0.418,0.660,0.161984,0.114695,-0.010277,,,landing
08:26:54.917592,2,449,4,20,4330.812,642.406,165.2188,,,,0.161984,0.114695,-0.010277,,,capture
08:27:02.431633,2,450,4,21,4341.781,642.375,164.8438,,,,0.162044,0.114737,-0.010294,164.8438,71.9,periodic_af
08:27:03.071058,2,450,4,21,4341.781,642.375,164.8750,0.202,0.371,0.422,0.162044,0.114737,-0.010294,,,landing
08:27:03.100769,2,450,4,21,4341.781,642.375,164.8750,,,,0.162044,0.114737,-0.010294,,,capture
08:27:04.059928,2,451,4,22,4352.344,642.281,164.9688,0.323,0.349,0.476,0.162044,0.114737,-0.010294,,,landing
08:27:04.070733,2,451,4,22,4352.344,642.281,164.9688,,,,0.162044,0.114737,-0.010294,,,capture
08:27:05.065065,2,452,4,23,4362.438,642.188,165.0625,0.904,0.344,0.968,0.162044,0.114737,-0.010294,,,landing
08:27:05.090402,2,452,4,23,4362.438,642.188,165.0625,,,,0.162044,0.114737,-0.010294,,,capture
08:27:12.709853,2,453,4,24,4374.031,642.062,165.5312,,,,0.162110,0.114767,-0.010311,165.5312,68.8,periodic_af
08:27:13.391480,2,453,4,24,4374.031,642.062,165.5625,-0.010,0.326,0.326,0.162110,0.114767,-0.010311,,,landing
08:27:13.427260,2,453,4,24,4374.031,642.062,165.5625,,,,0.162110,0.114767,-0.010311,,,capture
08:27:14.617190,2,454,4,25,4384.625,641.938,165.6562,0.064,0.366,0.371,0.162110,0.114767,-0.010311,,,landing
08:27:14.631552,2,454,4,25,4384.625,641.938,165.6562,,,,0.162110,0.114767,-0.010311,,,capture
08:27:15.655120,2,455,4,26,4395.000,641.844,165.7500,0.389,0.364,0.533,0.162110,0.114767,-0.010311,,,landing
08:27:15.667572,2,455,4,26,4395.000,641.844,165.7500,,,,0.162110,0.114767,-0.010311,,,capture
08:27:23.156677,2,456,5,26,4395.469,627.719,165.9062,,,,0.162178,0.114784,-0.010329,165.9062,49.0,periodic_af
08:27:23.713179,2,456,5,26,4395.469,627.719,165.8750,-0.442,-5.914,5.931,0.162178,0.114784,-0.010329,,,landing
08:27:24.599377,2,456,5,26,4395.031,621.250,165.8750,,,,0.162178,0.114784,-0.010329,,,capture
08:27:25.734670,2,457,6,26,4394.375,607.188,166.0312,0.137,0.920,0.930,0.162178,0.114784,-0.010329,,,landing
08:27:25.748553,2,457,6,26,4394.375,607.188,166.0312,,,,0.162178,0.114784,-0.010329,,,capture
08:27:26.730702,2,458,7,26,4394.125,593.469,166.1875,0.709,0.844,1.102,0.162178,0.114784,-0.010329,,,landing
08:27:26.754577,2,458,7,26,4394.125,593.469,166.1875,,,,0.162178,0.114784,-0.010329,,,capture
08:27:34.313610,2,459,8,26,4394.312,579.656,166.6875,,,,0.162242,0.114803,-0.010346,166.6875,78.7,periodic_af
08:27:34.943217,2,459,8,26,4394.312,579.656,166.6875,-0.118,0.224,0.253,0.162242,0.114803,-0.010346,,,landing
08:27:34.977516,2,459,8,26,4394.312,579.656,166.6875,,,,0.162242,0.114803,-0.010346,,,capture
08:27:35.915667,2,460,9,26,4393.812,565.188,166.8438,0.256,0.736,0.779,0.162242,0.114803,-0.010346,,,landing
08:27:35.939354,2,460,9,26,4393.812,565.188,166.8438,,,,0.162242,0.114803,-0.010346,,,capture
08:27:36.793173,2,461,10,26,4394.156,551.312,167.0000,-0.160,0.534,0.558,0.162242,0.114803,-0.010346,,,landing
08:27:36.806502,2,461,10,26,4394.156,551.312,167.0000,,,,0.162242,0.114803,-0.010346,,,capture
08:27:44.562728,2,462,11,26,4394.094,537.250,167.1562,,,,0.162301,0.114823,-0.010362,167.1562,89.2,periodic_af
08:27:45.179895,2,462,11,26,4394.094,537.250,167.1562,-0.237,0.365,0.436,0.162301,0.114823,-0.010362,,,landing
08:27:45.209251,2,462,11,26,4394.094,537.250,167.1562,,,,0.162301,0.114823,-0.010362,,,capture
08:27:46.251359,2,463,12,26,4393.938,522.938,167.3125,-0.107,-0.019,0.109,0.162301,0.114823,-0.010362,,,landing
08:27:46.264347,2,463,12,26,4393.938,522.938,167.3125,,,,0.162301,0.114823,-0.010362,,,capture
08:27:47.207367,2,464,13,26,4393.906,508.375,167.4688,-0.293,-0.469,0.553,0.162301,0.114823,-0.010362,,,landing
08:27:47.233661,2,464,13,26,4393.906,508.375,167.4688,,,,0.162301,0.114823,-0.010362,,,capture
08:27:55.016253,2,465,14,26,4393.688,493.594,167.5625,,,,0.162357,0.114841,-0.010377,167.5625,105.9,periodic_af
08:27:55.659198,2,465,14,26,4393.688,493.594,167.5625,-0.105,-0.547,0.557,0.162357,0.114841,-0.010377,,,landing
08:27:55.678992,2,465,14,26,4393.688,493.594,167.5625,,,,0.162357,0.114841,-0.010377,,,capture
08:27:56.845496,2,466,15,26,4393.156,478.406,167.7188,0.200,-0.514,0.552,0.162357,0.114841,-0.010377,,,landing
08:27:56.858698,2,466,15,26,4393.156,478.406,167.7188,,,,0.162357,0.114841,-0.010377,,,capture
08:27:57.857785,2,467,16,26,4392.938,463.000,167.8750,0.173,-0.023,0.175,0.162357,0.114841,-0.010377,,,landing
08:27:57.869516,2,467,16,26,4392.938,463.000,167.8750,,,,0.162357,0.114841,-0.010377,,,capture
08:28:05.428100,2,468,17,26,4392.688,448.125,168.0625,,,,0.162410,0.114857,-0.010392,168.0625,100.5,periodic_af
08:28:06.054536,2,468,17,26,4392.688,448.125,167.9062,-0.428,0.264,0.502,0.162410,0.114857,-0.010392,,,landing
08:28:06.076631,2,468,17,26,4392.688,448.125,167.9062,,,,0.162410,0.114857,-0.010392,,,capture
08:28:07.138160,2,469,18,26,4391.812,433.250,168.0625,-0.157,0.861,0.875,0.162410,0.114857,-0.010392,,,landing
08:28:07.149761,2,469,18,26,4391.812,433.250,168.0625,,,,0.162410,0.114857,-0.010392,,,capture
08:28:08.213631,2,470,19,26,4391.219,419.094,168.2188,0.192,1.232,1.247,0.162410,0.114857,-0.010392,,,landing
08:28:08.266448,2,470,19,26,4391.219,419.094,168.2188,,,,0.162410,0.114857,-0.010392,,,capture
08:28:16.198922,2,471,20,26,4390.969,405.594,168.3438,,,,0.162460,0.114870,-0.010406,168.3438,102.3,periodic_af
08:28:16.857946,2,471,20,26,4390.969,405.594,168.3750,0.200,1.013,1.033,0.162460,0.114870,-0.010406,,,landing
08:28:16.878327,2,471,20,26,4390.969,405.594,168.3750,,,,0.162460,0.114870,-0.010406,,,capture
08:28:17.819498,2,472,21,26,4390.750,391.906,168.5312,0.390,1.121,1.187,0.162460,0.114870,-0.010406,,,landing
08:28:17.840474,2,472,21,26,4390.750,391.906,168.5312,,,,0.162460,0.114870,-0.010406,,,capture
08:28:18.699476,2,473,22,26,4391.219,378.500,168.6875,-0.170,0.856,0.873,0.162460,0.114870,-0.010406,,,landing
08:28:18.723160,2,473,22,26,4391.219,378.500,168.6875,,,,0.162460,0.114870,-0.010406,,,capture
08:28:26.505115,2,474,23,26,4391.125,364.781,168.9062,,,,0.162508,0.114882,-0.010420,168.9062,101.1,periodic_af
08:28:27.143965,2,474,23,26,4391.125,364.781,168.8750,-0.261,1.116,1.146,0.162508,0.114882,-0.010420,,,landing
08:28:27.175915,2,474,23,26,4391.125,364.781,168.8750,,,,0.162508,0.114882,-0.010420,,,capture
08:28:28.098360,2,475,24,26,4390.938,351.312,169.0312,-0.257,0.369,0.450,0.162508,0.114882,-0.010420,,,landing
08:28:28.123613,2,475,24,26,4390.938,351.312,169.0312,,,,0.162508,0.114882,-0.010420,,,capture
08:28:29.147675,2,476,25,26,4390.094,337.562,169.1875,0.235,-0.045,0.239,0.162508,0.114882,-0.010420,,,landing
08:28:29.173303,2,476,25,26,4390.094,337.562,169.1875,,,,0.162508,0.114882,-0.010420,,,capture
08:28:36.729691,2,477,26,26,4390.406,322.938,169.4688,,,,0.162563,0.114894,-0.010434,169.4688,102.1,periodic_af
08:28:37.343217,2,477,26,26,4390.406,322.938,169.4688,-0.288,0.194,0.347,0.162563,0.114894,-0.010434,,,landing
08:28:37.364353,2,477,26,26,4390.406,322.938,169.4688,,,,0.162563,0.114894,-0.010434,,,capture
08:28:38.358013,2,478,26,25,4379.875,323.594,169.3438,-0.378,0.238,0.447,0.162563,0.114894,-0.010434,,,landing
08:28:38.372102,2,478,26,25,4379.875,323.594,169.3438,,,,0.162563,0.114894,-0.010434,,,capture
08:28:39.383426,2,479,26,24,4368.812,324.312,169.1875,-0.013,0.021,0.025,0.162563,0.114894,-0.010434,,,landing
08:28:39.395047,2,479,26,24,4368.812,324.312,169.1875,,,,0.162563,0.114894,-0.010434,,,capture
08:28:47.160932,2,480,26,23,4358.281,324.781,169.0938,,,,0.162620,0.114904,-0.010448,169.0938,96.3,periodic_af
08:28:47.800379,2,480,26,23,4358.281,324.781,169.1562,-0.095,-0.238,0.256,0.162620,0.114904,-0.010448,,,landing
08:28:47.825946,2,480,26,23,4358.281,324.781,169.1562,,,,0.162620,0.114904,-0.010448,,,capture
08:28:48.852287,2,481,26,22,4347.625,325.000,169.0312,-0.185,-0.261,0.320,0.162620,0.114904,-0.010448,,,landing
08:28:48.865831,2,481,26,22,4347.625,325.000,169.0312,,,,0.162620,0.114904,-0.010448,,,capture
08:28:49.853033,2,482,26,21,4337.156,325.188,168.9062,-0.386,-0.265,0.468,0.162620,0.114904,-0.010448,,,landing
08:28:49.865287,2,482,26,21,4337.156,325.188,168.9062,,,,0.162620,0.114904,-0.010448,,,capture
08:28:57.417013,2,483,26,20,4326.375,325.375,168.3125,,,,0.162668,0.114909,-0.010462,168.3125,97.2,periodic_af
08:28:58.080909,2,483,26,20,4326.375,325.375,168.3125,0.269,-0.197,0.334,0.162668,0.114909,-0.010462,,,landing
08:28:58.111971,2,483,26,20,4326.375,325.375,168.3125,,,,0.162668,0.114909,-0.010462,,,capture
08:28:59.057343,2,484,26,19,4316.156,325.625,168.1875,-0.575,-0.383,0.691,0.162668,0.114909,-0.010462,,,landing
08:28:59.069811,2,484,26,19,4316.156,325.625,168.1875,,,,0.162668,0.114909,-0.010462,,,capture
08:29:00.061408,2,485,26,18,4305.250,325.688,168.0625,-0.074,-0.256,0.266,0.162668,0.114909,-0.010462,,,landing
08:29:00.072863,2,485,26,18,4305.250,325.688,168.0625,,,,0.162668,0.114909,-0.010462,,,capture
08:29:07.862284,2,486,26,17,4294.656,325.875,168.2812,,,,0.162722,0.114901,-0.010478,168.2812,80.3,periodic_af
08:29:08.554010,2,486,26,17,4294.656,325.875,168.2812,-0.307,-0.460,0.553,0.162722,0.114901,-0.010478,,,landing
08:29:08.579733,2,486,26,17,4294.656,325.875,168.2812,,,,0.162722,0.114901,-0.010478,,,capture
08:29:09.558753,2,487,26,16,4283.812,325.844,168.1562,-0.255,-0.625,0.675,0.162722,0.114901,-0.010478,,,landing
08:29:09.590585,2,487,26,16,4283.812,325.844,168.1562,,,,0.162722,0.114901,-0.010478,,,capture
08:29:10.654100,2,488,26,15,4272.656,325.188,168.0312,0.243,-0.181,0.303,0.162722,0.114901,-0.010478,,,landing
08:29:10.666566,2,488,26,15,4272.656,325.188,168.0312,,,,0.162722,0.114901,-0.010478,,,capture
08:29:18.311472,2,489,26,14,4262.281,324.969,168.3125,,,,0.162784,0.114884,-0.010494,168.3125,100.3,periodic_af
08:29:18.917742,2,489,26,14,4262.281,324.969,168.3125,0.076,0.077,0.108,0.162784,0.114884,-0.010494,,,landing
08:29:18.947468,2,489,26,14,4262.281,324.969,168.3125,,,,0.162784,0.114884,-0.010494,,,capture
08:29:19.926987,2,490,26,13,4251.875,325.031,168.1875,-0.236,0.234,0.332,0.162784,0.114884,-0.010494,,,landing
08:29:19.952197,2,490,26,13,4251.875,325.031,168.1875,,,,0.162784,0.114884,-0.010494,,,capture
08:29:20.788979,2,491,26,12,4240.812,325.250,168.0625,0.174,0.274,0.325,0.162784,0.114884,-0.010494,,,landing
08:29:20.813909,2,491,26,12,4240.812,325.250,168.0625,,,,0.162784,0.114884,-0.010494,,,capture
08:29:28.695272,2,492,26,11,4229.875,325.500,167.5000,,,,0.162841,0.114866,-0.010510,167.5000,98.5,periodic_af
08:29:29.277922,2,492,26,11,4229.875,325.500,167.5312,0.710,0.122,0.720,0.162841,0.114866,-0.010510,,,landing
08:29:29.302656,2,492,26,11,4229.875,325.500,167.5312,,,,0.162841,0.114866,-0.010510,,,capture
08:29:30.256150,2,493,26,10,4219.656,325.594,167.4062,0.049,0.033,0.059,0.162841,0.114866,-0.010510,,,landing
08:29:30.267845,2,493,26,10,4219.656,325.594,167.4062,,,,0.162841,0.114866,-0.010510,,,capture
08:29:31.249557,2,494,26,9,4208.562,325.594,167.2812,0.769,0.200,0.795,0.162841,0.114866,-0.010510,,,landing
08:29:31.262615,2,494,26,9,4208.562,325.594,167.2812,,,,0.162841,0.114866,-0.010510,,,capture
08:29:38.636270,2,495,26,8,4198.688,325.750,167.1875,,,,0.162897,0.114847,-0.010525,167.1875,90.3,periodic_af
08:29:39.285890,2,495,26,8,4198.688,325.750,167.1562,0.060,0.128,0.142,0.162897,0.114847,-0.010525,,,landing
08:29:39.316222,2,495,26,8,4198.688,325.750,167.1562,,,,0.162897,0.114847,-0.010525,,,capture
08:29:40.192229,2,496,26,7,4187.938,325.844,167.0312,0.181,0.156,0.239,0.162897,0.114847,-0.010525,,,landing
08:29:40.205579,2,496,26,7,4187.938,325.844,167.0312,,,,0.162897,0.114847,-0.010525,,,capture
08:29:41.159804,2,497,26,6,4177.250,325.969,166.9062,-0.037,0.046,0.059,0.162897,0.114847,-0.010525,,,landing
08:29:41.171087,2,497,26,6,4177.250,325.969,166.9062,,,,0.162897,0.114847,-0.010525,,,capture
08:29:48.727690,2,498,26,5,4166.312,326.000,166.6562,,,,0.162947,0.114834,-0.010541,166.6562,75.7,periodic_af
08:29:49.354711,2,498,26,5,4166.312,326.000,166.6250,0.318,0.060,0.323,0.162947,0.114834,-0.010541,,,landing
08:29:49.375668,2,498,26,5,4166.312,326.000,166.6250,,,,0.162947,0.114834,-0.010541,,,capture
08:29:50.339951,2,499,26,4,4155.844,326.031,166.5000,0.332,0.220,0.398,0.162947,0.114834,-0.010541,,,landing
08:29:50.372037,2,499,26,4,4155.844,326.031,166.5000,,,,0.162947,0.114834,-0.010541,,,capture
08:29:51.347714,2,500,25,4,4156.094,340.438,166.3438,0.507,7.760,7.777,0.162947,0.114834,-0.010541,,,landing
08:29:52.192856,2,500,25,4,4156.594,348.125,166.3438,,,,0.162947,0.114834,-0.010541,,,capture
08:30:00.113500,2,501,24,4,4156.438,362.594,165.7812,,,,0.162987,0.114837,-0.010557,165.7812,72.9,periodic_af
08:30:00.754798,2,501,24,4,4156.438,362.594,165.7812,0.634,-1.089,1.260,0.162987,0.114837,-0.010557,,,landing
08:30:00.775445,2,501,24,4,4156.438,362.594,165.7812,,,,0.162987,0.114837,-0.010557,,,capture
08:30:01.844786,2,502,23,4,4157.531,375.688,165.5938,-0.435,0.042,0.437,0.162987,0.114837,-0.010557,,,landing
08:30:01.874369,2,502,23,4,4157.531,375.688,165.5938,,,,0.162987,0.114837,-0.010557,,,capture
08:30:02.960503,2,503,22,4,4157.031,390.312,165.4062,0.483,-1.126,1.226,0.162987,0.114837,-0.010557,,,landing
08:30:02.974371,2,503,22,4,4157.031,390.312,165.4062,,,,0.162987,0.114837,-0.010557,,,capture
08:30:10.589961,2,504,21,4,4157.969,403.469,165.2500,,,,0.163023,0.114856,-0.010574,165.2500,94.9,periodic_af
08:30:11.255486,2,504,21,4,4157.969,403.469,165.1875,-0.059,-0.263,0.270,0.163023,0.114856,-0.010574,,,landing
08:30:11.276209,2,504,21,4,4157.969,403.469,165.1875,,,,0.163023,0.114856,-0.010574,,,capture
08:30:12.220215,2,505,20,4,4158.375,417.969,165.0000,-0.212,-1.361,1.378,0.163023,0.114856,-0.010574,,,landing
08:30:12.245964,2,505,20,4,4158.375,417.969,165.0000,,,,0.163023,0.114856,-0.010574,,,capture
08:30:13.258062,2,506,19,4,4158.594,430.844,164.8125,-0.130,-0.123,0.179,0.163023,0.114856,-0.010574,,,landing
08:30:13.270283,2,506,19,4,4158.594,430.844,164.8125,,,,0.163023,0.114856,-0.010574,,,capture
08:30:21.201399,2,507,18,4,4158.906,445.156,164.8438,,,,0.163061,0.114885,-0.010592,164.8438,80.1,periodic_af
08:30:21.875074,2,507,18,4,4158.906,445.156,164.8438,-0.361,-0.165,0.397,0.163061,0.114885,-0.010592,,,landing
08:30:21.906264,2,507,18,4,4158.906,445.156,164.8438,,,,0.163061,0.114885,-0.010592,,,capture
08:30:23.000891,2,508,17,4,4158.469,459.656,164.6562,0.134,-0.334,0.360,0.163061,0.114885,-0.010592,,,landing
08:30:23.023406,2,508,17,4,4158.469,459.656,164.6562,,,,0.163061,0.114885,-0.010592,,,capture
08:30:24.023674,2,509,16,4,4158.531,473.406,164.5000,0.328,0.711,0.783,0.163061,0.114885,-0.010592,,,landing
08:30:24.049456,2,509,16,4,4158.531,473.406,164.5000,,,,0.163061,0.114885,-0.010592,,,capture
08:30:31.957847,2,510,15,4,4158.750,488.219,164.5938,,,,0.163105,0.114915,-0.010610,164.5938,86.9,periodic_af
08:30:32.546182,2,510,15,4,4158.750,488.219,164.5312,0.397,0.635,0.749,0.163105,0.114915,-0.010610,,,landing
08:30:32.576000,2,510,15,4,4158.750,488.219,164.5312,,,,0.163105,0.114915,-0.010610,,,capture
08:30:33.759959,2,511,14,4,4159.062,503.312,164.3438,0.370,0.236,0.439,0.163105,0.114915,-0.010610,,,landing
08:30:33.771684,2,511,14,4,4159.062,503.312,164.3438,,,,0.163105,0.114915,-0.010610,,,capture
08:30:34.791050,2,512,13,4,4159.344,517.781,164.1562,0.281,0.453,0.533,0.163105,0.114915,-0.010610,,,landing
08:30:34.801797,2,512,13,4,4159.344,517.781,164.1562,,,,0.163105,0.114915,-0.010610,,,capture
08:30:42.944262,2,513,12,4,4159.531,532.219,163.7812,,,,0.163159,0.114950,-0.010630,163.7812,86.9,periodic_af
08:30:43.571023,2,513,12,4,4159.531,532.219,163.7812,0.339,0.637,0.721,0.163159,0.114950,-0.010630,,,landing
08:30:43.606578,2,513,12,4,4159.531,532.219,163.7812,,,,0.163159,0.114950,-0.010630,,,capture
08:30:44.643616,2,514,11,4,4159.781,546.875,163.5938,0.208,0.497,0.539,0.163159,0.114950,-0.010630,,,landing
08:30:44.669294,2,514,11,4,4159.781,546.875,163.5938,,,,0.163159,0.114950,-0.010630,,,capture
08:30:45.654010,2,515,10,4,4159.906,561.281,163.4375,0.320,0.260,0.412,0.163159,0.114950,-0.010630,,,landing
08:30:45.666180,2,515,10,4,4159.906,561.281,163.4375,,,,0.163159,0.114950,-0.010630,,,capture
08:30:53.372203,2,516,9,4,4160.156,575.594,163.5000,,,,0.163226,0.114975,-0.010651,163.5000,80.7,periodic_af
08:30:53.948258,2,516,9,4,4160.156,575.594,163.4688,0.330,-0.302,0.447,0.163226,0.114975,-0.010651,,,landing
08:30:53.981304,2,516,9,4,4160.156,575.594,163.4688,,,,0.163226,0.114975,-0.010651,,,capture
08:30:54.917752,2,517,8,4,4160.406,589.312,163.2812,0.286,-0.161,0.328,0.163226,0.114975,-0.010651,,,landing
08:30:54.943904,2,517,8,4,4160.406,589.312,163.2812,,,,0.163226,0.114975,-0.010651,,,capture
08:30:56.054512,2,518,7,4,4160.594,603.188,163.0938,0.301,-0.212,0.368,0.163226,0.114975,-0.010651,,,landing
08:30:56.066337,2,518,7,4,4160.594,603.188,163.0938,,,,0.163226,0.114975,-0.010651,,,capture
08:31:03.383237,2,519,6,4,4160.812,616.844,162.8750,,,,0.163300,0.114995,-0.010673,162.8750,85.5,periodic_af
08:31:03.886664,2,519,6,4,4160.812,616.844,162.8750,0.369,-0.190,0.415,0.163300,0.114995,-0.010673,,,landing
08:31:03.902873,2,519,6,4,4160.812,616.844,162.8750,,,,0.163300,0.114995,-0.010673,,,capture
08:31:04.956354,2,520,5,4,4161.062,630.938,162.6875,0.374,-0.408,0.553,0.163300,0.114995,-0.010673,,,landing
08:31:04.970187,2,520,5,4,4161.062,630.938,162.6875,,,,0.163300,0.114995,-0.010673,,,capture
08:31:06.155510,2,521,5,5,4172.281,630.562,162.7812,-0.214,-0.403,0.457,0.163300,0.114995,-0.010673,,,landing
08:31:06.167856,2,521,5,5,4172.281,630.562,162.7812,,,,0.163300,0.114995,-0.010673,,,capture
08:31:14.057243,2,522,5,6,4182.656,630.156,162.8125,,,,0.163378,0.115010,-0.010697,162.8125,68.7,periodic_af
08:31:14.615767,2,522,5,6,4182.656,630.156,162.8125,0.055,-0.288,0.293,0.163378,0.115010,-0.010697,,,landing
08:31:14.641737,2,522,5,6,4182.656,630.156,162.8125,,,,0.163378,0.115010,-0.010697,,,capture
08:31:15.655705,2,523,5,7,4193.656,629.906,162.9062,-0.324,-0.179,0.370,0.163378,0.115010,-0.010697,,,landing
08:31:15.667720,2,523,5,7,4193.656,629.906,162.9062,,,,0.163378,0.115010,-0.010697,,,capture
08:31:16.511149,2,524,5,8,4204.062,629.750,163.0000,-0.085,-0.126,0.152,0.163378,0.115010,-0.010697,,,landing
08:31:16.536647,2,524,5,8,4204.062,629.750,163.0000,,,,0.163378,0.115010,-0.010697,,,capture
08:31:24.341263,2,525,5,9,4214.656,629.656,163.2188,,,,0.163456,0.115024,-0.010720,163.2188,87.6,periodic_af
08:31:24.909653,2,525,5,9,4214.656,629.656,163.2188,-0.100,-0.157,0.186,0.163456,0.115024,-0.010720,,,landing
08:31:24.945455,2,525,5,9,4214.656,629.656,163.2188,,,,0.163456,0.115024,-0.010720,,,capture
08:31:26.056053,2,526,5,10,4225.344,629.531,163.3125,-0.150,-0.123,0.194,0.163456,0.115024,-0.010720,,,landing
08:31:26.068221,2,526,5,10,4225.344,629.531,163.3125,,,,0.163456,0.115024,-0.010720,,,capture
08:31:27.062502,2,527,5,11,4235.500,629.438,163.4062,0.180,-0.016,0.181,0.163456,0.115024,-0.010720,,,landing
08:31:27.073509,2,527,5,11,4235.500,629.438,163.4062,,,,0.163456,0.115024,-0.010720,,,capture
08:31:34.474478,2,528,5,12,4246.094,629.469,163.8438,,,,0.163526,0.115038,-0.010743,163.8438,65.1,periodic_af
08:31:35.006132,2,528,5,12,4246.094,629.469,163.8438,0.175,-0.138,0.223,0.163526,0.115038,-0.010743,,,landing
08:31:35.035880,2,528,5,12,4246.094,629.469,163.8438,,,,0.163526,0.115038,-0.010743,,,capture
08:31:36.025599,2,529,5,13,4257.344,629.344,163.9375,-0.268,0.128,0.297,0.163526,0.115038,-0.010743,,,landing
08:31:36.051294,2,529,5,13,4257.344,629.344,163.9375,,,,0.163526,0.115038,-0.010743,,,capture
08:31:37.031573,2,530,5,14,4267.312,629.000,164.0312,0.261,0.066,0.269,0.163526,0.115038,-0.010743,,,landing
08:31:37.056342,2,530,5,14,4267.312,629.000,164.0312,,,,0.163526,0.115038,-0.010743,,,capture
08:31:44.756250,2,531,5,15,4277.844,629.094,164.0938,,,,0.163589,0.115052,-0.010764,164.0938,77.5,periodic_af
08:31:45.356547,2,531,5,15,4277.844,629.094,164.0938,0.187,-0.395,0.437,0.163589,0.115052,-0.010764,,,landing
08:31:45.375462,2,531,5,15,4277.844,629.094,164.0938,,,,0.163589,0.115052,-0.010764,,,capture
08:31:46.448593,2,532,5,16,4288.500,628.219,164.1875,0.273,0.607,0.665,0.163589,0.115052,-0.010764,,,landing
08:31:46.461480,2,532,5,16,4288.500,628.219,164.1875,,,,0.163589,0.115052,-0.010764,,,capture
08:31:47.291935,2,533,5,17,4299.031,628.844,164.2812,0.399,0.069,0.405,0.163589,0.115052,-0.010764,,,landing
08:31:47.322010,2,533,5,17,4299.031,628.844,164.2812,,,,0.163589,0.115052,-0.010764,,,capture
08:31:55.082819,2,534,5,18,4309.750,628.938,164.3438,,,,0.163651,0.115066,-0.010785,164.3438,80.4,periodic_af
08:31:55.616553,2,534,5,18,4309.750,628.938,164.3125,0.293,0.163,0.335,0.163651,0.115066,-0.010785,,,landing
08:31:55.641518,2,534,5,18,4309.750,628.938,164.3125,,,,0.163651,0.115066,-0.010785,,,capture
08:31:56.721693,2,535,5,19,4320.406,628.625,164.4062,0.103,0.070,0.125,0.163651,0.115066,-0.010785,,,landing
08:31:56.734723,2,535,5,19,4320.406,628.625,164.4062,,,,0.163651,0.115066,-0.010785,,,capture
08:31:57.791158,2,536,5,20,4331.375,628.562,164.5000,-0.189,-0.078,0.205,0.163651,0.115066,-0.010785,,,landing
08:31:57.803044,2,536,5,20,4331.375,628.562,164.5000,,,,0.163651,0.115066,-0.010785,,,capture
08:32:05.545654,2,537,5,21,4341.812,628.438,164.3438,,,,0.163720,0.115075,-0.010806,164.3438,76.3,periodic_af
08:32:06.117087,2,537,5,21,4341.812,628.438,164.3125,-0.034,-0.193,0.196,0.163720,0.115075,-0.010806,,,landing
08:32:06.151938,2,537,5,21,4341.812,628.438,164.3125,,,,0.163720,0.115075,-0.010806,,,capture
08:32:07.021310,2,538,5,22,4352.594,628.281,164.4062,-0.116,-0.154,0.193,0.163720,0.115075,-0.010806,,,landing
08:32:07.041961,2,538,5,22,4352.594,628.281,164.4062,,,,0.163720,0.115075,-0.010806,,,capture
08:32:08.057341,2,539,5,23,4363.156,628.156,164.5000,0.090,-0.159,0.183,0.163720,0.115075,-0.010806,,,landing
08:32:08.069602,2,539,5,23,4363.156,628.156,164.5000,,,,0.163720,0.115075,-0.010806,,,capture
08:32:15.809012,2,540,5,24,4374.031,628.031,164.7188,,,,0.163792,0.115078,-0.010826,164.7188,74.4,periodic_af
08:32:16.304333,2,540,5,24,4374.031,628.031,164.4062,-0.117,0.052,0.128,0.163792,0.115078,-0.010826,,,landing
08:32:16.324095,2,540,5,24,4374.031,628.031,164.4062,,,,0.163792,0.115078,-0.010826,,,capture
08:32:17.471561,2,541,5,25,4384.594,627.594,164.5000,-0.026,0.067,0.072,0.163792,0.115078,-0.010826,,,landing
08:32:17.496845,2,541,5,25,4384.594,627.594,164.5000,,,,0.163792,0.115078,-0.010826,,,capture
08:32:18.569627,2,542,6,25,4384.656,613.375,164.6562,-0.583,-6.305,6.332,0.163792,0.115078,-0.010826,,,landing
08:32:19.426216,2,542,6,25,4384.062,606.906,164.6562,,,,0.163792,0.115078,-0.010826,,,capture
08:32:27.065775,2,543,7,25,4383.375,592.406,165.0625,,,,0.163869,0.115071,-0.010848,165.0625,58.5,periodic_af
08:32:27.611850,2,543,7,25,4383.375,592.406,164.9688,0.137,0.746,0.759,0.163869,0.115071,-0.010848,,,landing
08:32:27.641843,2,543,7,25,4383.375,592.406,164.9688,,,,0.163869,0.115071,-0.010848,,,capture
08:32:28.666717,2,544,8,25,4383.094,578.312,165.1250,0.257,0.469,0.535,0.163869,0.115071,-0.010848,,,landing
08:32:28.688525,2,544,8,25,4383.094,578.312,165.1250,,,,0.163869,0.115071,-0.010848,,,capture
08:32:29.625593,2,545,9,25,4382.938,563.938,165.2812,0.155,0.851,0.865,0.163869,0.115071,-0.010848,,,landing
08:32:29.650871,2,545,9,25,4382.938,563.938,165.2812,,,,0.163869,0.115071,-0.010848,,,capture
08:32:37.050764,2,546,10,25,4382.688,550.125,165.9062,,,,0.163941,0.115067,-0.010868,165.9062,30.6,periodic_af
08:32:37.770844,2,546,10,25,4382.688,550.125,165.9062,0.107,0.622,0.631,0.163941,0.115067,-0.010868,,,landing
08:32:37.804905,2,546,10,25,4382.688,550.125,165.9062,,,,0.163941,0.115067,-0.010868,,,capture
08:32:38.866663,2,547,11,25,4382.375,535.844,166.0625,0.226,0.500,0.549,0.163941,0.115067,-0.010868,,,landing
08:32:38.880045,2,547,11,25,4382.375,535.844,166.0625,,,,0.163941,0.115067,-0.010868,,,capture
08:32:39.873770,2,548,12,25,4382.188,521.938,166.2188,0.463,0.010,0.463,0.163941,0.115067,-0.010868,,,landing
08:32:39.898867,2,548,12,25,4382.188,521.938,166.2188,,,,0.163941,0.115067,-0.010868,,,capture
08:32:47.462431,2,549,13,25,4382.750,507.438,166.6250,,,,0.164007,0.115072,-0.010887,166.6250,84.5,periodic_af
08:32:48.063388,2,549,13,25,4382.750,507.438,166.5938,-0.071,0.063,0.095,0.164007,0.115072,-0.010887,,,landing
08:32:48.081371,2,549,13,25,4382.750,507.438,166.5938,,,,0.164007,0.115072,-0.010887,,,capture
08:32:49.127430,2,550,14,25,4382.750,493.000,166.7500,-0.266,0.055,0.272,0.164007,0.115072,-0.010887,,,landing
08:32:49.149387,2,550,14,25,4382.750,493.000,166.7500,,,,0.164007,0.115072,-0.010887,,,capture
08:32:50.161258,2,551,15,25,4382.062,478.500,166.9062,0.030,-0.372,0.373,0.164007,0.115072,-0.010887,,,landing
08:32:50.173387,2,551,15,25,4382.062,478.500,166.9062,,,,0.164007,0.115072,-0.010887,,,capture
08:32:57.792204,2,552,16,25,4381.688,463.312,166.9375,,,,0.164070,0.115083,-0.010905,166.9375,91.4,periodic_af
08:32:58.289964,2,552,16,25,4381.688,463.312,167.0000,-0.330,0.248,0.413,0.164070,0.115083,-0.010905,,,landing
08:32:58.306669,2,552,16,25,4381.688,463.312,167.0000,,,,0.164070,0.115083,-0.010905,,,capture
08:32:59.348927,2,553,17,25,4380.938,448.844,167.1562,0.482,-0.054,0.485,0.164070,0.115083,-0.010905,,,landing
08:32:59.361921,2,553,17,25,4380.938,448.844,167.1562,,,,0.164070,0.115083,-0.010905,,,capture
08:33:00.343909,2,554,18,25,4381.500,434.406,167.3125,0.023,0.426,0.426,0.164070,0.115083,-0.010905,,,landing
08:33:00.371509,2,554,18,25,4381.500,434.406,167.3125,,,,0.164070,0.115083,-0.010905,,,capture
08:33:07.916634,2,555,19,25,4381.000,420.562,167.5312,,,,0.164134,0.115103,-0.010922,167.5312,101.6,periodic_af
08:33:08.582699,2,555,19,25,4381.000,420.562,167.7188,-0.112,0.303,0.323,0.164134,0.115103,-0.010922,,,landing
08:33:08.612940,2,555,19,25,4381.000,420.562,167.7188,,,,0.164134,0.115103,-0.010922,,,capture
08:33:09.656830,2,556,20,25,4380.969,406.062,167.8750,-0.351,1.118,1.172,0.164134,0.115103,-0.010922,,,landing
08:33:09.669057,2,556,20,25,4380.969,406.062,167.8750,,,,0.164134,0.115103,-0.010922,,,capture
08:33:10.669663,2,557,21,25,4380.719,392.594,168.0312,-0.142,0.962,0.973,0.164134,0.115103,-0.010922,,,landing
08:33:10.691192,2,557,21,25,4380.719,392.594,168.0312,,,,0.164134,0.115103,-0.010922,,,capture
08:33:18.356169,2,558,22,25,4380.031,378.969,168.2188,,,,0.164205,0.115134,-0.010937,168.2188,91.5,periodic_af
08:33:18.957612,2,558,22,25,4380.031,378.969,168.1875,-0.007,0.875,0.875,0.164205,0.115134,-0.010937,,,landing
08:33:18.987102,2,558,22,25,4380.031,378.969,168.1875,,,,0.164205,0.115134,-0.010937,,,capture
08:33:20.064049,2,559,23,25,4380.125,365.094,168.3438,-0.514,0.999,1.124,0.164205,0.115134,-0.010937,,,landing
08:33:20.075864,2,559,23,25,4380.125,365.094,168.3438,,,,0.164205,0.115134,-0.010937,,,capture
08:33:21.159434,2,560,24,25,4379.156,351.625,168.5000,0.175,0.414,0.449,0.164205,0.115134,-0.010937,,,landing
08:33:21.171176,2,560,24,25,4379.156,351.625,168.5000,,,,0.164205,0.115134,-0.010937,,,capture
08:33:28.939365,2,561,25,25,4378.875,337.469,168.5000,,,,0.164282,0.115171,-0.010951,168.5000,98.1,periodic_af
08:33:29.558357,2,561,25,25,4378.875,337.469,168.5000,0.138,0.313,0.342,0.164282,0.115171,-0.010951,,,landing
08:33:29.579033,2,561,25,25,4378.875,337.469,168.5000,,,,0.164282,0.115171,-0.010951,,,capture
08:33:30.651419,2,562,25,24,4368.688,338.281,168.3750,0.126,0.251,0.281,0.164282,0.115171,-0.010951,,,landing
08:33:30.663785,2,562,25,24,4368.688,338.281,168.3750,,,,0.164282,0.115171,-0.010951,,,capture
08:33:31.511246,2,563,25,23,4358.344,339.406,168.2500,-0.317,0.138,0.346,0.164282,0.115171,-0.010951,,,landing
08:33:31.532093,2,563,25,23,4358.344,339.406,168.2500,,,,0.164282,0.115171,-0.010951,,,capture
08:33:39.153310,2,564,25,22,4347.562,340.031,167.9688,,,,0.164361,0.115210,-0.010965,167.9688,99.9,periodic_af
08:33:39.750447,2,564,25,22,4347.562,340.031,167.9688,-0.147,-0.237,0.279,0.164361,0.115210,-0.010965,,,landing
08:33:39.771243,2,564,25,22,4347.562,340.031,167.9688,,,,0.164361,0.115210,-0.010965,,,capture
08:33:40.871353,2,565,25,21,4336.625,339.781,167.8438,0.289,0.224,0.366,0.164361,0.115210,-0.010965,,,landing
08:33:40.900056,2,565,25,21,4336.625,339.781,167.8438,,,,0.164361,0.115210,-0.010965,,,capture
08:33:41.880087,2,566,25,20,4326.688,340.500,167.7188,-0.411,1.129,1.202,0.164361,0.115210,-0.010965,,,landing
08:33:41.910219,2,566,25,20,4326.688,340.500,167.7188,,,,0.164361,0.115210,-0.010965,,,capture
08:33:49.613180,2,567,25,19,4315.906,342.156,167.9688,,,,0.164448,0.115251,-0.010976,167.9688,95.2,periodic_af
08:33:50.268215,2,567,25,19,4315.906,342.156,167.9688,-0.457,-0.857,0.971,0.164448,0.115251,-0.010976,,,landing
08:33:50.296903,2,567,25,19,4315.906,342.156,167.9688,,,,0.164448,0.115251,-0.010976,,,capture
08:33:51.396429,2,568,25,18,4305.062,341.781,167.8438,0.271,0.383,0.469,0.164448,0.115251,-0.010976,,,landing
08:33:51.408724,2,568,25,18,4305.062,341.781,167.8438,,,,0.164448,0.115251,-0.010976,,,capture
08:33:52.437616,2,569,25,17,4294.875,342.656,167.7188,-0.418,-1.048,1.128,0.164448,0.115251,-0.010976,,,landing
08:33:52.448740,2,569,25,17,4294.875,342.656,167.7188,,,,0.164448,0.115251,-0.010976,,,capture
08:34:00.005753,2,570,25,16,4284.031,342.062,168.0000,,,,0.164551,0.115289,-0.010986,168.0000,91.4,periodic_af
08:34:00.749121,2,570,25,16,4284.031,342.062,168.0000,-0.099,-0.808,0.814,0.164551,0.115289,-0.010986,,,landing
08:34:00.770996,2,570,25,16,4284.031,342.062,168.0000,,,,0.164551,0.115289,-0.010986,,,capture
08:34:01.859898,2,571,25,15,4273.344,341.719,167.8750,-0.134,-0.463,0.482,0.164551,0.115289,-0.010986,,,landing
08:34:01.871664,2,571,25,15,4273.344,341.719,167.8750,,,,0.164551,0.115289,-0.010986,,,capture
08:34:02.853719,2,572,25,14,4262.781,341.688,167.7500,-0.221,-0.339,0.405,0.164551,0.115289,-0.010986,,,landing
08:34:02.866027,2,572,25,14,4262.781,341.688,167.7500,,,,0.164551,0.115289,-0.010986,,,capture
08:34:10.355906,2,573,25,13,4251.875,341.781,167.4688,,,,0.164666,0.115320,-0.010995,167.4688,96.0,periodic_af
08:34:10.920383,2,573,25,13,4251.875,341.781,167.4062,0.047,-0.273,0.277,0.164666,0.115320,-0.010995,,,landing
08:34:10.946958,2,573,25,13,4251.875,341.781,167.4062,,,,0.164666,0.115320,-0.010995,,,capture
08:34:11.961883,2,574,25,12,4241.562,341.938,167.2812,-0.301,-0.249,0.390,0.164666,0.115320,-0.010995,,,landing
08:34:11.989945,2,574,25,12,4241.562,341.938,167.2812,,,,0.164666,0.115320,-0.010995,,,capture
08:34:12.958707,2,575,25,11,4230.719,342.125,167.1562,0.054,-0.342,0.347,0.164666,0.115320,-0.010995,,,landing
08:34:12.971050,2,575,25,11,4230.719,342.125,167.1562,,,,0.164666,0.115320,-0.010995,,,capture
08:34:20.411867,2,576,25,10,4220.375,342.219,166.8125,,,,0.164783,0.115341,-0.011003,166.8125,93.1,periodic_af
08:34:21.068414,2,576,25,10,4220.375,342.219,166.0625,-0.007,-0.560,0.560,0.164783,0.115341,-0.011003,,,landing
08:34:21.087320,2,576,25,10,4220.375,342.219,166.0625,,,,0.164783,0.115341,-0.011003,,,capture
08:34:22.071966,2,577,25,9,4209.281,341.625,165.9375,0.216,-0.232,0.317,0.164783,0.115341,-0.011003,,,landing
08:34:22.093112,2,577,25,9,4209.281,341.625,165.9375,,,,0.164783,0.115341,-0.011003,,,capture
08:34:23.180306,2,578,25,8,4198.969,341.344,165.8125,-0.049,0.113,0.123,0.164783,0.115341,-0.011003,,,landing
08:34:23.210205,2,578,25,8,4198.969,341.344,165.8125,,,,0.164783,0.115341,-0.011003,,,capture
08:34:30.710714,2,579,25,7,4188.281,341.438,166.1250,,,,0.164891,0.115354,-0.011011,166.1250,57.8,periodic_af
08:34:31.352772,2,579,25,7,4188.281,341.438,166.1250,0.015,0.122,0.123,0.164891,0.115354,-0.011011,,,landing
08:34:31.372253,2,579,25,7,4188.281,341.438,166.1250,,,,0.164891,0.115354,-0.011011,,,capture
08:34:32.459645,2,580,25,6,4177.594,341.531,166.0000,-0.019,0.186,0.187,0.164891,0.115354,-0.011011,,,landing
08:34:32.472045,2,580,25,6,4177.594,341.531,166.0000,,,,0.164891,0.115354,-0.011011,,,capture
08:34:33.456005,2,581,25,5,4166.656,341.688,165.8750,0.028,0.113,0.116,0.164891,0.115354,-0.011011,,,landing
08:34:33.472924,2,581,25,5,4166.656,341.688,165.8750,,,,0.164891,0.115354,-0.011011,,,capture
08:34:41.084881,2,582,24,5,4167.125,356.125,165.5625,,,,0.164988,0.115364,-0.011020,165.5625,64.5,periodic_af
08:34:41.775097,2,582,24,5,4167.125,356.125,165.0938,0.468,3.013,3.049,0.164988,0.115364,-0.011020,,,landing
08:34:42.461063,2,582,24,5,4167.688,359.188,165.0938,,,,0.164988,0.115364,-0.011020,,,capture
08:34:43.597161,2,583,23,5,4168.125,373.688,164.9062,-0.160,-0.576,0.597,0.164988,0.115364,-0.011020,,,landing
08:34:43.619434,2,583,23,5,4168.125,373.688,164.9062,,,,0.164988,0.115364,-0.011020,,,capture
08:34:44.646914,2,584,22,5,4168.438,387.375,164.7188,-0.223,-0.429,0.483,0.164988,0.115364,-0.011020,,,landing
08:34:44.670628,2,584,22,5,4168.438,387.375,164.7188,,,,0.164988,0.115364,-0.011020,,,capture
08:34:52.145561,2,585,21,5,4168.656,401.250,164.9375,,,,0.165073,0.115372,-0.011029,164.9375,78.7,periodic_af
08:34:52.849364,2,585,21,5,4168.656,401.250,164.9375,-0.206,-0.517,0.557,0.165073,0.115372,-0.011029,,,landing
08:34:52.870236,2,585,21,5,4168.656,401.250,164.9375,,,,0.165073,0.115372,-0.011029,,,capture
08:34:54.010212,2,586,20,5,4168.875,415.219,164.7500,-0.419,-0.807,0.910,0.165073,0.115372,-0.011029,,,landing
08:34:54.020966,2,586,20,5,4168.875,415.219,164.7500,,,,0.165073,0.115372,-0.011029,,,capture
08:34:55.089409,2,587,19,5,4168.344,429.094,164.5625,0.233,-0.655,0.695,0.165073,0.115372,-0.011029,,,landing
08:34:55.114633,2,587,19,5,4168.344,429.094,164.5625,,,,0.165073,0.115372,-0.011029,,,capture
08:35:03.084899,2,588,18,5,4168.500,442.312,164.4375,,,,0.165151,0.115378,-0.011038,164.4375,64.0,periodic_af
08:35:03.611655,2,588,18,5,4168.500,442.312,164.4375,0.592,3.033,3.090,0.165151,0.115378,-0.011038,,,landing
08:35:04.367408,2,588,18,5,4169.219,445.062,164.4375,,,,0.165151,0.115378,-0.011038,,,capture
08:35:05.293824,2,589,17,5,4168.938,459.875,164.2500,0.169,-0.128,0.212,0.165151,0.115378,-0.011038,,,landing
08:35:05.315025,2,589,17,5,4168.938,459.875,164.2500,,,,0.165151,0.115378,-0.011038,,,capture
08:35:06.215050,2,590,16,5,4169.031,473.969,164.0625,0.357,0.536,0.644,0.165151,0.115378,-0.011038,,,landing
08:35:06.235933,2,590,16,5,4169.031,473.969,164.0625,,,,0.165151,0.115378,-0.011038,,,capture
08:35:13.900378,2,591,15,5,4169.312,488.656,163.8125,,,,0.165214,0.115378,-0.011048,163.8125,81.6,periodic_af
08:35:14.406578,2,591,15,5,4169.312,488.656,163.7188,0.371,0.579,0.688,0.165214,0.115378,-0.011048,,,landing
08:35:14.429279,2,591,15,5,4169.312,488.656,163.7188,,,,0.165214,0.115378,-0.011048,,,capture
08:35:15.458850,2,592,14,5,4169.594,503.406,163.5625,0.285,0.552,0.621,0.165214,0.115378,-0.011048,,,landing
08:35:15.471113,2,592,14,5,4169.594,503.406,163.5625,,,,0.165214,0.115378,-0.011048,,,capture
08:35:16.425328,2,593,13,5,4169.812,518.094,163.3750,0.249,0.584,0.635,0.165214,0.115378,-0.011048,,,landing
08:35:16.446034,2,593,13,5,4169.812,518.094,163.3750,,,,0.165214,0.115378,-0.011048,,,capture
08:35:24.345529,2,594,12,5,4169.969,533.344,163.6875,,,,0.165265,0.115367,-0.011056,163.6875,67.8,periodic_af
08:35:25.065242,2,594,12,5,4169.969,533.344,163.6875,0.354,-0.009,0.354,0.165265,0.115367,-0.011056,,,landing
08:35:25.095706,2,594,12,5,4169.969,533.344,163.6875,,,,0.165265,0.115367,-0.011056,,,capture
08:35:26.148101,2,595,11,5,4170.250,547.531,163.5312,0.242,0.318,0.400,0.165265,0.115367,-0.011056,,,landing
08:35:26.159849,2,595,11,5,4170.250,547.531,163.5312,,,,0.165265,0.115367,-0.011056,,,capture
08:35:27.124652,2,596,10,5,4170.406,561.844,163.3438,0.313,0.103,0.330,0.165265,0.115367,-0.011056,,,landing
08:35:27.152085,2,596,10,5,4170.406,561.844,163.3438,,,,0.165265,0.115367,-0.011056,,,capture
08:35:34.915612,2,597,9,5,4170.625,576.062,163.0000,,,,0.165315,0.115359,-0.011063,163.0000,73.4,periodic_af
08:35:35.559001,2,597,9,5,4170.625,576.062,162.9375,0.315,-0.287,0.426,0.165315,0.115359,-0.011063,,,landing
08:35:35.584269,2,597,9,5,4170.625,576.062,162.9375,,,,0.165315,0.115359,-0.011063,,,capture
08:35:36.690070,2,598,8,5,4170.875,589.750,162.7500,0.321,-0.167,0.362,0.165315,0.115359,-0.011063,,,landing
08:35:36.725253,2,598,8,5,4170.875,589.750,162.7500,,,,0.165315,0.115359,-0.011063,,,capture
08:35:37.767726,2,599,7,5,4171.125,604.312,162.5938,0.345,-1.026,1.082,0.165315,0.115359,-0.011063,,,landing
08:35:37.797447,2,599,7,5,4171.125,604.312,162.5938,,,,0.165315,0.115359,-0.011063,,,capture
08:35:45.356422,2,600,6,5,4171.406,617.312,162.2812,,,,0.165371,0.115362,-0.011069,162.2812,91.6,periodic_af
08:35:45.918360,2,600,6,5,4171.406,617.312,162.2500,0.311,-0.217,0.380,0.165371,0.115362,-0.011069,,,landing
08:35:45.944313,2,600,6,5,4171.406,617.312,162.2500,,,,0.165371,0.115362,-0.011069,,,capture
08:35:46.864689,2,601,6,6,4182.781,617.125,162.3438,-0.465,-0.243,0.525,0.165371,0.115362,-0.011069,,,landing
08:35:46.889232,2,601,6,6,4182.781,617.125,162.3438,,,,0.165371,0.115362,-0.011069,,,capture
08:35:47.879619,2,602,6,7,4193.062,616.906,162.4375,-0.186,-0.310,0.361,0.165371,0.115362,-0.011069,,,landing
08:35:47.905075,2,602,6,7,4193.062,616.906,162.4375,,,,0.165371,0.115362,-0.011069,,,capture
08:35:55.416973,2,603,6,8,4203.531,616.625,162.8750,,,,0.165415,0.115358,-0.011074,162.8750,87.8,periodic_af
08:35:56.033405,2,603,6,8,4203.531,616.625,162.8750,0.104,-0.248,0.269,0.165415,0.115358,-0.011074,,,landing
08:35:56.064023,2,603,6,8,4203.531,616.625,162.8750,,,,0.165415,0.115358,-0.011074,,,capture
08:35:57.054204,2,604,6,9,4214.375,616.406,162.9688,-0.182,-0.114,0.215,0.165415,0.115358,-0.011074,,,landing
08:35:57.066538,2,604,6,9,4214.375,616.406,162.9688,,,,0.165415,0.115358,-0.011074,,,capture
08:35:57.956511,2,605,6,10,4225.031,616.312,163.0625,-0.040,0.103,0.110,0.165415,0.115358,-0.011074,,,landing
08:35:57.968776,2,605,6,10,4225.031,616.312,163.0625,,,,0.165415,0.115358,-0.011074,,,capture
08:36:05.395428,2,606,6,11,4235.531,615.969,163.3125,,,,0.165452,0.115357,-0.011077,163.3125,79.6,periodic_af
08:36:06.054700,2,606,6,11,4235.531,615.969,163.3125,-0.206,0.091,0.225,0.165452,0.115357,-0.011077,,,landing
08:36:06.081108,2,606,6,11,4235.531,615.969,163.3125,,,,0.165452,0.115357,-0.011077,,,capture
08:36:07.156362,2,607,6,12,4245.844,616.094,163.4062,0.063,-0.035,0.072,0.165452,0.115357,-0.011077,,,landing
08:36:07.168541,2,607,6,12,4245.844,616.094,163.4062,,,,0.165452,0.115357,-0.011077,,,capture
08:36:08.118817,2,608,6,13,4256.594,616.094,163.5000,-0.035,-0.141,0.146,0.165452,0.115357,-0.011077,,,landing
08:36:08.147465,2,608,6,13,4256.594,616.094,163.5000,,,,0.165452,0.115357,-0.011077,,,capture
08:36:15.828285,2,609,6,14,4267.312,615.969,163.5938,,,,0.165475,0.115355,-0.011080,163.5938,94.0,periodic_af
08:36:16.454287,2,609,6,14,4267.312,615.969,163.4375,-0.114,-0.128,0.171,0.165475,0.115355,-0.011080,,,landing
08:36:16.473577,2,609,6,14,4267.312,615.969,163.4375,,,,0.165475,0.115355,-0.011080,,,capture
08:36:17.463105,2,610,6,15,4278.000,615.875,163.5312,-0.201,-0.106,0.227,0.165475,0.115355,-0.011080,,,landing
08:36:17.474638,2,610,6,15,4278.000,615.875,163.5312,,,,0.165475,0.115355,-0.011080,,,capture
08:36:18.423425,2,611,6,16,4288.469,615.812,163.6250,-0.055,-0.143,0.153,0.165475,0.115355,-0.011080,,,landing
08:36:18.446966,2,611,6,16,4288.469,615.812,163.6250,,,,0.165475,0.115355,-0.011080,,,capture
08:36:26.334116,2,612,6,17,4299.156,615.719,163.8438,,,,0.165488,0.115354,-0.011082,163.8438,85.3,periodic_af
08:36:26.942703,2,612,6,17,4299.156,615.719,163.8750,-0.051,0.099,0.112,0.165488,0.115354,-0.011082,,,landing
08:36:26.965849,2,612,6,17,4299.156,615.719,163.8750,,,,0.165488,0.115354,-0.011082,,,capture
08:36:27.955175,2,613,6,18,4309.469,615.312,163.9688,0.099,0.180,0.205,0.165488,0.115354,-0.011082,,,landing
08:36:27.986550,2,613,6,18,4309.469,615.312,163.9688,,,,0.165488,0.115354,-0.011082,,,capture
08:36:28.964587,2,614,6,19,4320.062,615.531,164.0625,0.208,-0.111,0.236,0.165488,0.115354,-0.011082,,,landing
08:36:28.992011,2,614,6,19,4320.062,615.531,164.0625,,,,0.165488,0.115354,-0.011082,,,capture
08:36:36.181082,2,615,6,20,4331.125,615.438,164.0938,,,,0.165504,0.115360,-0.011082,164.0938,92.2,periodic_af
08:36:36.753529,2,615,6,20,4331.125,615.438,164.0625,-0.081,0.189,0.206,0.165504,0.115360,-0.011082,,,landing
08:36:36.826256,2,615,6,20,4331.125,615.438,164.0625,,,,0.165504,0.115360,-0.011082,,,capture
08:36:37.830102,2,616,6,21,4341.500,615.125,164.1562,-0.056,0.038,0.067,0.165504,0.115360,-0.011082,,,landing
08:36:37.866096,2,616,6,21,4341.500,615.125,164.1562,,,,0.165504,0.115360,-0.011082,,,capture
08:36:38.791694,2,617,6,22,4351.719,615.188,164.2500,0.488,-0.155,0.512,0.165504,0.115360,-0.011082,,,landing
08:36:38.804004,2,617,6,22,4351.719,615.188,164.2500,,,,0.165504,0.115360,-0.011082,,,capture
08:36:46.253102,2,618,6,23,4362.812,615.062,164.4688,,,,0.165515,0.115371,-0.011082,164.4688,86.5,periodic_af
08:36:46.818926,2,618,6,23,4362.812,615.062,164.5000,0.051,-0.155,0.163,0.165515,0.115371,-0.011082,,,landing
08:36:46.848064,2,618,6,23,4362.812,615.062,164.5000,,,,0.165515,0.115371,-0.011082,,,capture
08:36:47.681297,2,619,6,24,4373.469,614.938,164.5938,0.073,-0.144,0.161,0.165515,0.115371,-0.011082,,,landing
08:36:47.694172,2,619,6,24,4373.469,614.938,164.5938,,,,0.165515,0.115371,-0.011082,,,capture
08:36:48.755088,2,620,7,24,4373.594,600.406,164.7500,-0.577,-6.134,6.161,0.165515,0.115371,-0.011082,,,landing
08:36:49.586573,2,620,7,24,4373.031,593.844,164.7500,,,,0.165515,0.115371,-0.011082,,,capture
08:36:57.307069,2,621,8,24,4372.344,579.656,165.0312,,,,0.165528,0.115392,-0.011080,165.0312,90.6,periodic_af
08:36:57.955534,2,621,8,24,4372.344,579.656,165.0625,0.109,0.180,0.210,0.165528,0.115392,-0.011080,,,landing
08:36:57.976878,2,621,8,24,4372.344,579.656,165.0625,,,,0.165528,0.115392,-0.011080,,,capture
08:36:59.045526,2,622,9,24,4372.031,565.219,165.2188,0.236,0.438,0.498,0.165528,0.115392,-0.011080,,,landing
08:36:59.058289,2,622,9,24,4372.031,565.219,165.2188,,,,0.165528,0.115392,-0.011080,,,capture
08:37:00.062585,2,623,10,24,4371.844,550.719,165.3750,0.172,0.794,0.812,0.165528,0.115392,-0.011080,,,landing
08:37:00.073573,2,623,10,24,4371.844,550.719,165.3750,,,,0.165528,0.115392,-0.011080,,,capture
08:37:07.941430,2,624,11,24,4371.594,536.875,165.5625,,,,0.165548,0.115419,-0.011076,165.5625,86.0,periodic_af
08:37:08.521559,2,624,11,24,4371.594,536.875,165.4062,0.168,0.330,0.370,0.165548,0.115419,-0.011076,,,landing
08:37:08.546083,2,624,11,24,4371.594,536.875,165.4062,,,,0.165548,0.115419,-0.011076,,,capture
08:37:09.673218,2,625,12,24,4371.344,522.375,165.5625,0.274,0.283,0.394,0.165548,0.115419,-0.011076,,,landing
08:37:09.706144,2,625,12,24,4371.344,522.375,165.5625,,,,0.165548,0.115419,-0.011076,,,capture
08:37:10.725680,2,626,13,24,4371.188,507.969,165.7188,0.244,-0.110,0.267,0.165548,0.115419,-0.011076,,,landing
08:37:10.750718,2,626,13,24,4371.188,507.969,165.7188,,,,0.165548,0.115419,-0.011076,,,capture
08:37:18.337832,2,627,14,24,4371.000,492.938,166.0938,,,,0.165573,0.115455,-0.011070,166.0938,97.1,periodic_af
08:37:18.931182,2,627,14,24,4371.000,492.938,166.0938,0.172,0.103,0.200,0.165573,0.115455,-0.011070,,,landing
08:37:18.961748,2,627,14,24,4371.000,492.938,166.0938,,,,0.165573,0.115455,-0.011070,,,capture
08:37:20.033546,2,628,15,24,4370.750,478.188,166.2500,0.139,0.082,0.161,0.165573,0.115455,-0.011070,,,landing
08:37:20.044534,2,628,15,24,4370.750,478.188,166.2500,,,,0.165573,0.115455,-0.011070,,,capture
08:37:21.012058,2,629,16,24,4370.469,463.688,166.4062,0.173,-0.246,0.301,0.165573,0.115455,-0.011070,,,landing
08:37:21.034459,2,629,16,24,4370.469,463.688,166.4062,,,,0.165573,0.115455,-0.011070,,,capture
08:37:28.612173,2,630,17,24,4370.219,448.531,166.6250,,,,0.165591,0.115509,-0.011064,166.6250,84.8,periodic_af
08:37:29.250642,2,630,17,24,4370.219,448.531,166.6250,0.107,0.238,0.261,0.165591,0.115509,-0.011064,,,landing
08:37:29.271041,2,630,17,24,4370.219,448.531,166.6250,,,,0.165591,0.115509,-0.011064,,,capture
08:37:30.357970,2,631,18,24,4369.906,433.688,166.7812,0.200,0.819,0.843,0.165591,0.115509,-0.011064,,,landing
08:37:30.370361,2,631,18,24,4369.906,433.688,166.7812,,,,0.165591,0.115509,-0.011064,,,capture
08:37:31.307424,2,632,19,24,4369.688,419.781,166.9375,0.373,1.041,1.106,0.165591,0.115509,-0.011064,,,landing
08:37:31.434881,2,632,19,24,4369.688,419.781,166.9375,,,,0.165591,0.115509,-0.011064,,,capture
08:37:39.128573,2,633,20,24,4370.156,406.125,166.9688,,,,0.165619,0.115567,-0.011057,166.9688,101.8,periodic_af
08:37:39.703756,2,633,20,24,4370.156,406.125,166.4688,-0.476,0.923,1.038,0.165619,0.115567,-0.011057,,,landing
08:37:39.741002,2,633,20,24,4370.156,406.125,166.4688,,,,0.165619,0.115567,-0.011057,,,capture
08:37:40.860907,2,634,21,24,4369.219,392.406,166.6250,0.137,0.939,0.949,0.165619,0.115567,-0.011057,,,landing
08:37:40.872965,2,634,21,24,4369.219,392.406,166.6250,,,,0.165619,0.115567,-0.011057,,,capture
08:37:41.834129,2,635,22,24,4368.938,378.656,166.7812,0.145,1.048,1.058,0.165619,0.115567,-0.011057,,,landing
08:37:41.856082,2,635,22,24,4368.938,378.656,166.7812,,,,0.165619,0.115567,-0.011057,,,capture
08:37:49.317700,2,636,23,24,4368.656,365.156,167.1250,,,,0.165638,0.115637,-0.011051,167.1250,93.9,periodic_af
08:37:49.958993,2,636,23,24,4368.656,365.156,167.1875,0.361,1.011,1.074,0.165638,0.115637,-0.011051,,,landing
08:37:49.981028,2,636,23,24,4368.656,365.156,167.1875,,,,0.165638,0.115637,-0.011051,,,capture
08:37:51.105093,2,637,24,24,4369.094,351.625,167.3438,0.095,0.724,0.730,0.165638,0.115637,-0.011051,,,landing
08:37:51.117536,2,637,24,24,4369.094,351.625,167.3438,,,,0.165638,0.115637,-0.011051,,,capture
08:37:52.073080,2,638,24,23,4358.344,352.312,167.2188,-0.039,0.581,0.582,0.165638,0.115637,-0.011051,,,landing
08:37:52.105384,2,638,24,23,4358.344,352.312,167.2188,,,,0.165638,0.115637,-0.011051,,,capture
08:37:59.819403,2,639,24,22,4347.594,352.875,167.5312,,,,0.165672,0.115714,-0.011043,167.5312,99.2,periodic_af
08:38:00.456786,2,639,24,22,4347.594,352.875,167.5625,-0.173,0.065,0.185,0.165672,0.115714,-0.011043,,,landing
08:38:00.477414,2,639,24,22,4347.594,352.875,167.5625,,,,0.165672,0.115714,-0.011043,,,capture
08:38:01.400166,2,640,24,21,4337.062,353.500,167.4375,0.114,0.484,0.497,0.165672,0.115714,-0.011043,,,landing
08:38:01.427777,2,640,24,21,4337.062,353.500,167.4375,,,,0.165672,0.115714,-0.011043,,,capture
08:38:02.473279,2,641,24,20,4326.594,354.531,167.3125,-0.328,-0.035,0.330,0.165672,0.115714,-0.011043,,,landing
08:38:02.493970,2,641,24,20,4326.594,354.531,167.3125,,,,0.165672,0.115714,-0.011043,,,capture
08:38:10.087966,2,642,24,19,4315.844,355.031,166.9688,,,,0.165711,0.115799,-0.011035,166.9688,99.5,periodic_af
08:38:10.624588,2,642,24,19,4315.844,355.031,167.0000,0.347,-0.331,0.480,0.165711,0.115799,-0.011035,,,landing
08:38:10.650462,2,642,24,19,4315.844,355.031,167.0000,,,,0.165711,0.115799,-0.011035,,,capture
08:38:11.874324,2,643,24,18,4305.781,355.250,166.8750,-0.270,-0.021,0.271,0.165711,0.115799,-0.011035,,,landing
08:38:11.895597,2,643,24,18,4305.781,355.250,166.8750,,,,0.165711,0.115799,-0.011035,,,capture
08:38:12.818410,2,644,24,17,4295.219,355.781,166.7500,-0.511,-0.907,1.040,0.165711,0.115799,-0.011035,,,landing
08:38:12.840320,2,644,24,17,4295.219,355.781,166.7500,,,,0.165711,0.115799,-0.011035,,,capture
08:38:20.305394,2,645,24,16,4284.312,355.406,167.0312,,,,0.165771,0.115873,-0.011025,167.0312,88.8,periodic_af
08:38:21.064003,2,645,24,16,4284.312,355.406,167.0312,-0.217,-0.719,0.751,0.165771,0.115873,-0.011025,,,landing
08:38:21.091498,2,645,24,16,4284.312,355.406,167.0312,,,,0.165771,0.115873,-0.011025,,,capture
08:38:22.009237,2,646,24,15,4273.781,355.188,166.9062,-0.372,-0.492,0.617,0.165771,0.115873,-0.011025,,,landing
08:38:22.029742,2,646,24,15,4273.781,355.188,166.9062,,,,0.165771,0.115873,-0.011025,,,capture
08:38:22.992117,2,647,24,14,4263.094,355.188,166.7812,-0.283,-0.371,0.466,0.165771,0.115873,-0.011025,,,landing
08:38:23.003603,2,647,24,14,4263.094,355.188,166.7812,,,,0.165771,0.115873,-0.011025,,,capture
08:38:30.594941,2,648,24,13,4252.438,355.312,166.9062,,,,0.165856,0.115945,-0.011013,166.9062,80.3,periodic_af
08:38:31.277028,2,648,24,13,4252.438,355.312,166.8750,-0.335,-0.281,0.437,0.165856,0.115945,-0.011013,,,landing
08:38:31.306830,2,648,24,13,4252.438,355.312,166.8750,,,,0.165856,0.115945,-0.011013,,,capture
08:38:32.258971,2,649,24,12,4241.812,355.500,166.7500,-0.363,-0.260,0.446,0.165856,0.115945,-0.011013,,,landing
08:38:32.272854,2,649,24,12,4241.812,355.500,166.7500,,,,0.165856,0.115945,-0.011013,,,capture
08:38:33.254162,2,650,24,11,4231.156,355.719,166.6250,-0.167,-0.395,0.429,0.165856,0.115945,-0.011013,,,landing
08:38:33.266978,2,650,24,11,4231.156,355.719,166.6250,,,,0.165856,0.115945,-0.011013,,,capture
08:38:40.893368,2,651,24,10,4220.688,355.781,166.1250,,,,0.165956,0.116025,-0.011001,166.1250,73.6,periodic_af
08:38:41.554875,2,651,24,10,4220.688,355.781,166.0000,-0.279,-0.404,0.491,0.165956,0.116025,-0.011001,,,landing
08:38:41.575255,2,651,24,10,4220.688,355.781,166.0000,,,,0.165956,0.116025,-0.011001,,,capture
08:38:42.492708,2,652,24,9,4209.750,355.844,165.8750,0.043,-0.376,0.379,0.165956,0.116025,-0.011001,,,landing
08:38:42.504887,2,652,24,9,4209.750,355.844,165.8750,,,,0.165956,0.116025,-0.011001,,,capture
08:38:43.599552,2,653,24,8,4199.219,355.938,165.7500,0.047,-0.403,0.406,0.165956,0.116025,-0.011001,,,landing
08:38:43.621426,2,653,24,8,4199.219,355.938,165.7500,,,,0.165956,0.116025,-0.011001,,,capture
08:38:51.211644,2,654,24,7,4188.781,355.969,165.6250,,,,0.166071,0.116109,-0.010990,165.6250,90.4,periodic_af
08:38:51.856701,2,654,24,7,4188.781,355.969,165.5625,-0.230,-0.310,0.386,0.166071,0.116109,-0.010990,,,landing
08:38:51.876726,2,654,24,7,4188.781,355.969,165.5625,,,,0.166071,0.116109,-0.010990,,,capture
08:38:52.823455,2,655,24,6,4178.031,356.094,165.4375,-0.099,-0.342,0.356,0.166071,0.116109,-0.010990,,,landing
08:38:52.850796,2,655,24,6,4178.031,356.094,165.4375,,,,0.166071,0.116109,-0.010990,,,capture
08:38:53.851280,2,656,23,6,4177.875,370.188,165.2500,0.134,0.243,0.278,0.166071,0.116109,-0.010990,,,landing
08:38:53.864370,2,656,23,6,4177.875,370.188,165.2500,,,,0.166071,0.116109,-0.010990,,,capture
08:39:01.824336,2,657,22,6,4177.938,384.562,165.2500,,,,0.166200,0.116188,-0.010978,165.2500,94.4,periodic_af
08:39:02.457327,2,657,22,6,4177.938,384.562,165.2812,0.446,-0.404,0.601,0.166200,0.116188,-0.010978,,,landing
08:39:02.480789,2,657,22,6,4177.938,384.562,165.2812,,,,0.166200,0.116188,-0.010978,,,capture
08:39:03.572001,2,658,21,6,4178.312,398.125,165.0938,0.400,-0.157,0.429,0.166200,0.116188,-0.010978,,,landing
08:39:03.599094,2,658,21,6,4178.312,398.125,165.0938,,,,0.166200,0.116188,-0.010978,,,capture
08:39:04.522872,2,659,20,6,4178.625,411.969,164.9375,0.360,-0.301,0.469,0.166200,0.116188,-0.010978,,,landing
08:39:04.548988,2,659,20,6,4178.625,411.969,164.9375,,,,0.166200,0.116188,-0.010978,,,capture
08:39:12.061218,2,660,19,6,4178.906,426.156,164.5000,,,,0.166349,0.116281,-0.010968,164.5000,97.1,periodic_af
08:39:12.614495,2,660,19,6,4178.906,426.156,164.6250,0.414,-0.573,0.707,0.166349,0.116281,-0.010968,,,landing
08:39:12.643459,2,660,19,6,4178.906,426.156,164.6250,,,,0.166349,0.116281,-0.010968,,,capture
08:39:13.619271,2,661,18,6,4179.250,439.844,164.4375,0.104,0.101,0.144,0.166349,0.116281,-0.010968,,,landing
08:39:13.639839,2,661,18,6,4179.250,439.844,164.4375,,,,0.166349,0.116281,-0.010968,,,capture
08:39:14.627256,2,662,17,6,4179.281,454.062,164.2812,0.312,0.360,0.476,0.166349,0.116281,-0.010968,,,landing
08:39:14.660752,2,662,17,6,4179.281,454.062,164.2812,,,,0.166349,0.116281,-0.010968,,,capture
08:39:22.380503,2,663,16,6,4179.500,468.375,164.3438,,,,0.166505,0.116363,-0.010957,164.3438,73.7,periodic_af
08:39:23.053561,2,663,16,6,4179.500,468.375,164.3438,0.342,1.172,1.221,0.166505,0.116363,-0.010957,,,landing
08:39:23.073642,2,663,16,6,4179.500,468.375,164.3438,,,,0.166505,0.116363,-0.010957,,,capture
08:39:24.175719,2,664,15,6,4179.750,483.500,164.1562,0.478,4.685,4.709,0.166505,0.116363,-0.010957,,,landing
08:39:25.014045,2,664,15,6,4180.219,488.344,164.1562,,,,0.166505,0.116363,-0.010957,,,capture
08:39:26.063411,2,665,14,6,4180.188,503.969,163.9688,-0.223,-0.169,0.280,0.166505,0.116363,-0.010957,,,landing
08:39:26.076910,2,665,14,6,4180.188,503.969,163.9688,,,,0.166505,0.116363,-0.010957,,,capture
08:39:33.683363,2,666,13,6,4180.406,518.312,163.4375,,,,0.166678,0.116455,-0.010947,163.4375,93.6,periodic_af
08:39:34.379509,2,666,13,6,4180.406,518.312,163.3125,-0.197,0.346,0.398,0.166678,0.116455,-0.010947,,,landing
08:39:34.408802,2,666,13,6,4180.406,518.312,163.3125,,,,0.166678,0.116455,-0.010947,,,capture
08:39:35.447649,2,667,12,6,4180.656,533.188,163.1250,-0.253,0.156,0.298,0.166678,0.116455,-0.010947,,,landing
08:39:35.459951,2,667,12,6,4180.656,533.188,163.1250,,,,0.166678,0.116455,-0.010947,,,capture
08:39:36.411057,2,668,11,6,4180.844,547.438,162.9375,-0.239,0.426,0.489,0.166678,0.116455,-0.010947,,,landing
08:39:36.430993,2,668,11,6,4180.844,547.438,162.9375,,,,0.166678,0.116455,-0.010947,,,capture
08:39:44.043789,2,669,10,6,4181.062,561.969,162.9062,,,,0.166851,0.116540,-0.010938,162.9062,88.9,periodic_af
08:39:44.652904,2,669,10,6,4181.062,561.969,162.8438,-0.204,-0.027,0.206,0.166851,0.116540,-0.010938,,,landing
08:39:44.674619,2,669,10,6,4181.062,561.969,162.8438,,,,0.166851,0.116540,-0.010938,,,capture
08:39:45.616965,2,670,9,6,4181.281,576.469,162.6875,0.209,-0.315,0.378,0.166851,0.116540,-0.010938,,,landing
08:39:45.643868,2,670,9,6,4181.281,576.469,162.6875,,,,0.166851,0.116540,-0.010938,,,capture
08:39:46.493708,2,671,8,6,4181.938,590.406,162.5000,0.024,-0.280,0.281,0.166851,0.116540,-0.010938,,,landing
08:39:46.520502,2,671,8,6,4181.938,590.406,162.5000,,,,0.166851,0.116540,-0.010938,,,capture
08:39:54.126439,2,672,7,6,4181.875,604.625,162.2500,,,,0.167009,0.116613,-0.010928,162.2500,87.1,periodic_af
08:39:54.761600,2,672,7,6,4181.875,604.625,161.8438,0.568,-0.667,0.876,0.167009,0.116613,-0.010928,,,landing
08:39:54.779555,2,672,7,6,4181.875,604.625,161.8438,,,,0.167009,0.116613,-0.010928,,,capture
08:39:55.753758,2,673,7,7,4192.938,603.500,161.9375,0.189,-0.287,0.344,0.167009,0.116613,-0.010928,,,landing
08:39:55.767113,2,673,7,7,4192.938,603.500,161.9375,,,,0.167009,0.116613,-0.010928,,,capture
08:39:56.771823,2,674,7,8,4203.562,602.781,162.0312,-0.302,-0.087,0.314,0.167009,0.116613,-0.010928,,,landing
08:39:56.794411,2,674,7,8,4203.562,602.781,162.0312,,,,0.167009,0.116613,-0.010928,,,capture
08:40:04.416448,2,675,7,9,4213.656,602.250,162.4688,,,,0.167162,0.116681,-0.010919,162.4688,74.7,periodic_af
08:40:05.065295,2,675,7,9,4213.656,602.250,162.5000,-0.223,-0.137,0.262,0.167162,0.116681,-0.010919,,,landing
08:40:05.090007,2,675,7,9,4213.656,602.250,162.5000,,,,0.167162,0.116681,-0.010919,,,capture
08:40:06.187444,2,676,7,10,4223.625,601.688,162.5938,0.325,0.260,0.416,0.167162,0.116681,-0.010919,,,landing
08:40:06.217456,2,676,7,10,4223.625,601.688,162.5938,,,,0.167162,0.116681,-0.010919,,,capture
08:40:07.134071,2,677,7,11,4234.219,601.500,162.6875,0.383,0.476,0.611,0.167162,0.116681,-0.010919,,,landing
08:40:07.164442,2,677,7,11,4234.219,601.500,162.6875,,,,0.167162,0.116681,-0.010919,,,capture
08:40:14.714945,2,678,7,12,4244.812,601.562,163.1562,,,,0.167286,0.116741,-0.010908,163.1562,82.0,periodic_af
08:40:15.350840,2,678,7,12,4244.812,601.562,163.1562,0.332,0.348,0.481,0.167286,0.116741,-0.010908,,,landing
08:40:15.376600,2,678,7,12,4244.812,601.562,163.1562,,,,0.167286,0.116741,-0.010908,,,capture
08:40:16.359973,2,679,7,13,4255.531,601.469,163.2500,0.281,0.337,0.439,0.167286,0.116741,-0.010908,,,landing
08:40:16.372365,2,679,7,13,4255.531,601.469,163.2500,,,,0.167286,0.116741,-0.010908,,,capture
08:40:17.356650,2,680,7,14,4266.375,601.375,163.3750,0.088,0.332,0.343,0.167286,0.116741,-0.010908,,,landing
08:40:17.372858,2,680,7,14,4266.375,601.375,163.3750,,,,0.167286,0.116741,-0.010908,,,capture
08:40:25.114758,2,681,7,15,4276.562,601.281,163.3438,,,,0.167389,0.116797,-0.010896,163.3438,69.6,periodic_af
08:40:25.757263,2,681,7,15,4276.562,601.281,163.2188,0.269,0.240,0.360,0.167389,0.116797,-0.010896,,,landing
08:40:25.778626,2,681,7,15,4276.562,601.281,163.2188,,,,0.167389,0.116797,-0.010896,,,capture
08:40:26.854583,2,682,7,16,4287.250,601.094,163.3125,0.255,0.338,0.423,0.167389,0.116797,-0.010896,,,landing
08:40:26.879520,2,682,7,16,4287.250,601.094,163.3125,,,,0.167389,0.116797,-0.010896,,,capture
08:40:27.805887,2,683,7,17,4297.875,601.000,163.4062,0.325,0.388,0.507,0.167389,0.116797,-0.010896,,,landing
08:40:27.826197,2,683,7,17,4297.875,601.000,163.4062,,,,0.167389,0.116797,-0.010896,,,capture
08:40:35.472037,2,684,7,18,4308.594,600.969,163.8750,,,,0.167479,0.116854,-0.010884,163.8750,79.9,periodic_af
08:40:36.009918,2,684,7,18,4308.594,600.969,163.8438,0.152,0.336,0.369,0.167479,0.116854,-0.010884,,,landing
08:40:36.037331,2,684,7,18,4308.594,600.969,163.8438,,,,0.167479,0.116854,-0.010884,,,capture
08:40:36.919860,2,685,7,19,4319.156,600.875,163.9375,0.295,0.325,0.439,0.167479,0.116854,-0.010884,,,landing
08:40:36.944487,2,685,7,19,4319.156,600.875,163.9375,,,,0.167479,0.116854,-0.010884,,,capture
08:40:37.889347,2,686,7,20,4329.875,600.781,164.0312,0.349,0.530,0.635,0.167479,0.116854,-0.010884,,,landing
08:40:37.914877,2,686,7,20,4329.875,600.781,164.0312,,,,0.167479,0.116854,-0.010884,,,capture
08:40:45.617428,2,687,7,21,4340.906,601.312,164.3750,,,,0.167557,0.116913,-0.010871,164.3750,81.0,periodic_af
08:40:46.252748,2,687,7,21,4340.906,601.312,164.3438,-0.057,0.122,0.135,0.167557,0.116913,-0.010871,,,landing
08:40:46.273530,2,687,7,21,4340.906,601.312,164.3438,,,,0.167557,0.116913,-0.010871,,,capture
08:40:47.255124,2,688,7,22,4351.125,601.469,164.4375,0.496,-0.161,0.521,0.167557,0.116913,-0.010871,,,landing
08:40:47.267800,2,688,7,22,4351.125,601.469,164.4375,,,,0.167557,0.116913,-0.010871,,,capture
08:40:48.253955,2,689,7,23,4362.500,601.344,164.5312,0.005,-0.122,0.122,0.167557,0.116913,-0.010871,,,landing
08:40:48.266290,2,689,7,23,4362.500,601.344,164.5312,,,,0.167557,0.116913,-0.010871,,,capture
08:40:55.864969,2,690,8,23,4362.594,586.562,164.6875,,,,0.167625,0.116978,-0.010857,164.6875,50.6,periodic_af
08:40:56.457757,2,690,8,23,4362.594,586.562,164.6562,-0.580,-6.149,6.177,0.167625,0.116978,-0.010857,,,landing
08:40:57.368896,2,690,8,23,4362.000,580.125,164.6562,,,,0.167625,0.116978,-0.010857,,,capture
08:40:58.506969,2,691,9,23,4361.281,566.219,164.8125,0.260,-0.297,0.395,0.167625,0.116978,-0.010857,,,landing
08:40:58.518844,2,691,9,23,4361.281,566.219,164.8125,,,,0.167625,0.116978,-0.010857,,,capture
08:40:59.571402,2,692,10,23,4361.062,551.156,164.9688,0.224,0.695,0.731,0.167625,0.116978,-0.010857,,,landing
08:40:59.592048,2,692,10,23,4361.062,551.156,164.9688,,,,0.167625,0.116978,-0.010857,,,capture
08:41:07.106663,2,693,11,23,4360.844,537.406,165.5625,,,,0.167676,0.117062,-0.010841,165.5625,83.9,periodic_af
08:41:07.780532,2,693,11,23,4360.844,537.406,165.5625,0.189,0.122,0.225,0.167676,0.117062,-0.010841,,,landing
08:41:07.798778,2,693,11,23,4360.844,537.406,165.5625,,,,0.167676,0.117062,-0.010841,,,capture
08:41:08.844877,2,694,12,23,4360.562,522.688,165.7188,0.237,0.221,0.324,0.167676,0.117062,-0.010841,,,landing
08:41:08.871413,2,694,12,23,4360.562,522.688,165.7188,,,,0.167676,0.117062,-0.010841,,,capture
08:41:09.856095,2,695,13,23,4360.344,508.281,165.8750,0.248,-0.078,0.260,0.167676,0.117062,-0.010841,,,landing
08:41:09.867999,2,695,13,23,4360.344,508.281,165.8750,,,,0.167676,0.117062,-0.010841,,,capture
08:41:17.286451,2,696,14,23,4360.125,493.438,165.8750,,,,0.167726,0.117154,-0.010825,165.8750,82.2,periodic_af
08:41:17.958168,2,696,14,23,4360.125,493.438,165.3750,0.208,0.038,0.211,0.167726,0.117154,-0.010825,,,landing
08:41:17.978036,2,696,14,23,4360.125,493.438,165.3750,,,,0.167726,0.117154,-0.010825,,,capture
08:41:18.958439,2,697,15,23,4359.875,478.594,165.5312,0.271,-0.005,0.271,0.167726,0.117154,-0.010825,,,landing
08:41:19.088976,2,697,15,23,4359.875,478.594,165.5312,,,,0.167726,0.117154,-0.010825,,,capture
08:41:20.178528,2,698,16,23,4359.688,463.688,165.6875,0.196,0.143,0.243,0.167726,0.117154,-0.010825,,,landing
08:41:20.192461,2,698,16,23,4359.688,463.688,165.6875,,,,0.167726,0.117154,-0.010825,,,capture
08:41:27.546992,2,699,17,23,4359.406,448.969,166.2188,,,,0.167776,0.117256,-0.010807,166.2188,93.4,periodic_af
08:41:28.164337,2,699,17,23,4359.406,448.969,166.2188,0.215,0.183,0.282,0.167776,0.117256,-0.010807,,,landing
08:41:28.198015,2,699,17,23,4359.406,448.969,166.2188,,,,0.167776,0.117256,-0.010807,,,capture
08:41:29.359961,2,700,18,23,4359.156,434.312,166.3750,0.237,1.142,1.166,0.167776,0.117256,-0.010807,,,landing
08:41:29.373644,2,700,18,23,4359.156,434.312,166.3750,,,,0.167776,0.117256,-0.010807,,,capture
08:41:30.332105,2,701,19,23,4358.938,420.844,166.5312,0.169,0.223,0.280,0.167776,0.117256,-0.010807,,,landing
08:41:30.357268,2,701,19,23,4358.938,420.844,166.5312,,,,0.167776,0.117256,-0.010807,,,capture
08:41:38.088076,2,702,20,23,4358.656,406.281,166.6562,,,,0.167833,0.117367,-0.010788,166.6562,93.3,periodic_af
08:41:38.760763,2,702,20,23,4358.656,406.281,166.3125,0.088,1.112,1.115,0.167833,0.117367,-0.010788,,,landing
08:41:38.783494,2,702,20,23,4358.656,406.281,166.3125,,,,0.167833,0.117367,-0.010788,,,capture
08:41:39.755091,2,703,21,23,4358.281,392.781,166.4688,0.276,0.850,0.894,0.167833,0.117367,-0.010788,,,landing
08:41:39.766888,2,703,21,23,4358.281,392.781,166.4688,,,,0.167833,0.117367,-0.010788,,,capture
08:41:40.850615,2,704,22,23,4358.094,379.125,166.6250,0.219,0.888,0.914,0.167833,0.117367,-0.010788,,,landing
08:41:40.863055,2,704,22,23,4358.094,379.125,166.6250,,,,0.167833,0.117367,-0.010788,,,capture
08:41:48.578753,2,705,23,23,4357.875,365.375,166.6250,,,,0.167888,0.117489,-0.010769,166.6250,87.6,periodic_af
08:41:49.258044,2,705,23,23,4357.875,365.375,166.5000,0.080,1.143,1.146,0.167888,0.117489,-0.010769,,,landing
08:41:49.277236,2,705,23,23,4357.875,365.375,166.5000,,,,0.167888,0.117489,-0.010769,,,capture
08:41:50.121732,2,706,23,22,4347.594,366.969,166.3750,-0.302,0.494,0.579,0.167888,0.117489,-0.010769,,,landing
08:41:50.148199,2,706,23,22,4347.594,366.969,166.3750,,,,0.167888,0.117489,-0.010769,,,capture
08:41:51.057867,2,707,23,21,4337.000,367.906,166.2500,0.103,0.051,0.115,0.167888,0.117489,-0.010769,,,landing
08:41:51.075506,2,707,23,21,4337.000,367.906,166.2500,,,,0.167888,0.117489,-0.010769,,,capture
08:41:58.939052,2,708,23,20,4326.406,367.938,166.1875,,,,0.167942,0.117627,-0.010749,166.1875,75.2,periodic_af
08:41:59.551190,2,708,23,20,4326.406,367.938,166.0000,0.129,-0.016,0.129,0.167942,0.117627,-0.010749,,,landing
08:41:59.575188,2,708,23,20,4326.406,367.938,166.0000,,,,0.167942,0.117627,-0.010749,,,capture
08:42:00.711412,2,709,23,19,4315.812,368.656,165.8750,199.571,24.907,201.119,0.167942,0.117627,-0.010749,,,landing
08:55:16.562665,2,709,23,19,4315.812,368.656,163.6250,,,,0.167942,0.117627,-0.010749,,,capture
08:55:17.625483,2,710,23,18,4307.000,369.031,163.5000,-1.826,-1.321,2.254,0.167942,0.117627,-0.010749,,,landing
08:55:18.411511,2,710,23,18,4304.844,367.281,163.5000,,,,0.167942,0.117627,-0.010749,,,capture
08:55:25.965790,2,711,23,17,4295.062,367.594,163.8125,,,,0.167962,0.117766,-0.010734,163.8125,38.8,periodic_af
08:55:26.686852,2,711,23,17,4295.062,367.594,163.5625,-0.059,0.056,0.082,0.167962,0.117766,-0.010734,,,landing
08:55:26.714706,2,711,23,17,4295.062,367.594,163.5625,,,,0.167962,0.117766,-0.010734,,,capture
08:55:27.780324,2,712,23,16,4285.281,368.469,163.4375,-0.370,0.044,0.373,0.167962,0.117766,-0.010734,,,landing
08:55:27.806091,2,712,23,16,4285.281,368.469,163.4375,,,,0.167962,0.117766,-0.010734,,,capture
08:55:28.750297,2,713,23,15,4274.938,369.000,163.3125,-0.351,-0.199,0.404,0.167962,0.117766,-0.010734,,,landing
08:55:28.777709,2,713,23,15,4274.938,369.000,163.3125,,,,0.167962,0.117766,-0.010734,,,capture
08:55:36.218701,2,714,23,14,4264.594,369.281,163.6562,,,,0.167959,0.117921,-0.010722,163.6562,50.3,periodic_af
08:55:36.815119,2,714,23,14,4264.594,369.281,163.6562,-0.521,-0.290,0.596,0.167959,0.117921,-0.010722,,,landing
08:55:36.840718,2,714,23,14,4264.594,369.281,163.6562,,,,0.167959,0.117921,-0.010722,,,capture
08:55:37.868939,2,715,23,13,4254.125,369.469,163.5312,-0.830,-0.384,0.915,0.167959,0.117921,-0.010722,,,landing
08:55:37.895412,2,715,23,13,4254.125,369.469,163.5312,,,,0.167959,0.117921,-0.010722,,,capture
08:55:38.968661,2,716,23,12,4243.188,369.562,163.4062,-0.540,-0.367,0.653,0.167959,0.117921,-0.010722,,,landing
08:55:38.994822,2,716,23,12,4243.188,369.562,163.4062,,,,0.167959,0.117921,-0.010722,,,capture
08:55:46.675218,2,717,23,11,4232.562,369.656,163.6250,,,,0.167945,0.118099,-0.010713,163.6250,89.5,periodic_af
08:55:47.218517,2,717,23,11,4232.562,369.656,163.8125,-0.338,-0.415,0.535,0.167945,0.118099,-0.010713,,,landing
08:55:47.246077,2,717,23,11,4232.562,369.656,163.8125,,,,0.167945,0.118099,-0.010713,,,capture
08:55:48.197821,2,718,23,10,4222.031,369.688,163.6875,-0.731,-0.578,0.932,0.167945,0.118099,-0.010713,,,landing
08:55:48.231132,2,718,23,10,4222.031,369.688,163.6875,,,,0.167945,0.118099,-0.010713,,,capture
08:55:49.122160,2,719,23,9,4211.188,369.531,163.5625,-0.546,-0.406,0.681,0.167945,0.118099,-0.010713,,,landing
08:55:49.147325,2,719,23,9,4211.188,369.531,163.5625,,,,0.167945,0.118099,-0.010713,,,capture
08:55:56.732743,2,720,23,8,4200.688,369.531,163.2812,,,,0.167916,0.118294,-0.010706,163.2812,86.6,periodic_af
08:55:57.287386,2,720,23,8,4200.688,369.531,163.2812,-0.434,-0.236,0.494,0.167916,0.118294,-0.010706,,,landing
08:55:57.321743,2,720,23,8,4200.688,369.531,163.2812,,,,0.167916,0.118294,-0.010706,,,capture
08:55:58.231495,2,721,23,7,4190.188,369.719,163.1562,-0.513,-0.273,0.581,0.167916,0.118294,-0.010706,,,landing
08:55:58.252063,2,721,23,7,4190.188,369.719,163.1562,,,,0.167916,0.118294,-0.010706,,,capture
08:55:59.251076,2,722,22,7,4190.125,384.000,162.9688,-0.441,0.491,0.660,0.167916,0.118294,-0.010706,,,landing
08:55:59.264158,2,722,22,7,4190.125,384.000,162.9688,,,,0.167916,0.118294,-0.010706,,,capture
08:56:06.955870,2,723,21,7,4189.625,399.000,162.3438,,,,0.167875,0.118518,-0.010703,162.3438,78.4,periodic_af
08:56:07.560624,2,723,21,7,4189.625,399.000,162.3750,0.066,-1.102,1.104,0.167875,0.118518,-0.010703,,,landing
08:56:07.583682,2,723,21,7,4189.625,399.000,162.3750,,,,0.167875,0.118518,-0.010703,,,capture
08:56:08.665171,2,724,20,7,4189.625,412.250,162.1875,0.268,-0.564,0.625,0.167875,0.118518,-0.010703,,,landing
08:56:08.676494,2,724,20,7,4189.625,412.250,162.1875,,,,0.167875,0.118518,-0.010703,,,capture
08:56:09.661136,2,725,19,7,4189.812,425.750,162.0000,0.410,-0.045,0.413,0.167875,0.118518,-0.010703,,,landing
08:56:09.674670,2,725,19,7,4189.812,425.750,162.0000,,,,0.167875,0.118518,-0.010703,,,capture
08:56:17.407535,2,726,18,7,4190.125,439.750,162.2812,,,,0.167853,0.118768,-0.010701,162.2812,63.8,periodic_af
08:56:18.152002,2,726,18,7,4190.125,439.750,162.2812,0.140,-0.104,0.174,0.167853,0.118768,-0.010701,,,landing
08:56:18.214660,2,726,18,7,4190.125,439.750,162.2812,,,,0.167853,0.118768,-0.010701,,,capture
08:56:19.121321,2,727,17,7,4190.188,453.719,162.0938,0.275,0.459,0.535,0.167853,0.118768,-0.010701,,,landing
08:56:19.143130,2,727,17,7,4190.188,453.719,162.0938,,,,0.167853,0.118768,-0.010701,,,capture
08:56:20.147274,2,728,16,7,4190.375,468.406,161.9062,0.558,1.331,1.443,0.167853,0.118768,-0.010701,,,landing
08:56:20.162279,2,728,16,7,4190.375,468.406,161.9062,,,,0.167853,0.118768,-0.010701,,,capture
08:56:27.842565,2,729,15,7,4191.531,484.281,161.8438,,,,0.167841,0.119027,-0.010701,161.8438,51.4,periodic_af
08:56:28.434336,2,729,15,7,4191.531,484.281,161.8438,-7.189,-226.811,226.925,0.167841,0.119027,-0.010701,,,landing
09:01:27.450298,2,729,15,7,4191.531,484.281,157.5625,,,,0.167841,0.119027,-0.010701,,,capture
